symbol,direction,entry_time,exit_time,entry_price,exit_price,qty,pnl,return_pct,reason
BTCUSDT,LONG,2021-01-03 06:00:00+00:00,2021-01-03 07:00:00+00:00,33792.428669999994,34264.509911279994,0.039496026749079094,15.957354666666694,1.3970029970030051,TP1_HALF
BTCUSDT,LONG,2021-01-03 06:00:00+00:00,2021-01-03 08:00:00+00:00,33792.428669999994,34237.45822005,0.039496026749079094,14.88998878055947,1.3169504754924288,STOP
SOLUSDT,SHORT,2021-01-03 10:00:00+00:00,2021-01-03 11:00:00+00:00,2.1534444,2.3669554194,118.76648129113259,-25.89482447159994,-9.914861019861942,STOP
SOLUSDT,SHORT,2021-01-03 13:00:00+00:00,2021-01-03 14:00:00+00:00,2.2442535,2.0131753785,53.65407770844205,12.169855067796608,10.296435830444285,TP1_HALF
BTCUSDT,LONG,2021-01-03 08:00:00+00:00,2021-01-03 15:00:00+00:00,34486.79233999999,32850.70232551714,0.02502696387610028,-42.6316187370118,-4.744106086622657,STOP
ETHUSDT,LONG,2021-01-03 15:00:00+00:00,2021-01-03 16:00:00+00:00,913.2923799999999,946.0375383342856,0.5920959552854185,18.287374080724305,3.5853970810843405,TP1_HALF
XRPUSDT,SHORT,2021-01-03 08:00:00+00:00,2021-01-03 17:00:00+00:00,0.21767211,0.23693416460999997,1318.0892306157314,-25.988318375706836,-8.849114666091108,STOP
ETHUSDT,LONG,2021-01-03 15:00:00+00:00,2021-01-03 17:00:00+00:00,913.2923799999999,943.3635492857143,0.5920959552854185,16.705699238687846,3.29261142918047,STOP
ETHUSDT,LONG,2021-01-03 17:00:00+00:00,2021-01-03 18:00:00+00:00,936.1952599999998,892.753041882857,0.9385504777296643,-42.48927486995569,-4.640294602339989,STOP
SOLUSDT,SHORT,2021-01-03 13:00:00+00:00,2021-01-03 23:00:00+00:00,2.2442535,2.1290161749999994,53.65407770844205,5.948308639480608,5.1347730993847485,STOP
XRPUSDT,SHORT,2021-01-03 19:00:00+00:00,2021-01-04 06:00:00+00:00,0.22510467,0.24233640717,1462.8038857215774,-25.89042671403907,-7.654988752565628,STOP
XRPUSDT,SHORT,2021-01-04 06:00:00+00:00,2021-01-04 07:00:00+00:00,0.23341635,0.24939084884999996,1577.2398723885276,-25.95711929234706,-6.843778874101991,STOP
BTCUSDT,LONG,2021-01-03 18:00:00+00:00,2021-01-04 09:00:00+00:00,32942.17926999999,31117.953738587137,0.022176425002252285,-41.87542541987026,-5.537658927969447,STOP
SOLUSDT,LONG,2021-01-04 00:00:00+00:00,2021-01-04 10:00:00+00:00,2.1800779,1.8819761828142858,83.94965313673278,-25.36654378848004,-13.673902074128375,STOP
XRPUSDT,SHORT,2021-01-04 08:00:00+00:00,2021-01-04 10:00:00+00:00,0.23971005,0.22182451004999995,683.0941714604808,11.902236525370887,7.461322522772851,TP1_HALF
XRPUSDT,SHORT,2021-01-04 08:00:00+00:00,2021-01-04 16:00:00+00:00,0.23971005,0.23634325,683.0941714604808,1.974652221938621,1.4045301813586875,STOP
SOLUSDT,LONG,2021-01-04 11:00:00+00:00,2021-01-04 19:00:00+00:00,2.0361341,2.354648523042857,38.33220407445795,12.04105148918397,15.643096544714673,TP1_HALF
SOLUSDT,LONG,2021-01-04 11:00:00+00:00,2021-01-05 03:00:00+00:00,2.0361341,2.186240142857143,38.33220407445795,5.592042556453411,7.372109865315024,STOP
BTCUSDT,LONG,2021-01-04 12:00:00+00:00,2021-01-05 18:00:00+00:00,30773.80306,33360.80279158286,0.007510143538376054,18.947079222205033,8.406499926378807,TP1_HALF
XRPUSDT,SHORT,2021-01-04 17:00:00+00:00,2021-01-06 14:00:00+00:00,0.23183793,0.25291809542999993,1181.3398052517387,-25.47550011242664,-9.09263011018082,STOP
XRPUSDT,SHORT,2021-01-06 14:00:00+00:00,2021-01-06 15:00:00+00:00,0.23138838,0.25160580588,1233.6987055711197,-25.538081440054555,-8.737442165419008,STOP
XRPUSDT,SHORT,2021-01-06 16:00:00+00:00,2021-01-07 03:00:00+00:00,0.24633342,0.26837295342,1128.4639036232456,-25.451645480537486,-8.947033423235883,STOP
SOLUSDT,LONG,2021-01-05 05:00:00+00:00,2021-01-07 12:00:00+00:00,2.2099076999999996,2.6246661208714284,29.52716957643881,12.103890945287972,18.76813320626145,TP1_HALF
BTCUSDT,LONG,2021-01-04 12:00:00+00:00,2021-01-07 18:00:00+00:00,30773.80306,37117.45146535714,0.007510143538376054,47.13183701473663,20.61379411894222,STOP
SOLUSDT,LONG,2021-01-05 05:00:00+00:00,2021-01-07 18:00:00+00:00,2.2099076999999996,2.230381671428572,29.52716957643881,0.47342924903598455,0.9264627399855785,STOP
BTCUSDT,LONG,2021-01-07 18:00:00+00:00,2021-01-07 19:00:00+00:00,39772.65291999999,37542.472510294276,0.0179906310584507,-41.51330084165425,-5.607321226953543,STOP
BTCUSDT,LONG,2021-01-07 20:00:00+00:00,2021-01-08 02:00:00+00:00,39101.062,36565.34219871429,0.015717630430413302,-41.044803288883536,-6.485040742079362,STOP
SOLUSDT,LONG,2021-01-08 10:00:00+00:00,2021-01-08 11:00:00+00:00,2.7306278999999996,3.0839729828142852,34.294774309906195,11.918479443652744,12.940067111095054,TP1_HALF
SOLUSDT,LONG,2021-01-08 10:00:00+00:00,2021-01-08 13:00:00+00:00,2.7306278999999996,3.440124289285714,34.294774309906195,24.120393990593012,25.982902660802477,STOP
SOLUSDT,LONG,2021-01-08 13:00:00+00:00,2021-01-08 20:00:00+00:00,3.6454417999999995,3.178674229628571,52.93005418330613,-25.067233621971287,-12.80414270696706,STOP
ETHUSDT,LONG,2021-01-08 02:00:00+00:00,2021-01-09 21:00:00+00:00,1185.7045199999998,1282.0229994085712,0.20038584018313205,18.806361769128564,8.123312156098672,TP1_HALF
ETHUSDT,LONG,2021-01-08 02:00:00+00:00,2021-01-10 12:00:00+00:00,1185.7045199999998,1249.4774860714285,0.20038584018313205,12.291223394908156,5.378487219685124,STOP
BTCUSDT,LONG,2021-01-10 13:00:00+00:00,2021-01-10 20:00:00+00:00,39578.10857,36989.82814357286,0.015398041577407904,-41.03344589312809,-6.539676907119918,STOP
XRPUSDT,LONG,2021-01-09 03:00:00+00:00,2021-01-11 03:00:00+00:00,0.31846814999999995,0.2590049572071428,413.4007570488498,-24.82085673680365,-18.671629421296032,STOP
BTCUSDT,LONG,2021-01-10 21:00:00+00:00,2021-01-11 03:00:00+00:00,37756.59887999999,35227.487558262845,0.015686668080807122,-40.818206982639964,-6.698461717315429,STOP
BTCUSDT,LONG,2021-01-11 05:00:00+00:00,2021-01-11 06:00:00+00:00,35579.543999999994,32562.31872921428,0.01301923986530615,-40.16913478376293,-8.480224678499859,STOP
SOLUSDT,LONG,2021-01-09 18:00:00+00:00,2021-01-11 14:00:00+00:00,3.2532499999999995,2.693614403571428,43.945452438868614,-24.854777132757206,-17.202354458728088,STOP
BTCUSDT,LONG,2021-01-11 08:00:00+00:00,2021-01-11 14:00:00+00:00,34409.715339999995,31267.766631445713,0.012440148018160903,-39.90334459706964,-9.1309930277217,STOP
SOLUSDT,LONG,2021-01-11 15:00:00+00:00,2021-01-12 04:00:00+00:00,2.8321292999999996,3.3515993456999995,22.97488972341538,11.792696530860564,18.342031407252477,TP1_HALF
BTCUSDT,LONG,2021-01-11 15:00:00+00:00,2021-01-12 07:00:00+00:00,33332.41912,36499.09063659429,0.0059999100571088365,18.580761502282474,9.500275108128097,TP1_HALF
BTCUSDT,LONG,2021-01-11 15:00:00+00:00,2021-01-12 13:00:00+00:00,33332.41912,33391.368064285714,0.0059999100571088365,-0.04664835809957152,0.17685168326215805,STOP
SOLUSDT,LONG,2021-01-11 15:00:00+00:00,2021-01-13 04:00:00+00:00,2.8321292999999996,3.3538178249999997,22.97488972341538,11.843614878814476,18.420363964314767,STOP
BTCUSDT,LONG,2021-01-12 15:00:00+00:00,2021-01-13 22:00:00+00:00,33459.89647,37599.16930674428,0.0046157590226427875,18.777894419383056,12.370847711544886,TP1_HALF
BTCUSDT,LONG,2021-01-12 15:00:00+00:00,2021-01-15 15:00:00+00:00,33459.89647,35887.16726678571,0.0046157590226427875,10.88360774552415,7.254268700329036,STOP
SOLUSDT,LONG,2021-01-13 21:00:00+00:00,2021-01-15 15:00:00+00:00,3.5219183999999997,3.115781642314285,59.87109273949842,-24.713257839130993,-11.531691298859014,STOP
SOLUSDT,LONG,2021-01-15 17:00:00+00:00,2021-01-16 04:00:00+00:00,3.1741709999999994,3.4610529111428567,41.573595773624774,11.650862491868748,9.038010590571766,TP1_HALF
SOLUSDT,LONG,2021-01-15 17:00:00+00:00,2021-01-16 21:00:00+00:00,3.1741709999999994,3.414335817857143,41.573595773624774,9.710607137441738,7.566221790103422,STOP
SOLUSDT,LONG,2021-01-16 21:00:00+00:00,2021-01-16 22:00:00+00:00,3.6068032,3.3013235718,80.06914465313692,-25.01262034070575,-8.469539679902693,STOP
BTCUSDT,LONG,2021-01-15 17:00:00+00:00,2021-01-17 10:00:00+00:00,36187.241089999996,33869.49340748142,0.016912879927932896,-40.38464939638034,-6.404875344749783,STOP
SOLUSDT,LONG,2021-01-17 01:00:00+00:00,2021-01-17 17:00:00+00:00,3.5368332999999996,3.8541253167,37.57179236292989,11.64353820735803,8.971076377843424,TP1_HALF
SOLUSDT,LONG,2021-01-17 01:00:00+00:00,2021-01-18 01:00:00+00:00,3.5368332999999996,3.66278355,37.57179236292989,4.461674131678269,3.5611022436369932,STOP
BTCUSDT,LONG,2021-01-17 11:00:00+00:00,2021-01-18 12:00:00+00:00,34852.818,37235.94906342857,0.00794293771600294,18.35646501907672,6.837699790669927,TP1_HALF
XRPUSDT,LONG,2021-01-11 05:00:00+00:00,2021-01-19 05:00:00+00:00,0.27880852999999994,0.31807620682714277,306.7494538375022,11.862244353167936,14.08410166903531,TP1_HALF
XRPUSDT,LONG,2021-01-11 05:00:00+00:00,2021-01-20 00:00:00+00:00,0.27880852999999994,0.2901235146428571,306.7494538375022,3.296345765411316,4.058335174629413,STOP
BTCUSDT,LONG,2021-01-17 11:00:00+00:00,2021-01-20 03:00:00+00:00,34852.818,35394.16611857143,0.00794293771600294,3.7419269688974106,1.5532405975649866,STOP
SOLUSDT,LONG,2021-01-18 03:00:00+00:00,2021-01-20 11:00:00+00:00,3.7925888,3.3759166469142854,58.243599486516175,-24.686005561675692,-10.986483772923506,STOP
BTCUSDT,LONG,2021-01-20 05:00:00+00:00,2021-01-20 16:00:00+00:00,35286.611359999995,33474.844435782856,0.021742445320914225,-40.887285476858374,-5.134431599943634,STOP
BTCUSDT,LONG,2021-01-20 17:00:00+00:00,2021-01-21 09:00:00+00:00,34728.343649999995,32912.41899992143,0.02153776933880333,-40.56779739389407,-5.228941144961762,STOP
XRPUSDT,LONG,2021-01-20 08:00:00+00:00,2021-01-21 12:00:00+00:00,0.29775746,0.27609430361142856,1129.8942449865935,-25.12546753687136,-7.2754369910904675,STOP
SOLUSDT,LONG,2021-01-20 14:00:00+00:00,2021-01-21 17:00:00+00:00,3.5853817999999995,3.2773226253428565,79.08394271438321,-24.905263844865235,-8.592088425761046,STOP
ETHUSDT,LONG,2021-01-21 10:00:00+00:00,2021-01-21 22:00:00+00:00,1262.3210599999998,1137.6818821542854,0.30962765037003426,-39.33484305228177,-9.873809587373472,STOP
XRPUSDT,LONG,2021-01-21 16:00:00+00:00,2021-01-22 00:00:00+00:00,0.27578550999999996,0.2531617377042857,1065.5457825366336,-24.670282663743137,-8.203394114402263,STOP
SOLUSDT,LONG,2021-01-22 02:00:00+00:00,2021-01-22 12:00:00+00:00,2.9299269999999997,3.2237428872857143,39.74908530143605,11.434310017370391,10.028095829203743,TP1_HALF
BTCUSDT,LONG,2021-01-22 02:00:00+00:00,2021-01-22 14:00:00+00:00,30098.358289999996,32477.36841171,0.007833852087814303,18.14660442162057,7.9041192173608055,TP1_HALF
XRPUSDT,LONG,2021-01-22 02:00:00+00:00,2021-01-23 00:00:00+00:00,0.25836811,0.28146386439,505.0660621004693,11.392230911495849,8.9390886475889,TP1_HALF
BTCUSDT,LONG,2021-01-22 02:00:00+00:00,2021-01-23 13:00:00+00:00,30098.358289999996,31383.594989999998,0.007833852087814303,9.586713677565145,4.2701222691837515,STOP
SOLUSDT,LONG,2021-01-22 02:00:00+00:00,2021-01-25 07:00:00+00:00,2.9299269999999997,3.4894641857142856,39.74908530143605,21.98592639645837,19.097308080176955,STOP
BTCUSDT,LONG,2021-01-23 14:00:00+00:00,2021-01-25 13:00:00+00:00,31897.055189999995,34327.56183766714,0.007705323896378967,18.217558828465762,7.61984651306975,TP1_HALF
SOLUSDT,LONG,2021-01-25 09:00:00+00:00,2021-01-25 16:00:00+00:00,3.5690655,3.7540398452142854,63.0410057259839,11.199312829814263,5.182710858466599,TP1_HALF
SOLUSDT,LONG,2021-01-25 09:00:00+00:00,2021-01-25 20:00:00+00:00,3.5690655,3.8002637892857143,63.0410057259839,14.110402748775888,6.477838226440924,STOP
BTCUSDT,LONG,2021-01-23 14:00:00+00:00,2021-01-25 21:00:00+00:00,31897.055189999995,32377.721297142856,0.007705323896378967,3.2084300703465383,1.5069294148932988,STOP
XRPUSDT,LONG,2021-01-22 02:00:00+00:00,2021-01-26 12:00:00+00:00,0.25836811,0.2613608775,505.0660621004693,1.249047822931174,1.158334710889819,STOP
BTCUSDT,LONG,2021-01-26 01:00:00+00:00,2021-01-26 14:00:00+00:00,32506.80433,30900.58781067,0.024287737097236094,-40.5513866130586,-4.941170171709707,STOP
SOLUSDT,LONG,2021-01-26 01:00:00+00:00,2021-01-27 11:00:00+00:00,3.8769730999999994,3.6251478947571423,96.34533258958804,-24.98497749593155,-6.495407596272907,STOP
XRPUSDT,LONG,2021-01-26 17:00:00+00:00,2021-01-27 11:00:00+00:00,0.26467440999999997,0.25416641773285714,2322.5382275027314,-25.610241391141034,-3.970158001728552,STOP
BTCUSDT,LONG,2021-01-26 14:00:00+00:00,2021-01-27 14:00:00+00:00,31750.68897,30001.557737815714,0.02216445029022988,-40.13723684930252,-5.508955203576749,STOP
XRPUSDT,LONG,2021-01-27 11:00:00+00:00,2021-01-27 14:00:00+00:00,0.25662636999999994,0.24581816291571423,2242.7100148574377,-25.366511656461093,-4.211651002305694,STOP
BTCUSDT,LONG,2021-01-27 16:00:00+00:00,2021-01-28 15:00:00+00:00,30352.932609999996,32145.54024917571,0.010313131503701863,17.84284334798244,5.905879547813853,TP1_HALF
XRPUSDT,LONG,2021-01-27 16:00:00+00:00,2021-01-28 15:00:00+00:00,0.25276251,0.26440141534714284,988.1095070485071,10.989498433811516,4.6046802380395935,TP1_HALF
XRPUSDT,LONG,2021-01-27 16:00:00+00:00,2021-01-29 04:00:00+00:00,0.25276251,0.2600661021428572,988.1095070485071,6.710018004817125,2.8895076816800147,STOP
BTCUSDT,LONG,2021-01-27 16:00:00+00:00,2021-01-29 06:00:00+00:00,30352.932609999996,32452.729428214287,0.010313131503701863,21.007757665521574,6.917937206247071,STOP
XRPUSDT,LONG,2021-01-29 05:00:00+00:00,2021-01-29 06:00:00+00:00,0.2787785,0.2907681550714285,961.3821941830965,10.979088887126226,4.300781829096767,TP1_HALF
XRPUSDT,LONG,2021-01-29 05:00:00+00:00,2021-01-29 07:00:00+00:00,0.2787785,0.28737162642857145,961.3821941830965,7.7169920900098505,3.0824207851650964,STOP
BTCUSDT,LONG,2021-01-29 09:00:00+00:00,2021-01-29 13:00:00+00:00,36276.48024,38113.43579547429,0.010116618574764612,17.8312042871886,5.063764575066965,TP1_HALF
BTCUSDT,LONG,2021-01-29 09:00:00+00:00,2021-01-29 14:00:00+00:00,36276.48024,36620.13606428571,0.010116618574764612,2.7391676327534684,0.947324056832799,STOP
BTCUSDT,LONG,2021-01-29 14:00:00+00:00,2021-01-29 16:00:00+00:00,38288.280029999994,35842.214794255706,0.01577544262592481,-39.75720315368473,-6.388548228929913,STOP
XRPUSDT,LONG,2021-01-29 09:00:00+00:00,2021-01-30 01:00:00+00:00,0.28324295999999993,0.30096526489714276,657.8102398531528,11.273615482596453,6.256926879009739,TP1_HALF
XRPUSDT,LONG,2021-01-29 09:00:00+00:00,2021-01-30 02:00:00+00:00,0.28324295999999993,0.28906707214285715,657.8102398531528,3.454689206110308,2.0562248547526973,STOP
XRPUSDT,LONG,2021-01-30 09:00:00+00:00,2021-01-30 10:00:00+00:00,0.299299,0.3220648270714285,513.2712534459691,11.366116406319371,7.606382604495354,TP1_HALF
XRPUSDT,LONG,2021-01-30 09:00:00+00:00,2021-01-30 11:00:00+00:00,0.299299,0.3105908839285714,513.2712534459691,5.482760472596225,3.7727770318549236,STOP
XRPUSDT,LONG,2021-01-30 11:00:00+00:00,2021-01-30 14:00:00+00:00,0.33354321,0.35627479286142855,514.1834546165757,11.333510800824289,6.815183814243619,TP1_HALF
SOLUSDT,LONG,2021-01-27 16:00:00+00:00,2021-01-30 15:00:00+00:00,3.7290252999999995,4.090052581842856,32.21402847382159,11.378259139587467,9.681545519223377,TP1_HALF
XRPUSDT,LONG,2021-01-30 11:00:00+00:00,2021-01-30 17:00:00+00:00,0.33354321,0.49421707392857145,514.1834546165757,82.19022177900169,48.17182875003556,STOP
XRPUSDT,LONG,2021-01-30 17:00:00+00:00,2021-01-30 18:00:00+00:00,0.42013971999999994,0.38611250670857133,713.5820702298595,-24.856536437712748,-8.099023175297159,STOP
XRPUSDT,LONG,2021-01-30 20:00:00+00:00,2021-01-30 23:00:00+00:00,0.41466424999999996,0.46421813860714284,239.3437929060898,11.65006060807185,11.950364326595043,TP1_HALF
XRPUSDT,LONG,2021-01-30 20:00:00+00:00,2021-01-31 00:00:00+00:00,0.41466424999999996,0.4245464571428571,239.3437929060898,2.164385066160109,2.3831828142544698,STOP
XRPUSDT,LONG,2021-01-31 00:00:00+00:00,2021-01-31 10:00:00+00:00,0.44416371999999993,0.5038586427085713,199.1535699518475,11.699654927483996,13.439846619748996,TP1_HALF
SOLUSDT,LONG,2021-01-27 16:00:00+00:00,2021-01-31 14:00:00+00:00,3.7290252999999995,4.435438692857143,32.21402847382159,22.49341087624954,18.943647093441363,STOP
XRPUSDT,LONG,2021-01-31 00:00:00+00:00,2021-01-31 15:00:00+00:00,0.44416371999999993,0.44935091357142853,199.1535699518475,0.8551014887013136,1.1678562065871922,STOP
XRPUSDT,LONG,2021-01-31 16:00:00+00:00,2021-02-01 03:00:00+00:00,0.4782577799999999,0.5602387661485714,145.77722984231815,11.79957191078185,17.14158965664321,TP1_HALF
XRPUSDT,LONG,2021-01-31 16:00:00+00:00,2021-02-01 11:00:00+00:00,0.4782577799999999,0.6447228460714285,145.77722984231815,24.103111192576034,34.80655684711049,STOP
XRPUSDT,LONG,2021-02-01 11:00:00+00:00,2021-02-01 12:00:00+00:00,0.7260853599999999,0.6167287282114284,222.13850573343058,-24.590609492587326,-15.061126117261402,STOP
SOLUSDT,LONG,2021-02-01 12:00:00+00:00,2021-02-02 02:00:00+00:00,4.3740697,4.6950949053,36.98473546605345,11.537611642130909,7.339279602700444,TP1_HALF
SOLUSDT,LONG,2021-02-01 12:00:00+00:00,2021-02-02 09:00:00+00:00,4.3740697,5.027742225,36.98473546605345,23.82818189160451,14.944264034018495,STOP
BTCUSDT,LONG,2021-01-31 11:00:00+00:00,2021-02-03 03:00:00+00:00,33687.333679999996,36347.71493810571,0.007121733269328545,18.447754779186987,7.897274635555873,TP1_HALF
SOLUSDT,LONG,2021-02-02 09:00:00+00:00,2021-02-03 16:00:00+00:00,5.271266,5.6393460090000005,32.35282681543227,11.555439644622224,6.982762945372145,TP1_HALF
SOLUSDT,LONG,2021-02-02 09:00:00+00:00,2021-02-04 09:00:00+00:00,5.271266,5.699369925,32.35282681543227,13.495441060395132,8.121463136180186,STOP
SOLUSDT,LONG,2021-02-04 21:00:00+00:00,2021-02-04 23:00:00+00:00,6.0913853,6.494523561128571,29.649093530604066,11.57952322097484,6.618170437003412,TP1_HALF
SOLUSDT,LONG,2021-02-04 21:00:00+00:00,2021-02-05 17:00:00+00:00,6.0913853,6.727426553571428,29.649093530604066,18.47798046486418,10.441651976463028,STOP
SOLUSDT,LONG,2021-02-05 17:00:00+00:00,2021-02-06 01:00:00+00:00,6.993086099999999,6.493429028185713,49.408208121966275,-25.35350514010594,-7.145015300387714,STOP
SOLUSDT,LONG,2021-02-06 01:00:00+00:00,2021-02-06 02:00:00+00:00,6.751244499999999,6.241296955499999,48.24821716948521,-25.23092683381023,-7.553385816496505,STOP
BTCUSDT,LONG,2021-01-31 11:00:00+00:00,2021-02-07 04:00:00+00:00,33687.333679999996,38220.48589821428,0.007121733269328545,31.77179265637213,13.456547975198152,STOP
SOLUSDT,LONG,2021-02-06 03:00:00+00:00,2021-02-07 12:00:00+00:00,6.197991799999999,6.694990108199999,24.061494611063306,11.648297699757194,8.018699027643116,TP1_HALF
SOLUSDT,LONG,2021-02-06 03:00:00+00:00,2021-02-07 15:00:00+00:00,6.197991799999999,6.370623,24.061494611063306,3.851345031222696,2.785276353544086,STOP
ETHUSDT,LONG,2021-02-07 08:00:00+00:00,2021-02-07 15:00:00+00:00,1633.6319999999998,1544.8541708571427,0.44605903264166363,-41.01794505412721,-5.434383578606273,STOP
SOLUSDT,LONG,2021-02-08 05:00:00+00:00,2021-02-08 07:00:00+00:00,6.8713644999999985,7.474468264071428,19.862226407796694,11.694043331012752,8.777059695660583,TP1_HALF
BTCUSDT,LONG,2021-02-07 17:00:00+00:00,2021-02-08 12:00:00+00:00,38223.905719999995,39813.477746065706,0.011908582760513273,18.000235386780723,4.158580856989702,TP1_HALF
SOLUSDT,LONG,2021-02-08 05:00:00+00:00,2021-02-08 13:00:00+00:00,6.8713644999999985,7.098109071428571,19.862226407796694,4.226187167579682,3.299847816668322,STOP
BTCUSDT,LONG,2021-02-07 17:00:00+00:00,2021-02-08 14:00:00+00:00,38223.905719999995,43245.286068214285,0.011908582760513273,58.82734083588275,13.136753698057957,STOP
SOLUSDT,LONG,2021-02-08 14:00:00+00:00,2021-02-08 16:00:00+00:00,7.307700399999999,7.946481678171428,18.931266955672957,11.804157910236999,8.741207811029428,TP1_HALF
BTCUSDT,LONG,2021-02-08 15:00:00+00:00,2021-02-08 23:00:00+00:00,43602.28873,45306.07658769857,0.011199589701661414,18.085987732292995,3.907565192848006,TP1_HALF
BTCUSDT,LONG,2021-02-08 15:00:00+00:00,2021-02-09 02:00:00+00:00,43602.28873,45703.11185357143,0.011199589701661414,22.5281731750842,4.818148736595984,STOP
SOLUSDT,LONG,2021-02-08 14:00:00+00:00,2021-02-09 06:00:00+00:00,7.307700399999999,7.839916521428571,18.931266955672957,9.78876189319532,7.282949386219673,STOP
ETHUSDT,LONG,2021-02-09 09:00:00+00:00,2021-02-10 12:00:00+00:00,1804.8029999999999,1695.697034142857,0.36708534952611177,-41.336183890602776,-6.045311641056827,STOP
SOLUSDT,LONG,2021-02-09 09:00:00+00:00,2021-02-10 12:00:00+00:00,8.3602519,7.530852794528571,29.983877057580823,-25.34507773959271,-9.920743003825383,STOP
SOLUSDT,LONG,2021-02-10 14:00:00+00:00,2021-02-10 20:00:00+00:00,8.081873799999999,8.850689251199999,15.736565700017948,11.832054468072839,9.512836629545006,TP1_HALF
BTCUSDT,LONG,2021-02-10 17:00:00+00:00,2021-02-11 13:00:00+00:00,44791.40666,47900.60239476857,0.0062020269576587754,18.70843742475511,6.941500539087042,TP1_HALF
SOLUSDT,LONG,2021-02-10 14:00:00+00:00,2021-02-11 21:00:00+00:00,8.081873799999999,8.955860175,15.736565700017948,13.485428591031027,10.814155190099628,STOP
XRPUSDT,LONG,2021-02-01 18:00:00+00:00,2021-02-12 02:00:00+00:00,0.40318277999999996,0.5551567104342857,78.98040494963449,11.927272526453745,37.69355686130389,TP1_HALF
SOLUSDT,LONG,2021-02-12 12:00:00+00:00,2021-02-13 10:00:00+00:00,9.7759662,8.957353451657143,30.403086551597237,-25.457904978876808,-8.373727277646026,STOP
SOLUSDT,LONG,2021-02-13 10:00:00+00:00,2021-02-14 00:00:00+00:00,9.2756664,8.571953722885715,35.320055235378845,-25.485549554073277,-7.586653581184056,STOP
SOLUSDT,LONG,2021-02-14 02:00:00+00:00,2021-02-15 01:00:00+00:00,8.998589599999999,8.3515297104,38.3409923402479,-25.474139062417667,-7.190681188527581,STOP
BTCUSDT,LONG,2021-02-10 17:00:00+00:00,2021-02-15 02:00:00+00:00,44791.40666,46503.73542857143,0.0062020269576587754,10.053694250718063,3.8228957209789804,STOP
SOLUSDT,LONG,2021-02-15 04:00:00+00:00,2021-02-15 14:00:00+00:00,8.1229148,8.7415395102,19.485826416168237,11.725795890417636,7.615797105246025,TP1_HALF
SOLUSDT,LONG,2021-02-15 04:00:00+00:00,2021-02-15 22:00:00+00:00,8.1229148,8.743872375000002,19.485826416168237,11.771208231164305,7.644516657985889,STOP
BTCUSDT,LONG,2021-02-15 04:00:00+00:00,2021-02-16 03:00:00+00:00,47167.4203,48956.45055827143,0.010641726058163601,18.015446016966198,3.7929364101165985,TP1_HALF
BTCUSDT,LONG,2021-02-15 04:00:00+00:00,2021-02-16 14:00:00+00:00,47167.4203,48802.29314142857,0.010641726058163601,16.376585518090266,3.4661061194999787,STOP
SOLUSDT,LONG,2021-02-15 23:00:00+00:00,2021-02-16 16:00:00+00:00,8.9258169,8.244150211671428,36.39451037186563,-25.433817904659787,-7.6370229858576995,STOP
XRPUSDT,LONG,2021-02-01 18:00:00+00:00,2021-02-16 21:00:00+00:00,0.40318277999999996,0.4894204467857143,78.98040494963449,6.740587680336475,21.38922371280696,STOP
BTCUSDT,LONG,2021-02-16 15:00:00+00:00,2021-02-17 09:00:00+00:00,49338.689399999996,51364.23053952857,0.009473307660128449,18.234584650140942,4.105380917411594,TP1_HALF
SOLUSDT,LONG,2021-02-16 18:00:00+00:00,2021-02-18 14:00:00+00:00,8.1588507,8.816625249300001,18.400074062456525,11.790750408806408,8.062098124923423,TP1_HALF
SOLUSDT,LONG,2021-02-16 18:00:00+00:00,2021-02-19 02:00:00+00:00,8.1588507,8.644746600000001,18.400074062456525,8.631333111808292,5.955445415859861,STOP
SOLUSDT,LONG,2021-02-19 07:00:00+00:00,2021-02-19 12:00:00+00:00,9.330421099999999,9.897756293185713,21.346710119269325,11.700281580460885,6.080488620022884,TP1_HALF
SOLUSDT,LONG,2021-02-19 07:00:00+00:00,2021-02-19 15:00:00+00:00,9.330421099999999,11.261484385714285,21.346710119269325,40.782278744899685,20.696421576452593,STOP
SOLUSDT,LONG,2021-02-19 15:00:00+00:00,2021-02-20 09:00:00+00:00,11.301189899999999,10.65728623152857,39.12552264752626,-26.05220441879343,-5.697662583932239,STOP
SOLUSDT,LONG,2021-02-20 12:00:00+00:00,2021-02-20 14:00:00+00:00,10.803092299999998,9.820169443414283,25.393822992406875,-25.483872493566903,-9.09853243210479,STOP
BTCUSDT,LONG,2021-02-16 15:00:00+00:00,2021-02-20 22:00:00+00:00,49338.689399999996,55567.87971107142,0.009473307660128449,58.01722408551315,12.625366394656258,STOP
XRPUSDT,LONG,2021-02-17 08:00:00+00:00,2021-02-20 22:00:00+00:00,0.5292186899999999,0.47366026988142845,445.6412548688379,-25.206048298333375,-10.498196902035229,STOP
XRPUSDT,LONG,2021-02-21 00:00:00+00:00,2021-02-21 11:00:00+00:00,0.5121816699999999,0.5509376808299999,314.5565862455667,11.85654726941233,7.566848464139686,TP1_HALF
BTCUSDT,LONG,2021-02-21 00:00:00+00:00,2021-02-21 18:00:00+00:00,55897.031189999994,58023.88886202428,0.009054297168724884,18.225727534204708,3.8049564113608714,TP1_HALF
BTCUSDT,LONG,2021-02-21 00:00:00+00:00,2021-02-22 01:00:00+00:00,55897.031189999994,56111.69249678572,0.009054297168724884,0.9294469925150233,0.3840298889149718,STOP
XRPUSDT,LONG,2021-02-21 00:00:00+00:00,2021-02-22 04:00:00+00:00,0.5121816699999999,0.5187532275000001,314.5565862455667,1.742839331517477,1.2830520662717504,STOP
XRPUSDT,LONG,2021-02-22 05:00:00+00:00,2021-02-22 06:00:00+00:00,0.5257352099999999,0.5680451676471427,289.314121295353,11.924422109877653,8.04776945549126,TP1_HALF
XRPUSDT,LONG,2021-02-22 05:00:00+00:00,2021-02-22 07:00:00+00:00,0.5257352099999999,0.6072735471428572,289.314121295353,23.262396929377278,15.509392483500829,STOP
BTCUSDT,LONG,2021-02-22 02:00:00+00:00,2021-02-22 09:00:00+00:00,56916.90003999999,54503.75565460285,0.016827977156439695,-42.483322841438145,-4.239767773194314,STOP
XRPUSDT,LONG,2021-02-22 08:00:00+00:00,2021-02-22 10:00:00+00:00,0.5945739799999998,0.5387104445914284,450.05044632113874,-25.651444204800494,-9.395556699028685,STOP
SOLUSDT,LONG,2021-02-21 13:00:00+00:00,2021-02-22 12:00:00+00:00,10.8255147,9.660341117442856,21.426595302738292,-25.404644952924226,-10.763216482973725,STOP
BTCUSDT,LONG,2021-02-22 11:00:00+00:00,2021-02-22 13:00:00+00:00,54902.56771999999,52513.02141870856,0.016930140610461962,-42.27391590394722,-4.352339791242521,STOP
XRPUSDT,LONG,2021-02-22 12:00:00+00:00,2021-02-22 14:00:00+00:00,0.5848542699999999,0.5227624128728571,400.6081410664116,-25.318223719405747,-10.616637393643858,STOP
SOLUSDT,LONG,2021-02-22 12:00:00+00:00,2021-02-22 16:00:00+00:00,9.9261162,10.926810594514285,12.190632297652112,11.944887042963492,10.081429376318262,TP1_HALF
SOLUSDT,LONG,2021-02-22 12:00:00+00:00,2021-02-22 21:00:00+00:00,9.9261162,12.999155689285715,12.190632297652112,37.182820890120816,30.959132729936357,STOP
BTCUSDT,LONG,2021-02-22 15:00:00+00:00,2021-02-23 02:00:00+00:00,53532.308829999994,50948.166450098564,0.015472249945229211,-41.599044823824414,-4.827257475682146,STOP
XRPUSDT,LONG,2021-02-22 17:00:00+00:00,2021-02-23 05:00:00+00:00,0.5764959199999999,0.5084697983657143,363.2522316377752,-25.10475671176384,-11.79993114856488,STOP
SOLUSDT,LONG,2021-02-23 00:00:00+00:00,2021-02-23 05:00:00+00:00,14.433519099999998,12.88393655232857,16.020653826623388,-25.262969072451163,-10.735999564177167,STOP
SOLUSDT,LONG,2021-02-23 10:00:00+00:00,2021-02-23 11:00:00+00:00,12.4241117,14.185729627585715,6.8669184861133035,11.914159101082019,14.17902519007228,TP1_HALF
SOLUSDT,LONG,2021-02-23 10:00:00+00:00,2021-02-23 20:00:00+00:00,12.4241117,14.098869160714285,6.8669184861133035,11.318291819155837,13.479897003133722,STOP
BTCUSDT,LONG,2021-02-23 10:00:00+00:00,2021-02-25 13:00:00+00:00,48123.525449999994,51598.32190669285,0.005532774919197913,18.673528148956823,7.220577512142468,TP1_HALF
BTCUSDT,LONG,2021-02-23 10:00:00+00:00,2021-02-25 21:00:00+00:00,48123.525449999994,48466.76828785715,0.005532774919197913,1.3646730098596171,0.7132537249661564,STOP
SOLUSDT,LONG,2021-02-24 13:00:00+00:00,2021-02-25 22:00:00+00:00,16.6919753,14.099158456842856,9.480296355321727,-24.872581141330674,-15.533313442880203,STOP
BTCUSDT,LONG,2021-02-25 23:00:00+00:00,2021-02-26 07:00:00+00:00,48284.085849999996,44695.603006649995,0.011032308637419615,-40.61503089240012,-7.43201984707349,STOP
SOLUSDT,LONG,2021-02-26 02:00:00+00:00,2021-02-28 03:00:00+00:00,14.015101099999997,12.208601706042854,13.618168610383934,-24.958332147866056,-12.88966366398273,STOP
ETHUSDT,LONG,2021-02-26 07:00:00+00:00,2021-02-28 06:00:00+00:00,1464.1026399999998,1335.2649670028568,0.30535587216443494,-40.19614334282411,-8.799770554142505,STOP
SOLUSDT,LONG,2021-02-28 15:00:00+00:00,2021-02-28 19:00:00+00:00,11.926414499999998,13.352052653357141,8.39829894576295,11.76063927633419,11.953619030741747,TP1_HALF
BTCUSDT,LONG,2021-02-28 06:00:00+00:00,2021-03-01 11:00:00+00:00,44836.06126999999,47863.81061908713,0.006286873304288716,18.452284204963004,6.752933382917425,TP1_HALF
SOLUSDT,LONG,2021-02-28 15:00:00+00:00,2021-03-02 17:00:00+00:00,11.926414499999998,14.093788532142858,8.39829894576295,17.983729605525987,18.17288869293332,STOP
BTCUSDT,LONG,2021-02-28 06:00:00+00:00,2021-03-02 20:00:00+00:00,44836.06126999999,47077.214589642856,0.006286873304288716,13.511999855769048,4.9985508453714855,STOP
BTCUSDT,LONG,2021-03-03 00:00:00+00:00,2021-03-03 08:00:00+00:00,48489.09065,50705.22252863571,0.008584327948810021,18.17248630903905,4.570372116548893,TP1_HALF
BTCUSDT,LONG,2021-03-03 00:00:00+00:00,2021-03-03 19:00:00+00:00,48489.09065,50322.739030714285,0.008584327948810021,14.892405891654677,3.781568918150646,STOP
BTCUSDT,LONG,2021-03-04 01:00:00+00:00,2021-03-04 09:00:00+00:00,50945.37448,48746.184857305714,0.01816023736680043,-41.74822794376443,-4.3167601477885675,STOP
BTCUSDT,LONG,2021-03-04 09:00:00+00:00,2021-03-04 18:00:00+00:00,50271.831609999994,48087.49241053285,0.01820270537643694,-41.551288686273864,-4.345055927965513,STOP
SOLUSDT,LONG,2021-03-02 21:00:00+00:00,2021-03-05 05:00:00+00:00,13.703589899999999,12.277378802957141,17.203668813965518,-24.983031353359436,-10.4075728144992,STOP
ETHUSDT,LONG,2021-03-05 03:00:00+00:00,2021-03-06 05:00:00+00:00,1482.4509699999999,1569.4410293871429,0.21859762114152947,18.34868371394294,5.867988968778026,TP1_HALF
SOLUSDT,LONG,2021-03-05 14:00:00+00:00,2021-03-06 12:00:00+00:00,12.735422699999999,11.957467548728571,31.510498690125853,-25.291840060952968,-6.108593091860448,STOP
SOLUSDT,LONG,2021-03-06 14:00:00+00:00,2021-03-06 20:00:00+00:00,12.2386264,12.916275766457144,17.463062824186014,11.39455182234187,5.536972404494223,TP1_HALF
SOLUSDT,LONG,2021-03-06 14:00:00+00:00,2021-03-08 07:00:00+00:00,12.2386264,13.310098007142855,17.463062824186014,18.265017010467496,8.754835486626632,STOP
ETHUSDT,LONG,2021-03-05 03:00:00+00:00,2021-03-08 08:00:00+00:00,1482.4509699999999,1664.992269642857,0.21859762114152947,39.215070257147794,12.31347972627097,STOP
BTCUSDT,LONG,2021-03-08 09:00:00+00:00,2021-03-08 20:00:00+00:00,49930.23034999999,51673.64390929284,0.010825421995764365,17.77328267722124,3.4916994115026245,TP1_HALF
SOLUSDT,LONG,2021-03-08 11:00:00+00:00,2021-03-09 04:00:00+00:00,13.332118799999998,14.083770931199997,15.861195268372516,11.487252446368801,5.637904540724614,TP1_HALF
BTCUSDT,LONG,2021-03-08 09:00:00+00:00,2021-03-10 02:00:00+00:00,49930.23034999999,53963.93312035714,0.010825421995764365,42.541836532136415,8.07867847210353,STOP
SOLUSDT,LONG,2021-03-08 11:00:00+00:00,2021-03-10 02:00:00+00:00,13.332118799999998,14.431603950000001,15.861195268372516,16.99878283091119,8.246889834195015,STOP
BTCUSDT,LONG,2021-03-10 08:00:00+00:00,2021-03-10 13:00:00+00:00,54227.55337999999,56214.080529119994,0.009599942604092302,18.01031326639342,3.66331694000539,TP1_HALF
SOLUSDT,LONG,2021-03-10 12:00:00+00:00,2021-03-11 00:00:00+00:00,14.731416699999999,13.957941215442856,32.275586793648785,-25.89034099603753,-5.25051663603503,STOP
BTCUSDT,LONG,2021-03-10 08:00:00+00:00,2021-03-11 01:00:00+00:00,54227.55337999999,55289.547607500004,0.009599942604092302,9.143725746230896,1.9584033601111939,STOP
SOLUSDT,LONG,2021-03-11 02:00:00+00:00,2021-03-11 17:00:00+00:00,13.994680699999998,14.704953883585713,16.908154641266798,11.52415096592503,5.075308246123211,TP1_HALF
BTCUSDT,LONG,2021-03-11 11:00:00+00:00,2021-03-11 21:00:00+00:00,55586.13059999999,57678.322041899984,0.009122756998929706,18.053270041625176,3.7638731448236484,TP1_HALF
SOLUSDT,LONG,2021-03-11 02:00:00+00:00,2021-03-11 22:00:00+00:00,13.994680699999998,15.581609935714285,16.908154641266798,26.33196442642078,11.339517276119683,STOP
BTCUSDT,LONG,2021-03-11 11:00:00+00:00,2021-03-12 10:00:00+00:00,55586.13059999999,55944.0724275,0.009122756998929706,2.2479533717742606,0.6439408961127047,STOP
SOLUSDT,LONG,2021-03-12 16:00:00+00:00,2021-03-12 20:00:00+00:00,15.526510999999998,14.571360767571427,26.220404502235663,-25.833603827083667,-6.151737711251226,STOP
BTCUSDT,LONG,2021-03-12 11:00:00+00:00,2021-03-13 10:00:00+00:00,56772.68596999999,59039.70573688714,0.008481760589405847,18.246025934443132,3.993152214226914,TP1_HALF
BTCUSDT,LONG,2021-03-12 11:00:00+00:00,2021-03-14 11:00:00+00:00,56772.68596999999,59458.36354714286,0.008481760589405847,21.793430294601556,4.730580438913945,STOP
SOLUSDT,LONG,2021-03-13 11:00:00+00:00,2021-03-15 07:00:00+00:00,14.870155299999999,13.747979273271428,22.232668240262537,-25.585224801055038,-7.546498365948951,STOP
BTCUSDT,LONG,2021-03-14 12:00:00+00:00,2021-03-15 07:00:00+00:00,60368.61830999999,58165.498516332846,0.018423263293192906,-42.77244126869226,-3.64944544921314,STOP
BTCUSDT,LONG,2021-03-15 11:00:00+00:00,2021-03-16 00:00:00+00:00,56411.49513999999,53963.5803991457,0.01639274874999358,-41.937402189804835,-4.339389932458171,STOP
SOLUSDT,LONG,2021-03-15 11:00:00+00:00,2021-03-16 05:00:00+00:00,14.195481299999999,13.370372543699999,30.21540114893024,-25.763905394999615,-5.812474680235047,STOP
XRPUSDT,LONG,2021-02-23 10:00:00+00:00,2021-03-16 06:00:00+00:00,0.44683638999999997,0.5215125696814286,162.16337830645836,11.952710837479078,16.712197429002718,TP1_HALF
BTCUSDT,LONG,2021-03-16 02:00:00+00:00,2021-03-17 00:00:00+00:00,54526.041569999994,57070.14465521571,0.007510831303373012,18.27014896260864,4.665849586659654,TP1_HALF
BTCUSDT,LONG,2021-03-16 02:00:00+00:00,2021-03-17 09:00:00+00:00,54526.041569999994,54533.611443214286,0.007510831303373012,-0.7622726150861805,0.013883041930662365,STOP
BTCUSDT,LONG,2021-03-17 13:00:00+00:00,2021-03-17 19:00:00+00:00,55206.161009999996,57983.65716827571,0.006892800146560707,18.364531131506265,5.031134401416915,TP1_HALF
SOLUSDT,LONG,2021-03-16 05:00:00+00:00,2021-03-18 00:00:00+00:00,13.522909399999998,14.284892351314284,15.68846034445998,11.518077719806652,5.63475601865886,TP1_HALF
BTCUSDT,LONG,2021-03-17 13:00:00+00:00,2021-03-18 19:00:00+00:00,55206.161009999996,57237.13771071428,0.006892800146560707,13.224067314442912,3.6788950065671067,STOP
SOLUSDT,LONG,2021-03-16 05:00:00+00:00,2021-03-19 00:00:00+00:00,13.522909399999998,13.959744139285714,15.68846034445998,6.422103964154859,3.2303310357586046,STOP
SOLUSDT,LONG,2021-03-19 06:00:00+00:00,2021-03-20 11:00:00+00:00,14.2006865,14.740716742071427,22.13000084055426,11.310396432891553,3.802846024883566,TP1_HALF
SOLUSDT,LONG,2021-03-19 06:00:00+00:00,2021-03-20 20:00:00+00:00,14.2006865,14.410089771428572,22.13000084055426,4.000938069793487,1.474599635930085,STOP
SOLUSDT,LONG,2021-03-21 13:00:00+00:00,2021-03-21 19:00:00+00:00,13.818204399999997,14.27586781345714,26.054570271346595,11.192244587849665,3.3120324479868124,TP1_HALF
SOLUSDT,LONG,2021-03-21 13:00:00+00:00,2021-03-22 09:00:00+00:00,13.818204399999997,16.011019382142855,26.054570271346595,56.35566443713116,15.869029858487682,STOP
BTCUSDT,LONG,2021-03-18 21:00:00+00:00,2021-03-22 20:00:00+00:00,57566.408899999995,55112.07415859999,0.016364850815646863,-42.00878846005764,-4.263484188606393,STOP
BTCUSDT,LONG,2021-03-22 22:00:00+00:00,2021-03-24 09:00:00+00:00,54621.33676999999,56422.736126087126,0.010617246213524223,17.946918229970855,3.297977425328291,TP1_HALF
BTCUSDT,LONG,2021-03-22 22:00:00+00:00,2021-03-24 18:00:00+00:00,54621.33676999999,55286.77930714286,0.010617246213524223,5.8982457285424985,1.2182831407896888,STOP
XRPUSDT,LONG,2021-02-23 10:00:00+00:00,2021-03-24 19:00:00+00:00,0.44683638999999997,0.5242769839285715,162.16337830645836,12.400549304080922,17.330861062719507,STOP
BTCUSDT,LONG,2021-03-24 18:00:00+00:00,2021-03-24 20:00:00+00:00,56182.015889999995,54010.24515196714,0.018674207424438437,-42.6138503796169,-3.865597742674476,STOP
XRPUSDT,LONG,2021-03-24 21:00:00+00:00,2021-03-24 22:00:00+00:00,0.5232327099999999,0.47995513157571423,575.7632588714869,-25.49523829055897,-8.271191306882496,STOP
SOLUSDT,LONG,2021-03-23 13:00:00+00:00,2021-03-24 23:00:00+00:00,14.6729583,13.67173716312857,24.968152977073956,-25.70635720169771,-6.823580605905688,STOP
SOLUSDT,LONG,2021-03-25 03:00:00+00:00,2021-03-25 12:00:00+00:00,13.3706573,12.490457910557142,28.2506849699089,-25.5968298806403,-6.583067456547987,STOP
XRPUSDT,LONG,2021-03-25 00:00:00+00:00,2021-03-26 00:00:00+00:00,0.48069020999999995,0.5269926897899999,261.72345134621526,11.85471057013157,9.632499024683682,TP1_HALF
SOLUSDT,LONG,2021-03-25 14:00:00+00:00,2021-03-26 06:00:00+00:00,12.904691799999998,13.714666976057142,14.840913179472004,11.62571567290294,6.276594502296784,TP1_HALF
SOLUSDT,LONG,2021-03-25 14:00:00+00:00,2021-03-26 13:00:00+00:00,12.904691799999998,13.462820132142857,14.840913179472004,7.891816164992059,4.325003191032106,STOP
ETHUSDT,LONG,2021-03-24 22:00:00+00:00,2021-03-26 21:00:00+00:00,1614.6930799999998,1681.6807872771426,0.2863189268471509,18.236034231376827,4.148634072126134,TP1_HALF
SOLUSDT,LONG,2021-03-26 17:00:00+00:00,2021-03-27 05:00:00+00:00,14.245631399999999,15.225522779314284,12.32371859378581,11.712711400405937,6.8785394750160656,TP1_HALF
SOLUSDT,LONG,2021-03-26 17:00:00+00:00,2021-03-28 18:00:00+00:00,14.245631399999999,18.366482989285714,12.32371859378581,50.38231283263026,28.927124909926526,STOP
ETHUSDT,LONG,2021-03-24 22:00:00+00:00,2021-03-28 19:00:00+00:00,1614.6930799999998,1662.3349296428573,0.2863189268471509,12.702488119787295,2.950520456981054,STOP
SOLUSDT,LONG,2021-03-28 18:00:00+00:00,2021-03-28 19:00:00+00:00,19.0488298,17.804414705914283,20.160140739908094,-25.830550031595504,-6.532763992073242,STOP
BTCUSDT,LONG,2021-03-28 20:00:00+00:00,2021-03-29 08:00:00+00:00,55263.898689999995,56772.24247559571,0.012622485427388117,17.624872893969826,2.72934740644466,TP1_HALF
SOLUSDT,LONG,2021-03-28 20:00:00+00:00,2021-03-30 03:00:00+00:00,18.576558,19.901397395571426,9.182103631315483,11.811504051022938,7.13178079368324,TP1_HALF
SOLUSDT,LONG,2021-03-28 20:00:00+00:00,2021-03-30 15:00:00+00:00,18.576558,19.505714046428576,9.182103631315483,8.181931739524321,5.001766454413015,STOP
XRPUSDT,LONG,2021-03-25 00:00:00+00:00,2021-03-31 03:00:00+00:00,0.48069020999999995,0.54062883,261.72345134621526,15.42003935125488,12.469282451165387,STOP
BTCUSDT,LONG,2021-03-28 20:00:00+00:00,2021-03-31 07:00:00+00:00,55263.898689999995,58176.59231571428,0.012622485427388117,35.33353190042948,5.270517814989661,STOP
BTCUSDT,LONG,2021-03-31 07:00:00+00:00,2021-03-31 08:00:00+00:00,59747.24755999999,58039.577384939985,0.024167613536842505,-44.116939304243395,-2.8581570612857266,STOP
XRPUSDT,LONG,2021-03-31 05:00:00+00:00,2021-04-01 01:00:00+00:00,0.5532526999999999,0.577371179442857,502.6649961565636,11.555190328431237,4.359396608973998,TP1_HALF
XRPUSDT,LONG,2021-03-31 05:00:00+00:00,2021-04-01 04:00:00+00:00,0.5532526999999999,0.5702827178571429,502.6649961565636,7.995631934208059,3.0781626293270747,STOP
SOLUSDT,LONG,2021-03-31 07:00:00+00:00,2021-04-01 04:00:00+00:00,19.021902899999997,20.211164361385713,10.30034779803747,11.845692437099107,6.252063569232691,TP1_HALF
SOLUSDT,LONG,2021-03-31 07:00:00+00:00,2021-04-01 11:00:00+00:00,19.021902899999997,19.129658335714282,10.30034779803747,0.7169441152202238,0.5664808420102085,STOP
BTCUSDT,LONG,2021-03-31 13:00:00+00:00,2021-04-02 02:00:00+00:00,58218.13998,59982.21557930571,0.010879166268881591,17.905750434553152,3.03011329443319,TP1_HALF
XRPUSDT,LONG,2021-04-01 13:00:00+00:00,2021-04-02 07:00:00+00:00,0.55690635,0.5875535654357144,398.36883184309477,11.75297825276582,5.503118331424006,TP1_HALF
XRPUSDT,LONG,2021-04-01 13:00:00+00:00,2021-04-02 23:00:00+00:00,0.55690635,0.5781858782142857,398.36883184309477,8.024915431909266,3.821024524910821,STOP
SOLUSDT,LONG,2021-04-01 19:00:00+00:00,2021-04-03 00:00:00+00:00,19.117198099999996,20.191900273328567,11.364535927197593,11.766761799100447,5.6216510793418495,TP1_HALF
XRPUSDT,LONG,2021-04-03 00:00:00+00:00,2021-04-03 05:00:00+00:00,0.60761701,0.6394037519185715,385.63815281545726,11.777281654350755,5.231377890255473,TP1_HALF
XRPUSDT,LONG,2021-04-03 00:00:00+00:00,2021-04-03 08:00:00+00:00,0.60761701,0.6095830210714286,385.63815281545726,0.2887701064111507,0.32356090087546363,STOP
SOLUSDT,LONG,2021-04-01 19:00:00+00:00,2021-04-03 14:00:00+00:00,19.117198099999996,21.68338062857143,11.364535927197593,28.699793898885535,13.423423846674654,STOP
BTCUSDT,LONG,2021-03-31 13:00:00+00:00,2021-04-03 17:00:00+00:00,58218.13998,58317.50626071429,0.010879166268881591,-0.18678838229317307,0.170679243185079,STOP
XRPUSDT,LONG,2021-04-03 15:00:00+00:00,2021-04-03 17:00:00+00:00,0.6281475199999998,0.5948948867657141,768.9566173378878,-26.510298921381136,-5.29376176384263,STOP
SOLUSDT,LONG,2021-04-03 17:00:00+00:00,2021-04-03 21:00:00+00:00,21.282261,22.52127075685714,9.926325743237603,11.864006320690809,5.821795705151556,TP1_HALF
BTCUSDT,LONG,2021-04-03 19:00:00+00:00,2021-04-03 22:00:00+00:00,58513.81535999999,57154.82403821142,0.030782709370087747,-45.394029004917556,-2.3225136037148153,STOP
SOLUSDT,LONG,2021-04-03 17:00:00+00:00,2021-04-03 23:00:00+00:00,21.282261,22.465658282142858,9.926325743237603,11.312530808828665,5.560486651972085,STOP
SOLUSDT,LONG,2021-04-03 23:00:00+00:00,2021-04-04 00:00:00+00:00,23.599375799999997,22.199265027771425,18.136173867152635,-26.22326451134247,-5.9328296819976645,STOP
SOLUSDT,LONG,2021-04-04 01:00:00+00:00,2021-04-04 13:00:00+00:00,23.3525292,24.902933481514285,7.910738572539525,11.883106602835095,6.639127900177444,TP1_HALF
SOLUSDT,LONG,2021-04-04 01:00:00+00:00,2021-04-04 19:00:00+00:00,23.3525292,23.931612289285713,7.910738572539525,4.206922449169136,2.479744632053449,STOP
XRPUSDT,LONG,2021-04-03 23:00:00+00:00,2021-04-04 22:00:00+00:00,0.5868262399999999,0.6216767980457142,352.23607101568115,11.849945276794582,5.938820671296874,TP1_HALF
XRPUSDT,LONG,2021-04-03 23:00:00+00:00,2021-04-05 05:00:00+00:00,0.5868262399999999,0.6899964557142858,352.23607101568115,35.89052841931829,17.581050178377478,STOP
XRPUSDT,LONG,2021-04-05 05:00:00+00:00,2021-04-05 07:00:00+00:00,0.7083376299999999,0.6619047055842856,548.0328168011137,-26.197704126727526,-6.555196625049319,STOP
ETHUSDT,LONG,2021-04-03 23:00:00+00:00,2021-04-05 14:00:00+00:00,2035.68365,2122.0776624214286,0.2258485655821373,18.57293935182173,4.2439802678293725,TP1_HALF
XRPUSDT,LONG,2021-04-05 08:00:00+00:00,2021-04-05 15:00:00+00:00,0.69153084,0.7395887252314286,256.3430225560553,11.952446042885892,6.949492698175064,TP1_HALF
XRPUSDT,LONG,2021-04-05 08:00:00+00:00,2021-04-05 17:00:00+00:00,0.69153084,0.8276732839285714,256.3430225560553,34.50972819781081,19.68711097954379,STOP
XRPUSDT,LONG,2021-04-05 17:00:00+00:00,2021-04-05 20:00:00+00:00,0.8360352,0.8914699805142857,223.52235527480025,12.00477667799678,6.630675420638488,TP1_HALF
XRPUSDT,LONG,2021-04-05 17:00:00+00:00,2021-04-05 22:00:00+00:00,0.8360352,0.8827791942857143,223.52235527480025,10.064134256003692,5.591151459378052,STOP
XRPUSDT,LONG,2021-04-05 22:00:00+00:00,2021-04-06 01:00:00+00:00,0.9020311299999999,0.8338400267271427,374.6624351561464,-26.199010522889633,-7.559728373549279,STOP
SOLUSDT,LONG,2021-04-05 15:00:00+00:00,2021-04-06 10:00:00+00:00,24.598473899999995,22.174198933242852,10.44698422967849,-25.814995721585014,-9.855387682229921,STOP
XRPUSDT,LONG,2021-04-06 09:00:00+00:00,2021-04-06 10:00:00+00:00,0.9854244399999998,1.0754985791314284,138.07037181731715,12.152017473462758,9.140643916993628,TP1_HALF
XRPUSDT,LONG,2021-04-06 09:00:00+00:00,2021-04-06 11:00:00+00:00,0.9854244399999998,1.0096386364285712,138.07037181731715,3.067804003388908,2.4572352222735017,STOP
XRPUSDT,LONG,2021-04-06 11:00:00+00:00,2021-04-06 13:00:00+00:00,1.02691589,0.9348294105385714,275.8501487027196,-25.94321678581543,-8.967285476654618,STOP
ETHUSDT,LONG,2021-04-03 23:00:00+00:00,2021-04-06 14:00:00+00:00,2035.68365,2060.4193039285715,0.2258485655821373,4.661412981882518,1.2151030406208463,STOP
SOLUSDT,LONG,2021-04-06 13:00:00+00:00,2021-04-06 21:00:00+00:00,23.056233199999998,24.97507241322857,6.450913980497431,12.068420886060968,8.322431494267569,TP1_HALF
XRPUSDT,LONG,2021-04-06 17:00:00+00:00,2021-04-06 23:00:00+00:00,0.9818208399999999,1.1050293473742856,100.916243669689,12.223142670350887,12.548980664770326,TP1_HALF
SOLUSDT,LONG,2021-04-06 13:00:00+00:00,2021-04-07 02:00:00+00:00,23.056233199999998,23.97316355357143,6.450913980497431,5.611656243984419,3.9769304275228734,STOP
XRPUSDT,LONG,2021-04-06 17:00:00+00:00,2021-04-07 06:00:00+00:00,0.9818208399999999,0.9936906717857144,100.916243669689,0.9984976357097347,1.20896107539481,STOP
SOLUSDT,LONG,2021-04-07 03:00:00+00:00,2021-04-07 06:00:00+00:00,24.423399,26.394356793857146,6.299629922450202,12.096171639078161,8.069956986155557,TP1_HALF
SOLUSDT,LONG,2021-04-07 03:00:00+00:00,2021-04-07 09:00:00+00:00,24.423399,24.422574407142857,6.299629922450202,-0.31290618550353855,-0.003376241190433671,STOP
BTCUSDT,LONG,2021-04-06 17:00:00+00:00,2021-04-07 10:00:00+00:00,58135.58751,56700.03714463286,0.02911615963461972,-45.14128598075188,-2.4693142820999436,STOP
SOLUSDT,LONG,2021-04-07 10:00:00+00:00,2021-04-07 11:00:00+00:00,25.243518299999998,23.085416917414282,11.749263112947924,-25.923930344254288,-8.54913073898148,STOP
SOLUSDT,LONG,2021-04-07 13:00:00+00:00,2021-04-07 14:00:00+00:00,25.052227199999997,27.27481793708571,5.560216549322246,12.067136096365957,8.871828917014257,TP1_HALF
SOLUSDT,LONG,2021-04-07 13:00:00+00:00,2021-04-07 19:00:00+00:00,25.052227199999997,25.245136735714283,5.560216549322246,0.7929545576579993,0.7700294835035093,STOP
BTCUSDT,LONG,2021-04-07 13:00:00+00:00,2021-04-08 18:00:00+00:00,56519.68321999999,58019.148137494274,0.012850905183768148,17.797553819470984,2.6529959689577387,TP1_HALF
SOLUSDT,LONG,2021-04-07 19:00:00+00:00,2021-04-09 09:00:00+00:00,25.9537278,28.435214122199998,4.9905243577781055,12.112488594975783,9.561194219660418,TP1_HALF
XRPUSDT,LONG,2021-04-07 12:00:00+00:00,2021-04-10 07:00:00+00:00,0.9227318099999999,1.0948109031899997,72.23843798751338,12.284980768179402,18.648874063418262,TP1_HALF
BTCUSDT,LONG,2021-04-07 13:00:00+00:00,2021-04-10 12:00:00+00:00,56519.68321999999,59882.515399285716,0.012850905183768148,41.71956386728666,5.949842581735765,STOP
XRPUSDT,LONG,2021-04-07 12:00:00+00:00,2021-04-10 18:00:00+00:00,0.9227318099999999,1.224599175,72.23843798751338,21.651307090807986,32.71452893772029,STOP
SOLUSDT,LONG,2021-04-07 19:00:00+00:00,2021-04-10 20:00:00+00:00,25.9537278,26.46355995,4.9905243577781055,2.2827400116683476,1.964388907554171,STOP
ETHUSDT,LONG,2021-04-10 14:00:00+00:00,2021-04-10 20:00:00+00:00,2159.9377799999997,2091.9284004342853,0.613191724325747,-44.309997881007476,-3.1486730865791124,STOP
XRPUSDT,LONG,2021-04-10 19:00:00+00:00,2021-04-11 00:00:00+00:00,1.28860732,1.386899389465714,126.98513872036327,12.141882485566523,7.6277751911043135,TP1_HALF
XRPUSDT,LONG,2021-04-10 19:00:00+00:00,2021-04-11 06:00:00+00:00,1.28860732,1.3989193232142858,126.98513872036327,13.666709087084017,8.560560032693743,STOP
SOLUSDT,LONG,2021-04-11 07:00:00+00:00,2021-04-11 15:00:00+00:00,26.003978,27.572046211285713,7.919975695467538,11.994741312604937,6.030108975194914,TP1_HALF
SOLUSDT,LONG,2021-04-11 07:00:00+00:00,2021-04-12 07:00:00+00:00,26.003978,28.305498310714288,7.919975695467538,17.79785519106763,8.850647046056913,STOP
SOLUSDT,LONG,2021-04-12 07:00:00+00:00,2021-04-12 10:00:00+00:00,29.1372081,27.376040370471426,14.62123945760932,-26.576748836865526,-6.04439424492621,STOP
XRPUSDT,LONG,2021-04-12 08:00:00+00:00,2021-04-13 06:00:00+00:00,1.4037723699999998,1.570737916915714,75.20501095190866,12.332947705683653,11.894061350966357,TP1_HALF
BTCUSDT,LONG,2021-04-11 01:00:00+00:00,2021-04-13 08:00:00+00:00,60208.648499999996,61607.52502007142,0.013825590954732693,17.656113975928207,2.323381366169386,TP1_HALF
SOLUSDT,LONG,2021-04-12 12:00:00+00:00,2021-04-13 08:00:00+00:00,28.1157877,26.303846808728572,14.159492161482317,-26.42671723528412,-6.444567410328772,STOP
XRPUSDT,LONG,2021-04-12 08:00:00+00:00,2021-04-13 21:00:00+00:00,1.4037723699999998,1.7186218007142857,75.20501095190866,23.443435197265337,22.428809502375803,STOP
BTCUSDT,LONG,2021-04-11 01:00:00+00:00,2021-04-14 08:00:00+00:00,60208.648499999996,63330.06083142857,0.013825590954732693,41.44737443309805,5.184325523315092,STOP
XRPUSDT,LONG,2021-04-14 05:00:00+00:00,2021-04-14 08:00:00+00:00,1.9397077699999998,1.7665141304442857,147.8827624105242,-26.16044018217572,-8.928852182497272,STOP
SOLUSDT,LONG,2021-04-13 13:00:00+00:00,2021-04-14 14:00:00+00:00,26.933706799999996,25.007338714628567,13.302357171050618,-26.316174653797066,-7.152257577005439,STOP
BTCUSDT,LONG,2021-04-14 11:00:00+00:00,2021-04-14 15:00:00+00:00,64164.08998999999,62432.29555679571,0.02433506560024728,-45.22406248520473,-2.6990087967805443,STOP
BTCUSDT,LONG,2021-04-14 16:00:00+00:00,2021-04-16 06:00:00+00:00,63108.06501999999,61171.84265855142,0.02151284579286309,-44.32726757157625,-3.0681060508430225,STOP
XRPUSDT,LONG,2021-04-14 16:00:00+00:00,2021-04-16 11:00:00+00:00,1.7129011899999997,1.4898502055957141,113.78526242042757,-25.744340701591586,-13.02182435895708,STOP
SOLUSDT,LONG,2021-04-15 13:00:00+00:00,2021-04-16 11:00:00+00:00,27.415488099999997,25.471148597614285,13.138242149653694,-26.24004064289468,-7.092120684824554,STOP
BTCUSDT,LONG,2021-04-16 06:00:00+00:00,2021-04-16 11:00:00+00:00,61861.38958999999,59948.39475826713,0.02167260681316294,-44.099520385935236,-3.092389040096988,STOP
SOLUSDT,LONG,2021-04-16 12:00:00+00:00,2021-04-18 00:00:00+00:00,26.153227099999995,24.21444199075714,12.984377819226005,-25.827911214046722,-7.413177356009171,STOP
BTCUSDT,LONG,2021-04-16 12:00:00+00:00,2021-04-18 02:00:00+00:00,60914.66380999999,58797.646592618556,0.019325366777024355,-43.22561850542733,-3.4753819277155706,STOP
XRPUSDT,LONG,2021-04-16 12:00:00+00:00,2021-04-18 03:00:00+00:00,1.5920104199999998,1.364990491722857,110.16530349438828,-25.335478200798825,-14.259952411438537,STOP
ETHUSDT,LONG,2021-04-18 02:00:00+00:00,2021-04-18 03:00:00+00:00,2287.1148299999995,2164.538838741428,0.3280353033941292,-41.66955204317276,-5.359415699235848,STOP
SOLUSDT,LONG,2021-04-18 05:00:00+00:00,2021-04-18 07:00:00+00:00,23.876652799999995,25.72300047934285,6.548553644702679,11.76610083469056,7.732858097022954,TP1_HALF
SOLUSDT,LONG,2021-04-18 05:00:00+00:00,2021-04-18 09:00:00+00:00,23.876652799999995,26.749527267857143,6.548553644702679,18.481644311258457,12.032149112027746,STOP
SOLUSDT,LONG,2021-04-18 09:00:00+00:00,2021-04-18 11:00:00+00:00,27.558330799999997,25.153787547771426,10.336654749188245,-25.39980039623627,-8.725286265264554,STOP
SOLUSDT,LONG,2021-04-18 13:00:00+00:00,2021-04-18 18:00:00+00:00,26.3752489,29.036679583242854,4.558855269696858,11.880462333064704,10.090637223305432,TP1_HALF
SOLUSDT,LONG,2021-04-18 13:00:00+00:00,2021-04-19 04:00:00+00:00,26.3752489,30.269204067857146,4.558855269696858,17.493744174037253,14.763671738685069,STOP
SOLUSDT,LONG,2021-04-19 11:00:00+00:00,2021-04-20 00:00:00+00:00,32.83600319999999,29.242913157514277,6.904001311385856,-25.235291285190538,-10.942531649179877,STOP
BTCUSDT,LONG,2021-04-18 06:00:00+00:00,2021-04-22 02:00:00+00:00,55624.74917999999,52918.629007962845,0.014786385079316042,-41.61869912234327,-4.864957077433685,STOP
SOLUSDT,LONG,2021-04-20 21:00:00+00:00,2021-04-22 06:00:00+00:00,31.965933999999997,37.02709127314285,2.406870246308468,12.0154915928825,15.832971666471106,TP1_HALF
ETHUSDT,LONG,2021-04-22 03:00:00+00:00,2021-04-22 11:00:00+00:00,2408.49609,2553.358033195714,0.1326160542928222,18.552997808011753,6.014622311291107,TP1_HALF
ETHUSDT,LONG,2021-04-22 03:00:00+00:00,2021-04-22 19:00:00+00:00,2408.49609,2494.5550907142856,0.1326160542928222,10.76258180952962,3.5731426374989717,STOP
ETHUSDT,LONG,2021-04-22 19:00:00+00:00,2021-04-22 20:00:00+00:00,2542.3598199999997,2381.17126518,0.24725464171794964,-41.0719842855065,-6.340115728386541,STOP
XRPUSDT,LONG,2021-04-18 06:00:00+00:00,2021-04-22 21:00:00+00:00,1.33600467,1.1014560399728572,105.03088628165158,-24.890859146543143,-17.555973814608194,STOP
SOLUSDT,LONG,2021-04-20 21:00:00+00:00,2021-04-22 21:00:00+00:00,31.965933999999997,35.61283009285714,2.406870246308468,8.614952380699059,11.408695559645277,STOP
BTCUSDT,LONG,2021-04-22 22:00:00+00:00,2021-04-23 02:00:00+00:00,51725.383709999995,49172.47237307571,0.015591342131873373,-41.376447080888525,-4.935509712672726,STOP
XRPUSDT,LONG,2021-04-23 01:00:00+00:00,2021-04-23 02:00:00+00:00,1.1629617999999997,1.0124015992714281,163.14243075906413,-24.917651195173224,-12.946272244588908,STOP
SOLUSDT,LONG,2021-04-22 22:00:00+00:00,2021-04-23 04:00:00+00:00,38.33829999999999,34.026978246428556,5.703983872703381,-25.00448013246804,-11.245469291991128,STOP
BTCUSDT,LONG,2021-04-23 04:00:00+00:00,2021-04-23 08:00:00+00:00,50349.05876,47527.73808945429,0.013941686247656432,-40.69853518537668,-5.603522171078046,STOP
SOLUSDT,LONG,2021-04-23 06:00:00+00:00,2021-04-24 18:00:00+00:00,35.6741385,40.9615859115,2.26793717569013,11.817793540668623,14.821513942095631,TP1_HALF
SOLUSDT,LONG,2021-04-23 06:00:00+00:00,2021-04-25 20:00:00+00:00,35.6741385,41.63187645000001,2.26793717569013,13.336450194615363,16.700439591554563,STOP
BTCUSDT,LONG,2021-04-23 09:00:00+00:00,2021-04-26 01:00:00+00:00,48798.499749999995,51722.52509346428,0.006470175747864783,18.268569166331925,5.992039424253592,TP1_HALF
XRPUSDT,LONG,2021-04-23 04:00:00+00:00,2021-04-26 12:00:00+00:00,1.0732121399999999,1.2457711932171427,69.52915824216441,11.836648758116597,16.078745924095017,TP1_HALF
XRPUSDT,LONG,2021-04-23 04:00:00+00:00,2021-04-28 06:00:00+00:00,1.0732121399999999,1.2869057346428572,69.52915824216441,14.693838748083959,19.911589393953122,STOP
SOLUSDT,LONG,2021-04-25 22:00:00+00:00,2021-04-28 06:00:00+00:00,45.548503,41.036086550571426,5.3966647165609025,-24.81926663848567,-9.90683810053773,STOP
BTCUSDT,LONG,2021-04-23 09:00:00+00:00,2021-04-29 15:00:00+00:00,48798.499749999995,53398.74815678572,0.006470175747864783,29.103181520833576,9.427028352005284,STOP
XRPUSDT,LONG,2021-04-28 08:00:00+00:00,2021-04-30 05:00:00+00:00,1.3534521,1.4996591539714283,81.85146828496545,11.733730695862683,10.802528879406115,TP1_HALF
BTCUSDT,LONG,2021-04-29 15:00:00+00:00,2021-04-30 13:00:00+00:00,53735.942259999996,55457.015803097136,0.010921182723614208,17.60364239780295,3.2028349568520964,TP1_HALF
SOLUSDT,LONG,2021-04-28 12:00:00+00:00,2021-05-01 16:00:00+00:00,44.14910499999999,47.85527325214285,3.2205392057861797,11.639556452001111,8.394662252253715,TP1_HALF
BTCUSDT,LONG,2021-04-29 15:00:00+00:00,2021-05-02 03:00:00+00:00,53735.942259999996,56624.80244464286,0.010921182723614208,30.344500081025064,5.376029642627622,STOP
SOLUSDT,LONG,2021-04-28 12:00:00+00:00,2021-05-02 07:00:00+00:00,44.14910499999999,46.189692642857146,3.2205392057861797,6.280852867051867,4.622036262925722,STOP
BTCUSDT,LONG,2021-05-02 05:00:00+00:00,2021-05-03 07:00:00+00:00,56962.58568,58657.994682891425,0.01114233934909933,17.602538703591282,2.976355414088405,TP1_HALF
XRPUSDT,LONG,2021-04-28 08:00:00+00:00,2021-05-03 13:00:00+00:00,1.3534521,1.5173728939285716,81.85146828496545,13.182176424548606,12.111311063655062,STOP
BTCUSDT,LONG,2021-05-02 05:00:00+00:00,2021-05-03 16:00:00+00:00,56962.58568,57170.08697142857,0.01114233934909933,1.0403448349716673,0.3642764613851268,STOP
ETHUSDT,LONG,2021-05-03 16:00:00+00:00,2021-05-03 17:00:00+00:00,3166.8236599999996,3269.748495625714,0.18476150388626486,17.827316666107745,3.2500968375900774,TP1_HALF
SOLUSDT,LONG,2021-05-02 16:00:00+00:00,2021-05-04 00:00:00+00:00,47.087039999999995,43.96984756714285,7.954966340515724,-25.521515355957657,-6.620064529129765,STOP
XRPUSDT,LONG,2021-05-03 15:00:00+00:00,2021-05-04 00:00:00+00:00,1.5606590999999999,1.4794638694714286,307.64866876971683,-25.91489436701934,-5.202624360987695,STOP
ETHUSDT,LONG,2021-05-03 16:00:00+00:00,2021-05-04 00:00:00+00:00,3166.8236599999996,3344.4543407142855,0.18476150388626486,31.616278189478894,5.609111835241443,STOP
ETHUSDT,LONG,2021-05-04 00:00:00+00:00,2021-05-04 01:00:00+00:00,3434.4710399999994,3293.8017982457136,0.28560798073709565,-42.09790650843953,-4.095805150661159,STOP
XRPUSDT,LONG,2021-05-04 02:00:00+00:00,2021-05-04 14:00:00+00:00,1.4721706999999997,1.381152450728571,272.395530455075,-25.570196764585507,-6.182588015875378,STOP
BTCUSDT,LONG,2021-05-04 02:00:00+00:00,2021-05-04 15:00:00+00:00,55738.39270999999,54078.91573264714,0.024335089826942657,-43.055935375129856,-2.977260191170039,STOP
XRPUSDT,LONG,2021-05-04 22:00:00+00:00,2021-05-05 11:00:00+00:00,1.4451436999999998,1.5508520098714285,113.01809227955366,11.608349800157379,7.314726547361938,TP1_HALF
BTCUSDT,LONG,2021-05-04 17:00:00+00:00,2021-05-05 13:00:00+00:00,53903.079229999996,55850.71510827,0.009680773973190926,17.792121043920233,3.61321821701428,TP1_HALF
XRPUSDT,LONG,2021-05-04 22:00:00+00:00,2021-05-06 06:00:00+00:00,1.4451436999999998,1.6568807464285715,113.01809227955366,23.57953216712456,14.651625746877063,STOP
BTCUSDT,LONG,2021-05-04 17:00:00+00:00,2021-05-06 18:00:00+00:00,53903.079229999996,56300.1010425,0.009680773973190926,22.13817429627608,4.446910727070175,STOP
XRPUSDT,LONG,2021-05-06 15:00:00+00:00,2021-05-06 18:00:00+00:00,1.6877860999999998,1.5386245067571427,165.13356396602097,-25.164374181354535,-8.837707174081899,STOP
SOLUSDT,LONG,2021-05-04 18:00:00+00:00,2021-05-07 04:00:00+00:00,44.473428999999996,41.39385085671428,7.980139101499583,-25.260694794881797,-6.924534969601092,STOP
SOLUSDT,LONG,2021-05-07 06:00:00+00:00,2021-05-07 15:00:00+00:00,42.1421,44.580189471428575,4.895153566585774,11.510303447110271,5.78540099195004,TP1_HALF
SOLUSDT,LONG,2021-05-07 06:00:00+00:00,2021-05-07 18:00:00+00:00,42.1421,43.71652542857143,4.895153566585774,7.286763095505951,3.7359918669725323,STOP
BTCUSDT,LONG,2021-05-06 20:00:00+00:00,2021-05-08 08:00:00+00:00,56184.54841999999,58623.41988943714,0.007805938546208165,18.141496867288275,4.3408224111826765,TP1_HALF
SOLUSDT,LONG,2021-05-08 09:00:00+00:00,2021-05-08 22:00:00+00:00,43.914871,46.29724170042857,5.023003721165279,11.513521115659422,5.42497483467177,TP1_HALF
SOLUSDT,LONG,2021-05-08 09:00:00+00:00,2021-05-09 03:00:00+00:00,43.914871,44.676564428571425,5.023003721165279,3.380993816280327,1.7344772083502713,STOP
XRPUSDT,LONG,2021-05-06 20:00:00+00:00,2021-05-09 04:00:00+00:00,1.6210193999999998,1.4557193663142856,148.73817231345265,-25.044053394552826,-10.197289044518175,STOP
BTCUSDT,LONG,2021-05-06 20:00:00+00:00,2021-05-09 12:00:00+00:00,56184.54841999999,56945.44398214285,0.007805938546208165,5.056418229745567,1.3542790385265624,STOP
BTCUSDT,LONG,2021-05-09 14:00:00+00:00,2021-05-10 03:00:00+00:00,57277.24001999999,59167.91537747999,0.010005074197914219,17.751304816015974,3.3009191029802043,TP1_HALF
BTCUSDT,LONG,2021-05-09 14:00:00+00:00,2021-05-10 10:00:00+00:00,57277.24001999999,57492.54740249999,0.010005074197914219,1.0058860984302715,0.37590390602764145,STOP
SOLUSDT,LONG,2021-05-09 05:00:00+00:00,2021-05-10 14:00:00+00:00,45.978933,43.171218567,8.816606237447544,-25.54051436533431,-6.106523683357334,STOP
XRPUSDT,LONG,2021-05-09 06:00:00+00:00,2021-05-10 19:00:00+00:00,1.5303287999999997,1.4263010711999997,237.55855695344752,-25.415049862520323,-6.797737113749669,STOP
BTCUSDT,LONG,2021-05-10 12:00:00+00:00,2021-05-10 19:00:00+00:00,58128.70062999999,56156.48864294142,0.020403382943580205,-42.5716008993907,-3.3928368700550715,STOP
SOLUSDT,LONG,2021-05-10 14:00:00+00:00,2021-05-10 20:00:00+00:00,43.991947999999994,41.409497052,9.590393813605232,-25.585755085937762,-5.87028096141593,STOP
SOLUSDT,LONG,2021-05-10 21:00:00+00:00,2021-05-11 22:00:00+00:00,42.170128,44.78982905057143,4.5289803278582115,11.470734588114057,6.21221982198259,TP1_HALF
XRPUSDT,LONG,2021-05-10 22:00:00+00:00,2021-05-12 03:00:00+00:00,1.4335320999999999,1.5421740964714286,109.52082047209815,11.572658807156206,7.578623211257618,TP1_HALF
BTCUSDT,LONG,2021-05-11 13:00:00+00:00,2021-05-12 03:00:00+00:00,55429.454079999996,57723.33546341999,0.008210450152860371,17.904763416940927,4.138379894756494,TP1_HALF
XRPUSDT,LONG,2021-05-10 22:00:00+00:00,2021-05-12 10:00:00+00:00,1.4335320999999999,1.4353774714285714,109.52082047209815,-0.11209873719018842,0.12872899243565605,STOP
BTCUSDT,LONG,2021-05-11 13:00:00+00:00,2021-05-12 15:00:00+00:00,55429.454079999996,55592.699152500005,0.008210450152860371,0.4287736754827338,0.29450961624915006,STOP
SOLUSDT,LONG,2021-05-10 21:00:00+00:00,2021-05-12 16:00:00+00:00,42.170128,45.48992882142858,4.5289803278582115,14.638301939774383,7.872399205021563,STOP
ETHUSDT,LONG,2021-05-12 15:00:00+00:00,2021-05-12 18:00:00+00:00,4321.266949999999,4049.322145907142,0.14476564255531446,-40.58003801311711,-6.293172980041362,STOP
SOLUSDT,LONG,2021-05-12 16:00:00+00:00,2021-05-12 18:00:00+00:00,47.49745,44.01228651428572,7.0544207117658795,-25.23135765810761,-7.337580197914373,STOP
SOLUSDT,LONG,2021-05-12 20:00:00+00:00,2021-05-12 21:00:00+00:00,44.913869,48.65759127385714,3.178766396873319,11.602976749738362,8.335336850755715,TP1_HALF
XRPUSDT,LONG,2021-05-12 12:00:00+00:00,2021-05-12 22:00:00+00:00,1.4623609,1.3289235033857143,183.4673681282202,-24.993517569890997,-9.124792423969053,STOP
BTCUSDT,LONG,2021-05-12 20:00:00+00:00,2021-05-12 22:00:00+00:00,54486.822389999994,52004.520455824284,0.015873616342438526,-41.09351126932401,-4.555783995638707,STOP
SOLUSDT,LONG,2021-05-12 20:00:00+00:00,2021-05-12 22:00:00+00:00,44.913869,44.99353285714286,3.178766396873319,-0.0325618357226265,0.177370284316547,STOP
SOLUSDT,LONG,2021-05-12 22:00:00+00:00,2021-05-12 23:00:00+00:00,48.853804999999994,45.01631505214285,6.321594994986291,-24.852466128784307,-7.855048235970862,STOP
ETHUSDT,LONG,2021-05-12 23:00:00+00:00,2021-05-13 00:00:00+00:00,4237.7034699999995,3941.761334387142,0.1310266234564688,-39.84802642284895,-6.9835498804463825,STOP
SOLUSDT,LONG,2021-05-13 01:00:00+00:00,2021-05-13 16:00:00+00:00,44.632588,40.182365412,5.399647674514015,-24.487604914319036,-9.970792166477093,STOP
XRPUSDT,LONG,2021-05-13 01:00:00+00:00,2021-05-15 14:00:00+00:00,1.3064050999999999,1.4533003449,80.25765502058238,11.56798040179296,11.244233882736676,TP1_HALF
XRPUSDT,LONG,2021-05-13 01:00:00+00:00,2021-05-15 16:00:00+00:00,1.3064050999999999,1.43711145,80.25765502058238,10.269996942486346,10.005039784367042,STOP
BTCUSDT,LONG,2021-05-13 01:00:00+00:00,2021-05-15 23:00:00+00:00,49716.656989999996,46754.04792693856,0.013066673522868914,-39.971996608586984,-5.9589868716581895,STOP
SOLUSDT,LONG,2021-05-14 15:00:00+00:00,2021-05-16 12:00:00+00:00,43.7437,48.803526192857134,2.324595969411254,11.546916664849086,11.566982657747605,TP1_HALF
SOLUSDT,LONG,2021-05-14 15:00:00+00:00,2021-05-16 16:00:00+00:00,43.7437,47.44383010714286,2.324595969411254,8.389333368413894,8.458658291691968,STOP
ETHUSDT,LONG,2021-05-16 01:00:00+00:00,2021-05-16 17:00:00+00:00,3770.7669999999994,3494.9135879999994,0.1392646637464205,-39.428485229459504,-7.315578289509794,STOP
XRPUSDT,LONG,2021-05-15 16:00:00+00:00,2021-05-16 19:00:00+00:00,1.5191176,1.3805285466857142,173.50279059791959,-24.548684194548905,-9.122997015786382,STOP
ETHUSDT,LONG,2021-05-16 18:00:00+00:00,2021-05-16 19:00:00+00:00,3608.9553499999997,3362.2511617928567,0.15555059081532555,-39.45935752384139,-6.835889177934639,STOP
SOLUSDT,LONG,2021-05-16 18:00:00+00:00,2021-05-16 19:00:00+00:00,46.83779099999999,42.87644306614285,6.037410447817572,-24.457925057378535,-8.457589158842149,STOP
SOLUSDT,LONG,2021-05-16 20:00:00+00:00,2021-05-16 22:00:00+00:00,43.697654,48.23016127457142,2.5580760748251596,11.359340073187317,10.372427029083585,TP1_HALF
SOLUSDT,LONG,2021-05-16 20:00:00+00:00,2021-05-17 01:00:00+00:00,43.697654,45.372796071428574,2.5580760748251596,4.057291867552864,3.8334828488242767,STOP
ETHUSDT,LONG,2021-05-16 22:00:00+00:00,2021-05-17 03:00:00+00:00,3480.06659,3217.362078767143,0.1446834578686701,-38.97800422149462,-7.548835760434603,STOP
XRPUSDT,LONG,2021-05-16 22:00:00+00:00,2021-05-17 12:00:00+00:00,1.416415,1.5600640885714288,80.794296567005,11.365544529412457,10.141737313670696,TP1_HALF
SOLUSDT,LONG,2021-05-17 07:00:00+00:00,2021-05-18 11:00:00+00:00,49.67462499999999,54.97887680357142,2.180989640673052,11.340270031816882,10.677990631175227,TP1_HALF
XRPUSDT,LONG,2021-05-16 22:00:00+00:00,2021-05-18 13:00:00+00:00,1.416415,1.5582294964285714,80.794296567005,11.217468172324615,10.012213682329785,STOP
SOLUSDT,LONG,2021-05-17 07:00:00+00:00,2021-05-19 01:00:00+00:00,49.67462499999999,52.967693571428576,2.180989640673052,6.958286606812798,6.629277164001923,STOP
ETHUSDT,LONG,2021-05-17 05:00:00+00:00,2021-05-19 04:00:00+00:00,3330.1067799999996,3038.3271971485706,0.1295406958520351,-38.622301566878214,-8.761868676518203,STOP
BTCUSDT,SHORT,2021-05-19 05:00:00+00:00,2021-05-19 12:00:00+00:00,39268.352340000005,35873.93364984,0.005453292363497069,18.100984667197167,8.644158687305914,TP1_HALF
BTCUSDT,SHORT,2021-05-19 05:00:00+00:00,2021-05-19 13:00:00+00:00,39268.352340000005,35955.065932499994,0.005453292363497069,17.658104171676875,8.437548840380016,STOP
BTCUSDT,SHORT,2021-05-19 13:00:00+00:00,2021-05-19 16:00:00+00:00,35199.38538,38699.19841788,0.010850554150415182,-38.77675146898387,-9.94282428541653,STOP
BTCUSDT,SHORT,2021-05-19 16:00:00+00:00,2021-05-20 12:00:00+00:00,37281.201479999996,41436.51481397999,0.009091166540050589,-38.49228141378603,-11.145867539191755,STOP
BTCUSDT,SHORT,2021-05-20 17:00:00+00:00,2021-05-21 21:00:00+00:00,39272.4882,34502.83370819999,0.003876498124645718,18.20356679564848,12.145027499938255,TP1_HALF
BTCUSDT,SHORT,2021-05-20 17:00:00+00:00,2021-05-22 10:00:00+00:00,39272.4882,38330.414979999994,0.003876498124645718,3.351117561964642,2.398812153694929,STOP
BTCUSDT,SHORT,2021-05-23 07:00:00+00:00,2021-05-23 12:00:00+00:00,36613.72962,33256.725979619994,0.005505909140726774,18.09865664886863,9.16870167344619,TP1_HALF
BTCUSDT,SHORT,2021-05-23 07:00:00+00:00,2021-05-23 22:00:00+00:00,36613.72962,34535.73837999999,0.005505909140726774,11.049488456447172,5.675442686573295,STOP
BTCUSDT,SHORT,2021-05-24 14:00:00+00:00,2021-05-26 06:00:00+00:00,37534.028399999996,40648.685048399995,0.012182357220534137,-38.89630965381946,-8.29822105745517,STOP
BTCUSDT,SHORT,2021-05-26 09:00:00+00:00,2021-05-27 03:00:00+00:00,40108.34151,37236.67455651,0.006410327439839775,17.912518591212034,7.1597748632264535,TP1_HALF
BTCUSDT,SHORT,2021-05-26 09:00:00+00:00,2021-05-27 13:00:00+00:00,40108.34151,40083.17956499999,0.006410327439839775,-0.3527576015162773,0.06273494253989931,STOP
BTCUSDT,SHORT,2021-05-27 13:00:00+00:00,2021-05-28 05:00:00+00:00,39277.49319,36740.25138069,0.007258081744445785,17.863765453275025,6.459785498622339,TP1_HALF
BTCUSDT,SHORT,2021-05-27 13:00:00+00:00,2021-05-29 05:00:00+00:00,39277.49319,37295.20330249999,0.007258081744445785,13.83185115412811,5.046884937159635,STOP
BTCUSDT,SHORT,2021-05-29 10:00:00+00:00,2021-06-01 00:00:00+00:00,35343.57105,37709.46999104999,0.016102635946500125,-39.27355585860695,-6.694000834559111,STOP
BTCUSDT,SHORT,2021-06-01 09:00:00+00:00,2021-06-02 14:00:00+00:00,36161.57223,38085.53650472999,0.019795942292657603,-39.55647723559921,-5.320466329541551,STOP
BTCUSDT,SHORT,2021-06-02 17:00:00+00:00,2021-06-03 10:00:00+00:00,37855.67643,39503.79111392999,0.02310960475950743,-39.87502566330877,-4.353679129146104,STOP
BTCUSDT,SHORT,2021-06-03 12:00:00+00:00,2021-06-04 05:00:00+00:00,38742.96825,37347.890258249994,0.012920995945339566,17.04262740057176,3.600854696387401,TP1_HALF
BTCUSDT,SHORT,2021-06-03 12:00:00+00:00,2021-06-04 13:00:00+00:00,38742.96825,37024.52611,0.012920995945339566,21.22499243582654,4.435494278371399,STOP
BTCUSDT,SHORT,2021-06-04 15:00:00+00:00,2021-06-05 21:00:00+00:00,36671.23206,35195.76516456,0.012302451903763218,17.267720239922447,4.023499655059048,TP1_HALF
BTCUSDT,SHORT,2021-06-04 15:00:00+00:00,2021-06-06 06:00:00+00:00,36671.23206,36346.9381275,0.012302451903763218,3.091307980431022,0.8843278894186235,STOP
BTCUSDT,SHORT,2021-06-06 14:00:00+00:00,2021-06-07 20:00:00+00:00,35603.39097,34052.21130597,0.011749410419505973,17.40703424792163,4.356831250531867,TP1_HALF
BTCUSDT,SHORT,2021-06-06 14:00:00+00:00,2021-06-08 18:00:00+00:00,35603.39097,32617.783054999996,0.011749410419505973,34.27757417214029,8.385740328823532,STOP
BTCUSDT,SHORT,2021-06-09 08:00:00+00:00,2021-06-09 15:00:00+00:00,34134.880950000006,36139.929775950004,0.019023903091790712,-39.48075574822591,-5.873900157691914,STOP
BTCUSDT,SHORT,2021-06-09 15:00:00+00:00,2021-06-09 16:00:00+00:00,34637.837490000005,36625.818504990006,0.019114099035945253,-39.3606065804496,-5.739333512272338,STOP
BTCUSDT,SHORT,2021-06-09 19:00:00+00:00,2021-06-10 10:00:00+00:00,35850.48363,38003.63143863,0.017559553227686115,-39.105158817345426,-6.005910076003063,STOP
BTCUSDT,SHORT,2021-06-10 13:00:00+00:00,2021-06-12 02:00:00+00:00,37734.1281,35640.0024981,0.008683080199950663,17.54634708948269,5.549685940404703,TP1_HALF
BTCUSDT,SHORT,2021-06-10 13:00:00+00:00,2021-06-13 16:00:00+00:00,37734.1281,36766.820089999994,0.008683080199950663,7.7523153207786075,2.563483135045619,STOP
BTCUSDT,SHORT,2021-06-13 22:00:00+00:00,2021-06-14 13:00:00+00:00,38860.61049,40411.81085798999,0.024547072627997733,-40.02333397785353,-3.9917035487364805,STOP
BTCUSDT,SHORT,2021-06-14 17:00:00+00:00,2021-06-16 16:00:00+00:00,40119.81003,38524.383427529996,0.011299972949044532,17.13960019142756,3.9766554260277087,TP1_HALF
BTCUSDT,SHORT,2021-06-14 17:00:00+00:00,2021-06-19 12:00:00+00:00,40119.81003,36473.86993249999,0.011299972949044532,40.333517963942874,9.087630511644296,STOP
BTCUSDT,SHORT,2021-06-19 13:00:00+00:00,2021-06-20 10:00:00+00:00,35707.266990000004,34223.86058949,0.012241803756073375,17.303486905277566,4.15435435292607,TP1_HALF
BTCUSDT,SHORT,2021-06-19 13:00:00+00:00,2021-06-20 18:00:00+00:00,35707.266990000004,34888.44966749999,0.012241803756073375,9.159582064778135,2.293139160522495,STOP
BTCUSDT,SHORT,2021-06-21 05:00:00+00:00,2021-06-21 06:00:00+00:00,34209.64611,32743.452923609995,0.01242977556481111,17.3922402471267,4.285905740373663,TP1_HALF
BTCUSDT,SHORT,2021-06-21 05:00:00+00:00,2021-06-21 14:00:00+00:00,34209.64611,33242.1128325,0.01242977556481111,11.187811265704077,2.828246963996428,STOP
BTCUSDT,SHORT,2021-06-21 17:00:00+00:00,2021-06-22 12:00:00+00:00,32145.762059999997,30407.36047205999,0.01056559584690608,17.70633758615813,5.407871758321625,TP1_HALF
BTCUSDT,SHORT,2021-06-21 17:00:00+00:00,2021-06-22 14:00:00+00:00,32145.762059999997,30604.35235,0.01056559584690608,15.622919682153489,4.795063520730847,STOP
BTCUSDT,SHORT,2021-06-22 14:00:00+00:00,2021-06-22 15:00:00+00:00,29209.75101,31342.791776009995,0.017847073046369896,-39.14922001611054,-7.302495544312393,STOP
BTCUSDT,SHORT,2021-06-23 14:00:00+00:00,2021-06-25 17:00:00+00:00,33960.76524,31578.97338024,0.0077388868251729755,17.925213024067446,7.013363341279055,TP1_HALF
BTCUSDT,SHORT,2021-06-23 14:00:00+00:00,2021-06-27 00:00:00+00:00,33960.76524,32596.90362499999,0.0077388868251729755,10.039688416989133,4.015991999478308,STOP
BTCUSDT,SHORT,2021-06-27 10:00:00+00:00,2021-06-27 22:00:00+00:00,32532.02541,34512.94459040999,0.019247942429772916,-39.41909606533825,-6.089135722244587,STOP
BTCUSDT,SHORT,2021-06-28 01:00:00+00:00,2021-06-29 17:00:00+00:00,34520.23521,36543.304507709996,0.018779828184250995,-39.327454881890354,-5.8605316140022845,STOP
BTCUSDT,SHORT,2021-06-30 04:00:00+00:00,2021-07-01 06:00:00+00:00,35084.87001,33535.63428501,0.011735990404251587,17.37648602246527,4.415680390289134,TP1_HALF
BTCUSDT,SHORT,2021-06-30 04:00:00+00:00,2021-07-03 07:00:00+00:00,35084.87001,34316.019595,0.011735990404251587,8.208732918294057,2.191401634895218,STOP
BTCUSDT,SHORT,2021-07-03 13:00:00+00:00,2021-07-04 21:00:00+00:00,34509.42603,35800.187953529996,0.029683193379677383,-40.40094965158874,-3.7403169858805985,STOP
BTCUSDT,SHORT,2021-07-04 23:00:00+00:00,2021-07-05 02:00:00+00:00,35329.17546,34448.097357959996,0.020257270607822144,16.434740441901422,2.4939107425180795,TP1_HALF
BTCUSDT,SHORT,2021-07-04 23:00:00+00:00,2021-07-05 18:00:00+00:00,35329.17546,34075.0828275,0.020257270607822144,23.998552982363403,3.5497364888118943,STOP
BTCUSDT,SHORT,2021-07-06 10:00:00+00:00,2021-07-08 00:00:00+00:00,34170.35544,33147.13088544,0.01763282335142932,16.855340474562716,2.994480277961087,TP1_HALF
BTCUSDT,SHORT,2021-07-06 10:00:00+00:00,2021-07-08 19:00:00+00:00,34170.35544,33166.47190999999,0.01763282335142932,16.513962568191165,2.937878512158687,STOP
BTCUSDT,SHORT,2021-07-09 06:00:00+00:00,2021-07-09 21:00:00+00:00,32963.18382,34019.86541381999,0.036556269424561895,-41.0769874343294,-3.2056417838463247,STOP
BTCUSDT,SHORT,2021-07-10 02:00:00+00:00,2021-07-12 20:00:00+00:00,33733.25298,32714.004660479997,0.01769207302683217,16.857025966815712,3.0214943104488023,TP1_HALF
BTCUSDT,SHORT,2021-07-10 02:00:00+00:00,2021-07-14 10:00:00+00:00,33733.25298,32634.531572499993,0.01769207302683217,18.264475686702017,3.2570870296778742,STOP
BTCUSDT,SHORT,2021-07-14 19:00:00+00:00,2021-07-15 12:00:00+00:00,32711.21604,31734.37764354,0.01852285404437112,16.90011871696305,2.9862491057058183,TP1_HALF
BTCUSDT,SHORT,2021-07-14 19:00:00+00:00,2021-07-16 15:00:00+00:00,32711.21604,32060.569612499992,0.01852285404437112,10.852070479239579,1.9890621819267817,STOP
BTCUSDT,SHORT,2021-07-16 17:00:00+00:00,2021-07-19 12:00:00+00:00,32033.30463,31083.448097129996,0.01910122631823211,16.93781722588839,2.965215558748313,TP1_HALF
BTCUSDT,SHORT,2021-07-16 17:00:00+00:00,2021-07-21 04:00:00+00:00,32033.30463,30289.167837499997,0.01910122631823211,32.12471595218445,5.444760734634202,STOP
BTCUSDT,SHORT,2021-07-21 13:00:00+00:00,2021-07-21 16:00:00+00:00,31410.4581,32423.670450599995,0.03840596222334573,-41.36500639104529,-3.2257165666743193,STOP
BTCUSDT,SHORT,2021-07-21 19:00:00+00:00,2021-07-23 01:00:00+00:00,31754.92329,32787.21346329,0.03752133761261744,-41.15461540956133,-3.2508035489888343,STOP
BTCUSDT,SHORT,2021-07-23 06:00:00+00:00,2021-07-23 23:00:00+00:00,32589.747629999998,33633.22868763,0.036973943151687144,-41.0301338663776,-3.2018690953882656,STOP
BTCUSDT,SHORT,2021-07-24 01:00:00+00:00,2021-07-24 17:00:00+00:00,33520.90554,34523.98789554,0.0383806030783027,-41.11050978928445,-2.992408287846038,STOP
BTCUSDT,SHORT,2021-07-24 18:00:00+00:00,2021-07-25 23:00:00+00:00,34265.719979999994,35109.023929979994,0.04579233133553809,-41.79368515349609,-2.4610717372120394,STOP
BTCUSDT,SHORT,2021-07-26 03:00:00+00:00,2021-07-26 06:00:00+00:00,38005.646310000004,39000.22650381,0.038554658256703025,-41.31463459132551,-2.6169274578243584,STOP
BTCUSDT,SHORT,2021-07-26 08:00:00+00:00,2021-07-26 18:00:00+00:00,38111.85,39564.28261499999,0.025959444199363947,-39.72077265267,-3.810973791615968,STOP
BTCUSDT,SHORT,2021-07-26 20:00:00+00:00,2021-07-26 21:00:00+00:00,39325.784850000004,37645.386914849994,0.010628433678090389,17.041915012314295,4.2730181776652,TP1_HALF
BTCUSDT,SHORT,2021-07-26 20:00:00+00:00,2021-07-27 12:00:00+00:00,39325.784850000004,38139.10672,0.010628433678090389,11.789199339513118,3.0175573978404646,STOP
BTCUSDT,SHORT,2021-07-27 15:00:00+00:00,2021-07-28 03:00:00+00:00,38204.717039999996,40317.76095204,0.017674323328551962,-38.73445297341377,-5.530845601677048,STOP
BTCUSDT,SHORT,2021-07-28 03:00:00+00:00,2021-07-30 23:00:00+00:00,39806.193960000004,42126.86445396,0.016009845933174126,-38.46531271200387,-5.829923092602041,STOP
BTCUSDT,LONG,2021-08-01 01:00:00+00:00,2021-08-01 22:00:00+00:00,41779.10737,40374.117124058575,0.026620688467559776,-39.58878303302863,-3.3629015419087027,STOP
BTCUSDT,LONG,2021-08-06 07:00:00+00:00,2021-08-06 16:00:00+00:00,41074.19316,42546.52904184,0.011937089244769737,16.57721679616538,3.5845765152456632,TP1_HALF
XRPUSDT,SHORT,2021-08-06 01:00:00+00:00,2021-08-06 19:00:00+00:00,0.7289703,0.7535623952999999,948.2139660593987,-24.724326424946796,-3.373538716186375,STOP
BTCUSDT,LONG,2021-08-06 07:00:00+00:00,2021-08-07 13:00:00+00:00,41074.19316,42997.034925,0.011937089244769737,21.949567999807492,4.681386576505053,STOP
SOLUSDT,LONG,2021-08-07 10:00:00+00:00,2021-08-07 16:00:00+00:00,40.165124999999996,37.94924491071428,10.369828711740281,-23.78832960754829,-5.5169256644557185,STOP
BTCUSDT,LONG,2021-08-07 17:00:00+00:00,2021-08-09 10:00:00+00:00,43748.71501,45636.329427132856,0.009343535173759005,16.80181939426908,4.314673966312821,TP1_HALF
SOLUSDT,LONG,2021-08-09 09:00:00+00:00,2021-08-10 02:00:00+00:00,38.5385,40.50152935714286,5.6348824541719535,10.61605840698694,5.093683867153254,TP1_HALF
BTCUSDT,LONG,2021-08-07 17:00:00+00:00,2021-08-10 16:00:00+00:00,43748.71501,44721.93686785715,0.009343535173759005,8.266704013093205,2.2245724420355995,STOP
SOLUSDT,LONG,2021-08-09 09:00:00+00:00,2021-08-10 16:00:00+00:00,38.5385,39.63475414285714,5.6348824541719535,5.736766136743909,2.84456878928121,STOP
SOLUSDT,LONG,2021-08-11 01:00:00+00:00,2021-08-11 14:00:00+00:00,41.22118,43.277644748571426,5.401344573550605,10.651267441867297,4.988854633883433,TP1_HALF
XRPUSDT,LONG,2021-08-11 01:00:00+00:00,2021-08-11 14:00:00+00:00,0.8701692999999998,0.9070720342714284,299.95905625515707,10.536209711926832,4.240868331188952,TP1_HALF
XRPUSDT,LONG,2021-08-11 01:00:00+00:00,2021-08-11 20:00:00+00:00,0.8701692999999998,1.0517364964285714,299.95905625515707,53.88623183870102,20.865732269406845,STOP
XRPUSDT,LONG,2021-08-11 20:00:00+00:00,2021-08-11 21:00:00+00:00,1.0641630999999998,1.0054495011857143,396.32904155473767,-24.0901519229127,-5.517349625662227,STOP
SOLUSDT,LONG,2021-08-11 01:00:00+00:00,2021-08-11 22:00:00+00:00,41.22118,41.58758507142857,5.401344573550605,1.5318013704211602,0.8888757464695862,STOP
XRPUSDT,LONG,2021-08-12 01:00:00+00:00,2021-08-12 05:00:00+00:00,1.0267256999999999,0.962109056442857,358.4185495177409,-23.872638927090723,-6.293467043548517,STOP
ETHUSDT,LONG,2021-08-10 21:00:00+00:00,2021-08-12 16:00:00+00:00,3159.0559,2992.3633983857144,0.2217102334327047,-38.32126605297228,-5.276655649375672,STOP
BTCUSDT,LONG,2021-08-13 01:00:00+00:00,2021-08-13 06:00:00+00:00,44538.18369,45788.328099167134,0.013987352248039084,16.222781474205703,2.806904785045883,TP1_HALF
SOLUSDT,LONG,2021-08-12 07:00:00+00:00,2021-08-13 07:00:00+00:00,41.081039999999994,43.35674699571428,4.905969785790202,10.750300530505722,5.539555463333667,TP1_HALF
XRPUSDT,LONG,2021-08-13 08:00:00+00:00,2021-08-14 06:00:00+00:00,1.0435424999999998,1.1298722110714285,129.92444019706699,10.933959693677888,8.27275468621822,TP1_HALF
XRPUSDT,LONG,2021-08-13 08:00:00+00:00,2021-08-14 09:00:00+00:00,1.0435424999999998,1.1030351464285713,129.92444019706699,7.450655884022411,5.701027646556933,STOP
BTCUSDT,LONG,2021-08-13 01:00:00+00:00,2021-08-14 10:00:00+00:00,44538.18369,46801.17340714286,0.013987352248039084,30.37563854554035,5.081010336869585,STOP
XRPUSDT,LONG,2021-08-14 12:00:00+00:00,2021-08-14 16:00:00+00:00,1.1555544,1.2423929063142856,129.6997812483928,10.951922031825882,7.514878253614499,TP1_HALF
SOLUSDT,LONG,2021-08-12 07:00:00+00:00,2021-08-15 07:00:00+00:00,41.081039999999994,43.404444964285716,4.905969785790202,10.984071318368095,5.655662476621148,STOP
XRPUSDT,LONG,2021-08-14 12:00:00+00:00,2021-08-15 07:00:00+00:00,1.1555544,1.2606559392857144,129.6997812483928,13.318264701771062,9.095334610444517,STOP
SOLUSDT,LONG,2021-08-15 09:00:00+00:00,2021-08-15 11:00:00+00:00,44.624579999999995,46.712320919999996,5.372828523319767,10.726336457783255,4.678455057728281,TP1_HALF
SOLUSDT,LONG,2021-08-15 09:00:00+00:00,2021-08-15 20:00:00+00:00,44.624579999999995,52.61283449999999,5.372828523319767,42.397081674978,17.901018900345946,STOP
SOLUSDT,LONG,2021-08-15 20:00:00+00:00,2021-08-16 01:00:00+00:00,52.997944999999994,56.05048126928571,3.7105281261847827,10.921894430595447,5.759725720092956,TP1_HALF
BTCUSDT,LONG,2021-08-14 12:00:00+00:00,2021-08-16 02:00:00+00:00,46616.559989999994,47946.49657036714,0.013265377228040283,16.387695810830326,2.8529273302286606,TP1_HALF
SOLUSDT,LONG,2021-08-15 20:00:00+00:00,2021-08-16 05:00:00+00:00,52.997944999999994,61.62966578571428,3.7105281261847827,31.602913778908917,16.286897134812083,STOP
BTCUSDT,LONG,2021-08-14 12:00:00+00:00,2021-08-16 13:00:00+00:00,46616.559989999994,46629.22302964285,0.013265377228040283,-1.0689604889634015,0.027164251599809397,STOP
SOLUSDT,LONG,2021-08-16 05:00:00+00:00,2021-08-16 13:00:00+00:00,61.933871999999994,65.71730319942857,3.0157706285149812,11.024994021382053,6.1088239395537425,TP1_HALF
SOLUSDT,LONG,2021-08-16 05:00:00+00:00,2021-08-16 18:00:00+00:00,61.933871999999994,65.21750292857143,3.0157706285149812,9.519218327384245,5.301833750312657,STOP
XRPUSDT,LONG,2021-08-15 09:00:00+00:00,2021-08-16 20:00:00+00:00,1.2731719,1.1613094280999998,207.19607015403895,-23.681879539442335,-8.7861247880196,STOP
SOLUSDT,LONG,2021-08-17 01:00:00+00:00,2021-08-17 02:00:00+00:00,63.871807999999994,69.98882054914286,1.8753766196290684,11.220663223570222,9.577014868817969,TP1_HALF
SOLUSDT,LONG,2021-08-17 01:00:00+00:00,2021-08-17 12:00:00+00:00,63.871807999999994,68.89896064285715,1.8753766196290684,9.178809334437792,7.870690998534369,STOP
BTCUSDT,LONG,2021-08-16 16:00:00+00:00,2021-08-17 20:00:00+00:00,46390.37402999999,44807.6668677557,0.02418078713820279,-40.476345406707885,-3.4117145966979567,STOP
XRPUSDT,LONG,2021-08-16 22:00:00+00:00,2021-08-17 22:00:00+00:00,1.2027014999999999,1.0965823913571426,220.96612584595013,-23.956792168730832,-8.823395384711608,STOP
SOLUSDT,LONG,2021-08-17 21:00:00+00:00,2021-08-18 11:00:00+00:00,66.783717,75.56493356871428,1.3072349280686313,11.293029881571432,13.148738889023326,TP1_HALF
SOLUSDT,LONG,2021-08-17 21:00:00+00:00,2021-08-18 21:00:00+00:00,66.783717,71.57149971428572,1.3072349280686313,6.0778940203481175,7.169086911238742,STOP
BTCUSDT,LONG,2021-08-17 23:00:00+00:00,2021-08-19 18:00:00+00:00,44972.40748,46462.69434787714,0.012022984425368836,16.81837299660999,3.3137804964964213,TP1_HALF
XRPUSDT,LONG,2021-08-17 23:00:00+00:00,2021-08-19 21:00:00+00:00,1.1289277999999998,1.2188969686285713,126.63820019413714,11.096209285014785,7.969435124954094,TP1_HALF
BTCUSDT,LONG,2021-08-17 23:00:00+00:00,2021-08-22 14:00:00+00:00,44972.40748,48172.02368464286,0.012022984425368836,37.34906175037649,7.114620683951123,STOP
XRPUSDT,LONG,2021-08-17 23:00:00+00:00,2021-08-22 14:00:00+00:00,1.1289277999999998,1.1973122035714285,126.63820019413714,8.365486942363368,6.057464752965491,STOP
BTCUSDT,LONG,2021-08-22 14:00:00+00:00,2021-08-23 02:00:00+00:00,48910.731869999996,50050.81131491571,0.015677351108615838,16.321970890899077,2.330939246515329,TP1_HALF
XRPUSDT,LONG,2021-08-22 16:00:00+00:00,2021-08-23 08:00:00+00:00,1.2077064999999998,1.2668241220714282,193.12178760134879,10.939015075966504,4.895032201236682,TP1_HALF
XRPUSDT,LONG,2021-08-22 16:00:00+00:00,2021-08-23 14:00:00+00:00,1.2077064999999998,1.2429700714285714,193.12178760134879,6.336884911186569,2.919879244549195,STOP
BTCUSDT,LONG,2021-08-22 14:00:00+00:00,2021-08-23 15:00:00+00:00,48910.731869999996,49260.50982321429,0.015677351108615838,3.944526757800213,0.7151353902124624,STOP
ETHUSDT,LONG,2021-08-23 16:00:00+00:00,2021-08-24 14:00:00+00:00,3329.3059799999996,3222.3682433057143,0.36126840349992434,-41.000138296345014,-3.21201287405507,STOP
XRPUSDT,LONG,2021-08-23 16:00:00+00:00,2021-08-24 14:00:00+00:00,1.2428416,1.1763711941142858,358.6525570436666,-24.70743789328362,-5.348260461004372,STOP
BTCUSDT,LONG,2021-08-24 18:00:00+00:00,2021-08-26 00:00:00+00:00,48049.011009999995,49301.40525399,0.01429046778316699,16.50611660826451,2.6064932818895103,TP1_HALF
BTCUSDT,LONG,2021-08-24 18:00:00+00:00,2021-08-26 03:00:00+00:00,48049.011009999995,48003.04390499999,0.01429046778316699,-2.029520229357796,-0.09566711995474542,STOP
XRPUSDT,LONG,2021-08-24 18:00:00+00:00,2021-08-26 12:00:00+00:00,1.1542530999999998,1.0822733147571428,327.9880481859643,-24.342063204142086,-6.236048683157702,STOP
SOLUSDT,LONG,2021-08-19 16:00:00+00:00,2021-08-27 02:00:00+00:00,73.595522,83.15556890657143,1.1997737096583025,11.28182710377462,12.989984508257745,TP1_HALF
BTCUSDT,LONG,2021-08-26 08:00:00+00:00,2021-08-27 15:00:00+00:00,46938.641749999995,48329.480677178566,0.01294558148716264,16.771917425298028,2.9631000713363553,TP1_HALF
XRPUSDT,LONG,2021-08-26 14:00:00+00:00,2021-08-27 23:00:00+00:00,1.1126114999999999,1.178653095642857,172.77613743921745,11.014535958809091,5.935728297151077,TP1_HALF
BTCUSDT,LONG,2021-08-26 08:00:00+00:00,2021-08-29 03:00:00+00:00,46938.641749999995,48144.860161071425,0.01294558148716264,14.384287509766475,2.569776981395999,STOP
XRPUSDT,LONG,2021-08-26 14:00:00+00:00,2021-08-29 03:00:00+00:00,1.1126114999999999,1.129647792857143,172.77613743921745,2.5560559763834547,1.5311987029743124,STOP
BTCUSDT,LONG,2021-08-29 17:00:00+00:00,2021-08-30 12:00:00+00:00,48708.659999999996,47541.409929642854,0.03339373275672377,-42.192986022819895,-2.3963912584685,STOP
XRPUSDT,LONG,2021-08-29 10:00:00+00:00,2021-08-31 00:00:00+00:00,1.1490478999999998,1.092550684242857,421.78759456866624,-24.775303208868547,-4.916872112741588,STOP
BTCUSDT,LONG,2021-08-30 14:00:00+00:00,2021-08-31 00:00:00+00:00,47822.895119999994,46709.86992202285,0.03490761300732468,-42.15296605698629,-2.3273898311348074,STOP
SOLUSDT,LONG,2021-08-19 16:00:00+00:00,2021-08-31 14:00:00+00:00,73.595522,120.34624757142858,1.1997737096583025,55.85760521171372,63.523872514184454,STOP
XRPUSDT,LONG,2021-08-31 01:00:00+00:00,2021-08-31 14:00:00+00:00,1.1130119,1.1539960345285716,274.0404303687452,10.610058034472722,3.68227280665836,TP1_HALF
SOLUSDT,LONG,2021-08-31 14:00:00+00:00,2021-08-31 15:00:00+00:00,125.80568,116.8183875342857,2.6224316302749835,-24.204825061589087,-7.143789108499943,STOP
XRPUSDT,LONG,2021-08-31 01:00:00+00:00,2021-08-31 17:00:00+00:00,1.1130119,1.2007587535714286,274.0404303687452,23.412118810538253,7.883730045602255,STOP
XRPUSDT,LONG,2021-08-31 17:00:00+00:00,2021-08-31 22:00:00+00:00,1.2031018999999998,1.156012587385714,506.3975231893508,-25.040561009895587,-3.913992041263148,STOP
BTCUSDT,LONG,2021-08-31 08:00:00+00:00,2021-09-01 01:00:00+00:00,47809.021259999994,46481.593852311424,0.028849401345111395,-41.01571383936087,-2.7765207751683896,STOP
BTCUSDT,LONG,2021-09-01 02:00:00+00:00,2021-09-01 16:00:00+00:00,46906.729869999996,48118.124293701425,0.014668468095949044,16.375431414052528,2.5825599590053594,TP1_HALF
XRPUSDT,LONG,2021-09-01 13:00:00+00:00,2021-09-02 07:00:00+00:00,1.2056043999999997,1.263707284885714,194.50577974323966,10.821051535329776,4.819398874598857,TP1_HALF
SOLUSDT,LONG,2021-08-31 19:00:00+00:00,2021-09-02 15:00:00+00:00,110.65053999999999,120.74360410285713,1.1386374603549503,11.228866836694685,9.121567868405478,TP1_HALF
XRPUSDT,LONG,2021-09-01 13:00:00+00:00,2021-09-02 15:00:00+00:00,1.2056043999999997,1.2343965107142856,194.50577974323966,5.125637665223165,2.3881889211988527,STOP
BTCUSDT,LONG,2021-09-01 02:00:00+00:00,2021-09-02 18:00:00+00:00,46906.729869999996,49141.378716428575,0.014668468095949044,31.369996693010673,4.764026084576378,STOP
ETHUSDT,LONG,2021-09-03 02:00:00+00:00,2021-09-03 08:00:00+00:00,3745.9321899999995,3871.2831031671426,0.14413243329922407,16.96924435589183,3.3463209371962233,TP1_HALF
SOLUSDT,LONG,2021-08-31 19:00:00+00:00,2021-09-03 11:00:00+00:00,110.65053999999999,136.02990535714287,1.1386374603549503,28.617016519856882,22.936503840959908,STOP
ETHUSDT,LONG,2021-09-03 02:00:00+00:00,2021-09-03 22:00:00+00:00,3745.9321899999995,3894.755274642857,0.14413243329922407,20.348962444313557,3.972925218458312,STOP
XRPUSDT,LONG,2021-09-03 05:00:00+00:00,2021-09-06 09:00:00+00:00,1.2866853999999999,1.3455313788857142,193.39574707027353,10.871502518280748,4.573455087445177,TP1_HALF
XRPUSDT,LONG,2021-09-03 05:00:00+00:00,2021-09-06 12:00:00+00:00,1.2866853999999999,1.3342715357142856,193.39574707027353,8.696074342030231,3.698350483675794,STOP
SOLUSDT,LONG,2021-09-04 18:00:00+00:00,2021-09-06 15:00:00+00:00,140.40025999999997,151.21603545428567,1.0689622408767798,11.249928757768314,7.703529505063389,TP1_HALF
XRPUSDT,LONG,2021-09-06 14:00:00+00:00,2021-09-06 21:00:00+00:00,1.3640626999999999,1.4050847801571427,276.8870287193196,10.59174086873073,3.007345641600123,TP1_HALF
XRPUSDT,LONG,2021-09-06 14:00:00+00:00,2021-09-06 23:00:00+00:00,1.3640626999999999,1.3712987571428572,276.8870287193196,1.2461842555873481,0.5304783381920419,STOP
SOLUSDT,LONG,2021-09-04 18:00:00+00:00,2021-09-07 07:00:00+00:00,140.40025999999997,184.32834428571428,1.0689622408767798,46.61034079896717,31.287751380029015,STOP
ETHUSDT,LONG,2021-09-04 09:00:00+00:00,2021-09-07 08:00:00+00:00,3937.4535199999996,3814.6325689799996,0.3152461262131382,-41.162644136490265,-3.119299069719561,STOP
BTCUSDT,LONG,2021-09-07 08:00:00+00:00,2021-09-07 09:00:00+00:00,52396.42408,51287.39249163428,0.03565069896203857,-43.234151828048205,-2.1166169406378277,STOP
XRPUSDT,LONG,2021-09-07 08:00:00+00:00,2021-09-07 09:00:00+00:00,1.3539526,1.297807065257143,429.69399542568493,-25.264844354442847,-4.146787320535228,STOP
SOLUSDT,LONG,2021-09-07 08:00:00+00:00,2021-09-07 14:00:00+00:00,188.03784999999996,175.25277893571425,1.8689808501861491,-24.574036215951985,-6.799200833388452,STOP
BTCUSDT,LONG,2021-09-07 11:00:00+00:00,2021-09-07 14:00:00+00:00,51181.35021999999,50073.53370549428,0.035391648347411084,-42.79102976018987,-2.164492553916275,STOP
XRPUSDT,LONG,2021-09-07 11:00:00+00:00,2021-09-07 14:00:00+00:00,1.2953941,1.2393071237571427,426.5716865549569,-25.006347825614437,-4.329722996488661,STOP
XRPUSDT,LONG,2021-09-07 16:00:00+00:00,2021-09-07 18:00:00+00:00,1.1344332999999998,1.0350186738428568,235.46799538093606,-23.919799240123606,-8.76337340918527,STOP
ETHUSDT,LONG,2021-09-07 16:00:00+00:00,2021-09-08 07:00:00+00:00,3456.1526999999996,3267.581490514285,0.20002124429683127,-39.06313763899885,-5.456101794510248,STOP
SOLUSDT,LONG,2021-09-07 16:00:00+00:00,2021-09-08 08:00:00+00:00,168.97880999999998,149.63224226142856,1.2067126938593264,-23.730220873911204,-11.449108760187999,STOP
SOLUSDT,LONG,2021-09-08 09:00:00+00:00,2021-09-08 19:00:00+00:00,162.16199999999998,188.32634228571428,0.4354029239399455,11.239427485127498,16.134693877551022,TP1_HALF
SOLUSDT,LONG,2021-09-08 09:00:00+00:00,2021-09-09 18:00:00+00:00,162.16199999999998,189.4574957142857,0.4354029239399455,11.731442487841965,16.832239189382058,STOP
XRPUSDT,LONG,2021-09-07 19:00:00+00:00,2021-09-10 01:00:00+00:00,1.0967956999999997,1.1939790971571425,117.43007226630323,11.14324750127213,8.860665405338741,TP1_HALF
XRPUSDT,LONG,2021-09-07 19:00:00+00:00,2021-09-10 03:00:00+00:00,1.0967956999999997,1.1454748071428573,117.43007226630323,5.453081081950501,4.438302150788664,STOP
SOLUSDT,LONG,2021-09-10 10:00:00+00:00,2021-09-13 02:00:00+00:00,183.15296999999998,156.55019167285712,0.871476890886504,-23.47975000064031,-14.524895952898198,STOP
BTCUSDT,LONG,2021-09-08 09:00:00+00:00,2021-09-13 14:00:00+00:00,46029.603619999994,43684.24350566571,0.01595266015349021,-38.845907355783666,-5.09532980926044,STOP
BTCUSDT,LONG,2021-09-13 14:00:00+00:00,2021-09-13 15:00:00+00:00,46186.15001,44973.96602499,0.03138041454134455,-40.89947818080786,-2.6245616591717313,STOP
SOLUSDT,LONG,2021-09-13 05:00:00+00:00,2021-09-14 21:00:00+00:00,161.14097999999998,146.3737454485714,1.5723199482937675,-23.70232900356098,-9.164170747520938,STOP
BTCUSDT,LONG,2021-09-14 13:00:00+00:00,2021-09-15 15:00:00+00:00,46579.52298999999,48045.85582593856,0.012038391016779176,16.5131507294741,3.1480202926366774,TP1_HALF
BTCUSDT,LONG,2021-09-14 13:00:00+00:00,2021-09-16 20:00:00+00:00,46579.52298999999,46995.53064107143,0.012038391016779176,3.8815696845429395,0.8931127335948696,STOP
SOLUSDT,LONG,2021-09-14 23:00:00+00:00,2021-09-17 09:00:00+00:00,152.82266999999996,137.22780482999994,1.4704720325655398,-23.358324195385343,-10.204549606416391,STOP
BTCUSDT,LONG,2021-09-17 02:00:00+00:00,2021-09-17 18:00:00+00:00,48076.03801,46864.98789591857,0.0313101079783997,-40.89072361183698,-2.519030611111339,STOP
BTCUSDT,LONG,2021-09-17 22:00:00+00:00,2021-09-18 05:00:00+00:00,47316.55929,48450.78857356714,0.015300339348411518,15.888820016672964,2.3971085399839165,TP1_HALF
SOLUSDT,LONG,2021-09-17 09:00:00+00:00,2021-09-18 06:00:00+00:00,143.80365999999998,154.87184741142855,1.0122952237867882,10.901925462951509,7.696735543051236,TP1_HALF
BTCUSDT,LONG,2021-09-17 22:00:00+00:00,2021-09-19 01:00:00+00:00,47316.55929,47612.81095714286,0.015300339348411518,3.0802994609061307,0.6261056839047763,STOP
SOLUSDT,LONG,2021-09-17 09:00:00+00:00,2021-09-19 07:00:00+00:00,143.80365999999998,160.08653892857143,1.0122952237867882,16.175453971960405,11.322993398479175,STOP
BTCUSDT,LONG,2021-09-19 09:00:00+00:00,2021-09-19 11:00:00+00:00,48307.95969999999,47262.323994942846,0.03643747672885528,-41.58266665798452,-2.1645205294338776,STOP
ETHUSDT,LONG,2021-09-19 13:00:00+00:00,2021-09-20 02:00:00+00:00,3343.0396999999994,3217.6106542285706,0.29629884161631986,-39.108394067322315,-3.751946043938059,STOP
SOLUSDT,LONG,2021-09-19 13:00:00+00:00,2021-09-20 02:00:00+00:00,159.08892999999998,146.40987356999997,1.805812503932583,-23.447672198783973,-7.9697917573523185,STOP
XRPUSDT,LONG,2021-09-10 16:00:00+00:00,2021-09-20 03:00:00+00:00,1.0702691999999998,0.9834847307999999,268.6146865353594,-23.86325145863814,-8.10865800865801,STOP
BTCUSDT,LONG,2021-09-20 05:00:00+00:00,2021-09-20 07:00:00+00:00,45696.10044999999,44431.14340240713,0.029385514779963845,-39.819849474361824,-2.7681947368287108,STOP
XRPUSDT,LONG,2021-09-20 05:00:00+00:00,2021-09-20 07:00:00+00:00,0.9884875,0.9526481839285714,642.5351284953423,-24.275267423240464,-3.625672157860216,STOP
BTCUSDT,LONG,2021-09-20 09:00:00+00:00,2021-09-20 11:00:00+00:00,45091.596549999995,43772.28437809285,0.027917055479822296,-39.31212899235843,-2.925849321933449,STOP
XRPUSDT,LONG,2021-09-20 09:00:00+00:00,2021-09-20 11:00:00+00:00,0.9711701999999999,0.9325973833714285,591.2720896967638,-23.932674530782457,-3.971787502187707,STOP
BTCUSDT,LONG,2021-09-20 14:00:00+00:00,2021-09-20 23:00:00+00:00,44098.70465,42662.352806421426,0.025368777611863586,-38.63951246411718,-3.2571293306198568,STOP
SOLUSDT,LONG,2021-09-20 09:00:00+00:00,2021-09-21 00:00:00+00:00,141.32118,129.0891045342857,1.8388268866012105,-22.98990694690561,-8.65551466929041,STOP
XRPUSDT,LONG,2021-09-20 14:00:00+00:00,2021-09-21 00:00:00+00:00,0.9426416999999999,0.8984245190142857,510.1117314574982,-23.49485222950155,-4.690772855233782,STOP
SOLUSDT,LONG,2021-09-21 02:00:00+00:00,2021-09-21 20:00:00+00:00,138.87874,124.46236733142855,1.531238773696083,-22.478146920423008,-10.380546848690763,STOP
BTCUSDT,LONG,2021-09-21 19:00:00+00:00,2021-09-21 21:00:00+00:00,42238.60641,40123.24121966143,0.0168728740167598,-37.081971434864634,-5.008132062419923,STOP
XRPUSDT,LONG,2021-09-21 22:00:00+00:00,2021-09-22 15:00:00+00:00,0.9025015999999999,0.9718038233999999,154.64415606675104,10.427333470829424,7.678903106653778,TP1_HALF
SOLUSDT,LONG,2021-09-21 22:00:00+00:00,2021-09-22 16:00:00+00:00,127.18705999999999,142.29961794,0.7123971201305093,10.574161220983468,11.882150542673141,TP1_HALF
BTCUSDT,LONG,2021-09-21 22:00:00+00:00,2021-09-22 18:00:00+00:00,41420.4791,43520.792956971425,0.008110623445062977,16.345928137744366,5.070713576008412,TP1_HALF
BTCUSDT,LONG,2021-09-21 22:00:00+00:00,2021-09-24 09:00:00+00:00,41420.4791,43013.065663928566,0.008110623445062977,12.232061235979248,3.8449255019084694,STOP
SOLUSDT,LONG,2021-09-21 22:00:00+00:00,2021-09-24 09:00:00+00:00,127.18705999999999,137.107755,0.7123971201305093,6.879191682621723,7.800082020922572,STOP
XRPUSDT,LONG,2021-09-21 22:00:00+00:00,2021-09-24 09:00:00+00:00,0.9025015999999999,0.9457782749999999,154.64415606675104,6.4066592013055255,4.795190944813843,STOP
BTCUSDT,LONG,2021-09-24 14:00:00+00:00,2021-09-26 09:00:00+00:00,41872.690859999995,43650.739996997145,0.00961382263273768,16.27164194018052,4.2463216489764255,TP1_HALF
XRPUSDT,LONG,2021-09-24 12:00:00+00:00,2021-09-27 01:00:00+00:00,0.9200191,0.9756032344714286,193.5300831065082,10.390342215730099,6.041628317436953,TP1_HALF
SOLUSDT,LONG,2021-09-24 12:00:00+00:00,2021-09-27 10:00:00+00:00,135.02488999999997,147.54041618142853,0.8644092636595793,10.57428470254881,9.26905119598953,TP1_HALF
XRPUSDT,LONG,2021-09-24 12:00:00+00:00,2021-09-27 20:00:00+00:00,0.9200191,0.9243140464285714,193.5300831065082,0.4742673921550187,0.46683231126085634,STOP
SOLUSDT,LONG,2021-09-24 12:00:00+00:00,2021-09-27 23:00:00+00:00,135.02488999999997,136.1205289285714,0.8644092636595793,0.7126998275624754,0.8114347870021632,STOP
BTCUSDT,LONG,2021-09-24 14:00:00+00:00,2021-09-27 23:00:00+00:00,41872.690859999995,42485.72817214285,0.00961382263273768,5.082625108038483,1.4640504337123383,STOP
BTCUSDT,SHORT,2021-09-28 00:00:00+00:00,2021-09-30 03:00:00+00:00,42105.20265,43629.16179765,0.023779040155967927,-38.27696666297104,-3.6194081769845177,STOP
BTCUSDT,SHORT,2021-09-30 05:00:00+00:00,2021-10-01 08:00:00+00:00,43463.103390000004,45028.83116589,0.02304711140100112,-38.12498594837812,-3.602429770926663,STOP
SOLUSDT,LONG,2021-10-01 01:00:00+00:00,2021-10-01 11:00:00+00:00,143.32317999999998,150.00552431999995,1.6030348853906826,10.241814915240823,4.662430961969988,TP1_HALF
SOLUSDT,LONG,2021-10-01 01:00:00+00:00,2021-10-01 13:00:00+00:00,143.32317999999998,149.24810250000002,1.6030348853906826,9.028855488425242,4.133959698633571,STOP
SOLUSDT,LONG,2021-10-01 15:00:00+00:00,2021-10-01 17:00:00+00:00,153.9538,161.62843834285715,1.3946618488744225,10.263394792692509,4.98502689953555,TP1_HALF
SOLUSDT,LONG,2021-10-01 15:00:00+00:00,2021-10-01 22:00:00+00:00,153.9538,156.95645785714285,1.3946618488744225,3.7540776835230925,1.9503629381949938,STOP
SOLUSDT,LONG,2021-10-02 14:00:00+00:00,2021-10-03 13:00:00+00:00,167.54737999999998,176.63307011999996,1.1818288583639625,10.330968393531798,5.4227586966743235,TP1_HALF
SOLUSDT,LONG,2021-10-02 14:00:00+00:00,2021-10-03 21:00:00+00:00,167.54737999999998,168.3589725,1.1818288583639625,0.5621796166394971,0.48439581687282907,STOP
ETHUSDT,LONG,2021-10-03 04:00:00+00:00,2021-10-04 15:00:00+00:00,3408.3749699999994,3273.4903457442847,0.26616501569419326,-37.68004691855922,-3.9574467434759564,STOP
BTCUSDT,LONG,2021-10-04 16:00:00+00:00,2021-10-04 17:00:00+00:00,47805.988229999995,48933.402273912856,0.014842896033220037,15.298196724624106,2.3583113447812165,TP1_HALF
SOLUSDT,LONG,2021-10-03 23:00:00+00:00,2021-10-05 16:00:00+00:00,171.01083999999997,160.88871880285714,2.20062797746262,-23.005410552509012,-5.918993905382153,STOP
BTCUSDT,LONG,2021-10-04 16:00:00+00:00,2021-10-06 08:00:00+00:00,47805.988229999995,50659.193667857144,0.014842896033220037,40.88832321772972,5.9683013436100385,STOP
SOLUSDT,LONG,2021-10-05 17:00:00+00:00,2021-10-06 08:00:00+00:00,162.59242999999998,153.11558971285712,2.338926074242885,-22.904046568187862,-5.828586415211867,STOP
BTCUSDT,LONG,2021-10-06 10:00:00+00:00,2021-10-06 12:00:00+00:00,50750.7,52163.08791107142,0.011936122929585562,15.630044107153257,2.7829919805469228,TP1_HALF
BTCUSDT,LONG,2021-10-06 10:00:00+00:00,2021-10-06 14:00:00+00:00,50750.7,54036.30638892857,0.011936122929585562,37.96665116680163,6.474011962255832,STOP
BTCUSDT,LONG,2021-10-06 14:00:00+00:00,2021-10-06 23:00:00+00:00,54050.996999999996,55478.588948357145,0.011859327226569764,15.631332860831447,2.6411944785350583,TP1_HALF
BTCUSDT,LONG,2021-10-06 14:00:00+00:00,2021-10-07 01:00:00+00:00,54050.996999999996,54212.60705464285,0.011859327226569764,0.6326530139016664,0.2989955109299114,STOP
SOLUSDT,LONG,2021-10-06 10:00:00+00:00,2021-10-08 10:00:00+00:00,153.90374999999997,162.74833874999996,1.2129950047724432,10.34434457111202,5.74683121756292,TP1_HALF
SOLUSDT,LONG,2021-10-06 10:00:00+00:00,2021-10-08 20:00:00+00:00,153.90374999999997,159.8025375,1.2129950047724432,6.7746756120109515,3.8327769791184574,STOP
XRPUSDT,LONG,2021-10-08 06:00:00+00:00,2021-10-09 11:00:00+00:00,1.0669659,1.1093447305285715,253.24348689649503,10.181026321006115,3.971901119667609,TP1_HALF
XRPUSDT,LONG,2021-10-08 06:00:00+00:00,2021-10-09 17:00:00+00:00,1.0669659,1.1642453035714286,253.24348689649503,24.07033565844498,9.117386373025482,STOP
XRPUSDT,LONG,2021-10-09 17:00:00+00:00,2021-10-09 19:00:00+00:00,1.1984972999999999,1.1603393705571428,598.8465245092223,-24.26332457137116,-3.1838143851352085,STOP
XRPUSDT,LONG,2021-10-09 19:00:00+00:00,2021-10-10 01:00:00+00:00,1.1771759999999998,1.1390393918571426,597.2069524269788,-24.158707460233074,-3.2396691864986282,STOP
BTCUSDT,LONG,2021-10-07 08:00:00+00:00,2021-10-10 20:00:00+00:00,54810.675919999994,56503.370989079995,0.01007366300000734,15.930299491956985,3.088257972863917,TP1_HALF
BTCUSDT,LONG,2021-10-07 08:00:00+00:00,2021-10-10 21:00:00+00:00,54810.675919999994,54757.242945,0.01007366300000734,-1.6420160734959341,-0.0974864369087225,STOP
SOLUSDT,LONG,2021-10-09 13:00:00+00:00,2021-10-10 21:00:00+00:00,158.86871,149.86119879,2.4944969607798613,-23.239335156714006,-5.669783061749534,STOP
XRPUSDT,LONG,2021-10-10 05:00:00+00:00,2021-10-10 21:00:00+00:00,1.1980969,1.1544163281,518.1452695867074,-23.851825303607207,-3.64582964032375,STOP
ETHUSDT,LONG,2021-10-10 23:00:00+00:00,2021-10-11 00:00:00+00:00,3469.5460799999996,3373.660827848571,0.3796786361698904,-39.00380123146079,-2.7636252679897777,STOP
SOLUSDT,LONG,2021-10-10 23:00:00+00:00,2021-10-11 00:00:00+00:00,151.65149999999997,145.3881092142857,3.588204151219861,-23.540163576871624,-4.130121222483307,STOP
BTCUSDT,LONG,2021-10-11 01:00:00+00:00,2021-10-11 03:00:00+00:00,55215.089929999995,56616.700484712856,0.011956936537537445,15.421802832176422,2.53845562234849,TP1_HALF
SOLUSDT,LONG,2021-10-11 01:00:00+00:00,2021-10-11 18:00:00+00:00,149.32917999999998,143.04991546285711,3.5520708548243873,-23.34294381567105,-4.204981596458824,STOP
XRPUSDT,LONG,2021-10-11 01:00:00+00:00,2021-10-12 02:00:00+00:00,1.1505493999999998,1.0919313756,378.8919684406653,-23.05955660627633,-5.094785534632395,STOP
BTCUSDT,LONG,2021-10-11 01:00:00+00:00,2021-10-12 14:00:00+00:00,55215.089929999995,56324.375315357145,0.011956936537537445,11.929984647363618,2.0090257695196456,STOP
SOLUSDT,LONG,2021-10-11 21:00:00+00:00,2021-10-12 16:00:00+00:00,141.82168,148.13625260571425,1.6847005241449329,10.149671497557222,4.45247341994135,TP1_HALF
BTCUSDT,LONG,2021-10-12 14:00:00+00:00,2021-10-12 19:00:00+00:00,57005.63868999999,55183.60234880999,0.019694964433393802,-38.0945040481569,-3.1962387985833174,STOP
SOLUSDT,LONG,2021-10-11 21:00:00+00:00,2021-10-13 03:00:00+00:00,141.82168,148.94804571428574,1.6847005241449329,11.515932144789353,5.024877518222715,STOP
BTCUSDT,LONG,2021-10-12 21:00:00+00:00,2021-10-13 17:00:00+00:00,55416.44108,57146.348242491425,0.009704276941557576,15.695157707101211,3.12164969236135,TP1_HALF
SOLUSDT,LONG,2021-10-13 15:00:00+00:00,2021-10-14 12:00:00+00:00,146.54639999999998,154.7614836,1.2967181273105524,10.261936426925953,5.60579011152782,TP1_HALF
SOLUSDT,LONG,2021-10-13 15:00:00+00:00,2021-10-15 00:00:00+00:00,146.54639999999998,147.13272,1.2967181273105524,0.37947273388814984,0.40009171156714096,STOP
SOLUSDT,LONG,2021-10-15 03:00:00+00:00,2021-10-15 06:00:00+00:00,150.61046,157.40860811142858,1.565109058106788,10.157759753977627,4.513729067309535,TP1_HALF
SOLUSDT,LONG,2021-10-15 03:00:00+00:00,2021-10-15 09:00:00+00:00,150.61046,158.6354914285714,1.565109058106788,12.076045740685084,5.328336045565107,STOP
BTCUSDT,LONG,2021-10-12 21:00:00+00:00,2021-10-15 21:00:00+00:00,55416.44108,61084.743396428574,0.009704276941557576,53.87621570891649,10.228557095981184,STOP
XRPUSDT,LONG,2021-10-12 05:00:00+00:00,2021-10-16 11:00:00+00:00,1.1095084,1.1679749701714284,182.09146147325856,10.231552934488668,5.269592386270205,TP1_HALF
BTCUSDT,LONG,2021-10-15 21:00:00+00:00,2021-10-16 12:00:00+00:00,62620.14758999999,60654.05888776714,0.018443143441413228,-38.534419826518345,-3.139706273299847,STOP
ETHUSDT,LONG,2021-10-16 12:00:00+00:00,2021-10-16 17:00:00+00:00,3960.7067499999994,3840.755721107142,0.3016876295101486,-38.54134628361015,-3.0285258784396807,STOP
XRPUSDT,LONG,2021-10-12 05:00:00+00:00,2021-10-17 00:00:00+00:00,1.1095084,1.1261370214285715,182.09146147325856,2.6208380360902153,1.498737767877345,STOP
SOLUSDT,LONG,2021-10-15 10:00:00+00:00,2021-10-17 08:00:00+00:00,160.20003999999997,167.18019245999997,1.5270015657282328,10.158793607886881,4.357147763508684,TP1_HALF
SOLUSDT,LONG,2021-10-15 10:00:00+00:00,2021-10-17 15:00:00+00:00,160.20003999999997,160.3419975,1.5270015657282328,-0.2726988683773248,0.08861264953492487,STOP
BTCUSDT,LONG,2021-10-17 01:00:00+00:00,2021-10-17 20:00:00+00:00,60977.09617999999,59132.621509534285,0.019539867889305725,-38.38771940194596,-3.0248647213717006,STOP
XRPUSDT,LONG,2021-10-17 11:00:00+00:00,2021-10-17 20:00:00+00:00,1.1376365,1.095461370642857,531.3723361943919,-23.597303448279895,-3.7072588086917824,STOP
BTCUSDT,LONG,2021-10-17 22:00:00+00:00,2021-10-18 00:00:00+00:00,60684.57394999999,62235.42979390713,0.010747828376458515,15.347209342668545,2.55560143700595,TP1_HALF
BTCUSDT,LONG,2021-10-17 22:00:00+00:00,2021-10-18 09:00:00+00:00,60684.57394999999,61021.543802142856,0.010747828376458515,2.3136176729070366,0.55528090618302,STOP
BTCUSDT,LONG,2021-10-18 11:00:00+00:00,2021-10-19 03:00:00+00:00,61377.886569999995,62891.711546644285,0.0110181657045851,15.310351416315068,2.466401274533636,TP1_HALF
BTCUSDT,LONG,2021-10-18 11:00:00+00:00,2021-10-19 14:00:00+00:00,61377.886569999995,61640.12852678571,0.0110181657045851,1.533992459574107,0.4272580426610606,STOP
XRPUSDT,LONG,2021-10-17 22:00:00+00:00,2021-10-20 08:00:00+00:00,1.0853842999999999,1.118261347842857,318.7448369421632,9.776988581111192,3.029069781353666,TP1_HALF
BTCUSDT,LONG,2021-10-19 14:00:00+00:00,2021-10-20 13:00:00+00:00,62667.014409999996,64555.501431304285,0.008912418418020963,15.697126217494887,3.0135263967560943,TP1_HALF
SOLUSDT,LONG,2021-10-18 14:00:00+00:00,2021-10-20 15:00:00+00:00,159.44928999999996,165.81366749571427,1.6627363370565431,10.041455186342501,3.9914743400326858,TP1_HALF
BTCUSDT,LONG,2021-10-19 14:00:00+00:00,2021-10-21 01:00:00+00:00,62667.014409999996,64981.84596428571,0.008912418418020963,19.493087324792942,3.6938596422368075,STOP
XRPUSDT,LONG,2021-10-17 22:00:00+00:00,2021-10-21 02:00:00+00:00,1.0853842999999999,1.1288735678571429,318.7448369421632,13.156196328821084,4.006808266633577,STOP
SOLUSDT,LONG,2021-10-18 14:00:00+00:00,2021-10-21 02:00:00+00:00,159.44928999999996,183.05640321428572,1.6627363370565431,38.68290829264449,14.805405037730669,STOP
ETHUSDT,LONG,2021-10-21 01:00:00+00:00,2021-10-21 10:00:00+00:00,4191.9878,4313.315523985714,0.13941562016550482,15.72920774512836,2.8942766480788418,TP1_HALF
ETHUSDT,LONG,2021-10-21 01:00:00+00:00,2021-10-21 11:00:00+00:00,4191.9878,4189.990458214285,0.13941562016550482,-1.44703934082059,-0.04764665073010432,STOP
XRPUSDT,LONG,2021-10-21 10:00:00+00:00,2021-10-21 11:00:00+00:00,1.1603591999999998,1.1269703872285712,683.9612204253673,-24.401097867696286,-2.8774549097752344,STOP
ETHUSDT,LONG,2021-10-21 11:00:00+00:00,2021-10-21 12:00:00+00:00,4311.286979999999,4176.594419091427,0.2697130476144793,-38.61763345358902,-3.124184530823604,STOP
BTCUSDT,LONG,2021-10-21 13:00:00+00:00,2021-10-21 14:00:00+00:00,65125.20013999999,63018.137492717135,0.017146076011702274,-38.32501171917431,-3.2354029511668214,STOP
XRPUSDT,LONG,2021-10-21 13:00:00+00:00,2021-10-21 14:00:00+00:00,1.1353342,1.100504022942857,649.4171605928516,-24.07130639768452,-3.067834744795217,STOP
SOLUSDT,LONG,2021-10-21 08:00:00+00:00,2021-10-21 15:00:00+00:00,187.17699,179.15265800999998,2.807616889138104,-23.557763325920085,-4.287029078734516,STOP
SOLUSDT,LONG,2021-10-22 01:00:00+00:00,2021-10-22 13:00:00+00:00,200.23002999999997,211.0555488985714,0.9825790065089035,10.232807028796078,5.406541116021124,TP1_HALF
XRPUSDT,LONG,2021-10-21 16:00:00+00:00,2021-10-22 14:00:00+00:00,1.1124112999999998,1.0733226172714283,570.549399439019,-23.54909362948151,-3.513869620757315,STOP
BTCUSDT,LONG,2021-10-22 01:00:00+00:00,2021-10-22 15:00:00+00:00,62852.00921999999,60466.41477827999,0.014925349313524227,-37.446400918040446,-3.795573874766256,STOP
SOLUSDT,LONG,2021-10-22 01:00:00+00:00,2021-10-22 16:00:00+00:00,200.23002999999997,203.85915107142856,0.9825790065089035,3.168848630786666,1.8124759165388804,STOP
XRPUSDT,LONG,2021-10-22 15:00:00+00:00,2021-10-22 21:00:00+00:00,1.1172161,1.0780476874714287,566.0941328050482,-23.41573447375897,-3.5058940278940964,STOP
SOLUSDT,LONG,2021-10-22 17:00:00+00:00,2021-10-22 21:00:00+00:00,208.11790999999997,193.37969387571425,1.483023233985849,-22.452547214757914,-7.081666409337728,STOP
SOLUSDT,LONG,2021-10-23 12:00:00+00:00,2021-10-24 15:00:00+00:00,202.45224999999996,187.02610810714285,1.4079318294840326,-22.267315154364827,-7.6196445793302425,STOP
XRPUSDT,LONG,2021-10-23 12:00:00+00:00,2021-10-24 18:00:00+00:00,1.0947936999999999,1.0563006277285714,573.1257701989521,-23.294219286236423,-3.5160114888703298,STOP
SOLUSDT,LONG,2021-10-24 17:00:00+00:00,2021-10-24 22:00:00+00:00,190.97078,202.60725564857142,0.9037582507718477,10.160861480262149,6.093327810972671,TP1_HALF
XRPUSDT,LONG,2021-10-25 01:00:00+00:00,2021-10-26 03:00:00+00:00,1.0977967,1.1213064140142857,433.7192875274173,9.23414859068918,2.1415362256313575,TP1_HALF
SOLUSDT,LONG,2021-10-24 17:00:00+00:00,2021-10-26 04:00:00+00:00,190.97078,206.88362357142856,0.9037582507718477,14.021799471086734,8.332606470701197,STOP
XRPUSDT,LONG,2021-10-25 01:00:00+00:00,2021-10-26 14:00:00+00:00,1.0977967,1.1047619892857143,433.7192875274173,2.065688120968073,0.6344789782766203,STOP
XRPUSDT,LONG,2021-10-26 20:00:00+00:00,2021-10-26 21:00:00+00:00,1.1165153999999997,1.1452083310285712,359.093297275948,9.491269379458792,2.5698643322404235,TP1_HALF
XRPUSDT,LONG,2021-10-26 20:00:00+00:00,2021-10-26 22:00:00+00:00,1.1165153999999997,1.1296299535714287,359.093297275948,3.902772543091481,1.1745967472933216,STOP
SOLUSDT,LONG,2021-10-26 16:00:00+00:00,2021-10-27 07:00:00+00:00,206.77656999999996,194.8558048585714,1.8276221361723624,-22.520686471481728,-5.765046369338933,STOP
BTCUSDT,LONG,2021-10-22 17:00:00+00:00,2021-10-27 08:00:00+00:00,61215.85469999999,58606.549842085704,0.013530750749569413,-36.92714075215186,-4.262465779007229,STOP
XRPUSDT,LONG,2021-10-27 11:00:00+00:00,2021-10-28 00:00:00+00:00,1.0204194,0.9816367806,563.8899610516199,-22.998069124647454,-3.800654848388807,STOP
XRPUSDT,LONG,2021-10-28 05:00:00+00:00,2021-10-28 07:00:00+00:00,1.0179169,1.0733603223857142,188.06043283990812,10.033427512353185,5.446753304293739,TP1_HALF
BTCUSDT,LONG,2021-10-27 11:00:00+00:00,2021-10-28 08:00:00+00:00,59002.07312999999,60568.2146436557,0.01048213864195923,15.163160145164634,2.654383872588695,TP1_HALF
BTCUSDT,LONG,2021-10-27 11:00:00+00:00,2021-10-28 18:00:00+00:00,59002.07312999999,60113.05641321428,0.01048213864195923,10.39689950132437,1.8829563509852543,STOP
ETHUSDT,LONG,2021-10-28 18:00:00+00:00,2021-10-29 01:00:00+00:00,4227.56334,4395.041399159999,0.09935694467437212,15.783392596113568,3.9615742140483023,TP1_HALF
SOLUSDT,LONG,2021-10-27 11:00:00+00:00,2021-10-29 02:00:00+00:00,192.02183,203.4624495985714,0.9152575370767918,10.10914334872296,5.957978631164695,TP1_HALF
SOLUSDT,LONG,2021-10-27 11:00:00+00:00,2021-10-30 13:00:00+00:00,192.02183,193.38213857142858,0.9152575370767918,0.8922887856958731,0.7084135024796767,STOP
ETHUSDT,LONG,2021-10-28 18:00:00+00:00,2021-10-30 14:00:00+00:00,4227.56334,4284.303907500001,0.09935694467437212,4.791856302704609,1.3421577144247188,STOP
XRPUSDT,LONG,2021-10-28 05:00:00+00:00,2021-10-31 10:00:00+00:00,1.0179169,1.096784260714286,188.06043283990812,14.434138377258808,7.7479174099856385,STOP
SOLUSDT,LONG,2021-10-31 00:00:00+00:00,2021-10-31 10:00:00+00:00,195.89569999999998,186.76874429999998,2.3965850979216765,-22.790613924725154,-4.659089352139933,STOP
SOLUSDT,LONG,2021-10-31 13:00:00+00:00,2021-10-31 15:00:00+00:00,187.71752999999998,195.20213246999998,1.393527316832754,9.896388987774579,3.987162237858133,TP1_HALF
SOLUSDT,LONG,2021-10-31 13:00:00+00:00,2021-10-31 16:00:00+00:00,187.71752999999998,194.12568,1.393527316832754,8.397823131479715,3.4137195391394703,STOP
XRPUSDT,LONG,2021-10-31 14:00:00+00:00,2021-10-31 21:00:00+00:00,1.0821811,1.1223076689,259.4494495339529,9.838862815196373,3.7079347347685143,TP1_HALF
SOLUSDT,LONG,2021-10-31 16:00:00+00:00,2021-10-31 21:00:00+00:00,195.19499999999996,203.8548696428571,1.2099778864413935,9.995409249467079,4.4365222689398465,TP1_HALF
XRPUSDT,LONG,2021-10-31 14:00:00+00:00,2021-11-01 02:00:00+00:00,1.0821811,1.0897591500000001,259.4494495339529,1.4026121987576938,0.7002571011450964,STOP
SOLUSDT,LONG,2021-10-31 16:00:00+00:00,2021-11-01 02:00:00+00:00,195.19499999999996,200.93493535714285,1.2099778864413935,6.465886389806369,2.940615977429184,STOP
BTCUSDT,LONG,2021-10-30 16:00:00+00:00,2021-11-02 14:00:00+00:00,61438.567189999994,63600.29894138142,0.007702170229907809,15.686955308237941,3.51852565945463,TP1_HALF
XRPUSDT,LONG,2021-11-01 05:00:00+00:00,2021-11-02 16:00:00+00:00,1.0889879,1.1345022621,230.64921804375433,9.985005760908951,4.179510360032479,TP1_HALF
SOLUSDT,LONG,2021-11-01 05:00:00+00:00,2021-11-02 17:00:00+00:00,202.65244999999996,212.31313862142852,1.0897956542186742,10.075948781262714,4.767121552899334,TP1_HALF
XRPUSDT,LONG,2021-11-01 05:00:00+00:00,2021-11-03 06:00:00+00:00,1.0889879,1.18846035,230.64921804375433,22.417951151398817,9.134394422564295,STOP
SOLUSDT,LONG,2021-11-01 05:00:00+00:00,2021-11-03 12:00:00+00:00,202.65244999999996,224.90165892857144,1.0897956542186742,23.781144590306823,10.978998244813454,STOP
XRPUSDT,LONG,2021-11-03 07:00:00+00:00,2021-11-03 12:00:00+00:00,1.1936924999999998,1.1558176682142853,590.0395170582918,-23.73395130048372,-3.172913609301764,STOP
BTCUSDT,LONG,2021-10-30 16:00:00+00:00,2021-11-03 13:00:00+00:00,61438.567189999994,61982.559681428575,0.007702170229907809,3.2393122436437984,0.8854250942185393,STOP
XRPUSDT,LONG,2021-11-03 19:00:00+00:00,2021-11-04 01:00:00+00:00,1.2002990999999998,1.2408641366142856,259.2045459059342,9.881881287034677,3.379577358200625,TP1_HALF
XRPUSDT,LONG,2021-11-03 19:00:00+00:00,2021-11-04 05:00:00+00:00,1.2002990999999998,1.2143772642857142,259.2045459059342,3.0232290903532713,1.1728880148051735,STOP
SOLUSDT,LONG,2021-11-03 19:00:00+00:00,2021-11-04 20:00:00+00:00,236.78654999999998,247.79600594999997,0.9626117237317575,10.131366519904974,4.649527580852886,TP1_HALF
SOLUSDT,LONG,2021-11-03 19:00:00+00:00,2021-11-05 10:00:00+00:00,236.78654999999998,239.00325750000002,0.9626117237317575,1.675827780852578,0.9361627592445743,STOP
XRPUSDT,LONG,2021-11-04 09:00:00+00:00,2021-11-05 15:00:00+00:00,1.1963952,1.139101386942857,386.53758226889954,-23.048969182188518,-4.788870187471749,STOP
SOLUSDT,LONG,2021-11-05 16:00:00+00:00,2021-11-06 06:00:00+00:00,233.42318999999998,247.13009823857143,0.7767277287567701,10.273276640302926,5.872127888652123,TP1_HALF
BTCUSDT,LONG,2021-11-03 15:00:00+00:00,2021-11-06 11:00:00+00:00,62023.041079999995,60205.698686777134,0.01973569514213254,-38.27878458716412,-2.930108491260164,STOP
ETHUSDT,LONG,2021-11-06 18:00:00+00:00,2021-11-07 00:00:00+00:00,4421.997579999999,4536.318863134285,0.1454279521422569,15.322720477526916,2.5852859723701105,TP1_HALF
XRPUSDT,LONG,2021-11-07 02:00:00+00:00,2021-11-07 14:00:00+00:00,1.1568557,1.1971644800142855,260.7461371695231,9.896557013983218,3.4843394914582326,TP1_HALF
SOLUSDT,LONG,2021-11-05 16:00:00+00:00,2021-11-07 20:00:00+00:00,233.42318999999998,245.69976857142854,0.7767277287567701,9.163410903283328,5.259365434697627,STOP
XRPUSDT,LONG,2021-11-07 02:00:00+00:00,2021-11-08 08:00:00+00:00,1.1568557,1.2532383642857143,260.7461371695231,24.502984685129285,8.331433582054748,STOP
XRPUSDT,LONG,2021-11-09 00:00:00+00:00,2021-11-09 11:00:00+00:00,1.2827815,1.2366293470714287,484.35729001193204,-23.574426731013247,-3.5978187188208888,STOP
ETHUSDT,LONG,2021-11-06 18:00:00+00:00,2021-11-09 19:00:00+00:00,4421.997579999999,4714.698439285715,0.1454279521422569,41.23815556476948,6.619199897565653,STOP
SOLUSDT,LONG,2021-11-07 21:00:00+00:00,2021-11-10 00:00:00+00:00,249.05880999999997,237.32374868999997,1.8867844531141746,-23.05923028605183,-4.711763181555395,STOP
XRPUSDT,LONG,2021-11-09 13:00:00+00:00,2021-11-10 13:00:00+00:00,1.2482469999999999,1.2991786637142855,207.6846215548153,10.048662168750996,4.080255247101383,TP1_HALF
ETHUSDT,LONG,2021-11-09 20:00:00+00:00,2021-11-10 14:00:00+00:00,4755.37062,4845.738959022857,0.1831461148368216,14.79220427877238,1.9003427123595484,TP1_HALF
ETHUSDT,LONG,2021-11-09 20:00:00+00:00,2021-11-10 18:00:00+00:00,4755.37062,4768.008290357143,0.1831461148368216,0.5703703789484069,0.2657557394999177,STOP
XRPUSDT,LONG,2021-11-09 13:00:00+00:00,2021-11-10 19:00:00+00:00,1.2482469999999999,1.2957707892857142,207.6846215548153,9.341606820857844,3.807242419626422,STOP
BTCUSDT,LONG,2021-11-10 18:00:00+00:00,2021-11-10 19:00:00+00:00,68702.32368999999,66737.56182380999,0.018381529449276658,-38.6049203483661,-2.8598186504658063,STOP
SOLUSDT,LONG,2021-11-10 08:00:00+00:00,2021-11-10 20:00:00+00:00,241.11086999999998,231.37462091571425,2.287416085436982,-23.351623679272457,-4.038079695156727,STOP
SOLUSDT,LONG,2021-11-10 23:00:00+00:00,2021-11-11 06:00:00+00:00,233.94370999999998,243.66729879,1.0871865416007793,10.052102607671356,4.156379665005749,TP1_HALF
SOLUSDT,LONG,2021-11-10 23:00:00+00:00,2021-11-11 15:00:00+00:00,233.94370999999998,236.2959675,1.0871865416007793,2.0461044476748125,1.0054801216925258,STOP
SOLUSDT,LONG,2021-11-12 02:00:00+00:00,2021-11-12 10:00:00+00:00,236.95671999999996,224.7660147085714,1.8137913630748486,-22.948864675733706,-5.144697011094923,STOP
BTCUSDT,LONG,2021-11-10 23:00:00+00:00,2021-11-12 15:00:00+00:00,65191.27615,63079.14029599286,0.016923870535485167,-37.916345668037955,-3.2399056725738618,STOP
SOLUSDT,LONG,2021-11-12 13:00:00+00:00,2021-11-13 21:00:00+00:00,228.17794999999995,240.86791240714282,0.836973841739574,10.228587470026183,5.561432385181342,TP1_HALF
ETHUSDT,LONG,2021-11-12 17:00:00+00:00,2021-11-15 09:00:00+00:00,4575.891319999999,4740.805411894285,0.10162061329687934,15.81190272379911,3.603977462783914,TP1_HALF
ETHUSDT,LONG,2021-11-12 17:00:00+00:00,2021-11-15 16:00:00+00:00,4575.891319999999,4597.748006785714,0.10162061329687934,1.2888590612498498,0.4776487302088128,STOP
XRPUSDT,LONG,2021-11-10 23:00:00+00:00,2021-11-16 00:00:00+00:00,1.2014001999999997,1.1409438283714284,365.3936559433548,-22.946252302437507,-5.032159277863557,STOP
SOLUSDT,LONG,2021-11-12 13:00:00+00:00,2021-11-16 00:00:00+00:00,228.17794999999995,233.19549964285713,0.836973841739574,3.813400292076976,2.1989634155522797,STOP
SOLUSDT,LONG,2021-11-16 02:00:00+00:00,2021-11-16 09:00:00+00:00,231.88164999999998,223.8618497785714,2.767114936630312,-23.45280362701553,-3.4585747606283523,STOP
BTCUSDT,LONG,2021-11-16 05:00:00+00:00,2021-11-16 10:00:00+00:00,61272.641429999996,59555.500599998566,0.02082297704901498,-38.27198572141209,-2.802459286765291,STOP
XRPUSDT,LONG,2021-11-16 05:00:00+00:00,2021-11-16 10:00:00+00:00,1.1294283,1.0969802217,688.0905085072492,-23.859185269371515,-2.87296487081119,STOP
SOLUSDT,LONG,2021-11-16 11:00:00+00:00,2021-11-17 02:00:00+00:00,224.36413999999996,215.3253847885714,2.4206232347476955,-22.94374355775919,-4.02860956810146,STOP
ETHUSDT,LONG,2021-11-16 11:00:00+00:00,2021-11-17 03:00:00+00:00,4254.60035,4103.688625007143,0.23277499683276964,-37.074076996924695,-3.547024692762435,STOP
XRPUSDT,LONG,2021-11-17 05:00:00+00:00,2021-11-18 01:00:00+00:00,1.0773762999999998,1.125770830842857,214.12581952458905,9.890767892309794,4.491887453144927,TP1_HALF
XRPUSDT,LONG,2021-11-17 05:00:00+00:00,2021-11-18 04:00:00+00:00,1.0773762999999998,1.119358092857143,214.12581952458905,8.519008248498917,3.8966694234078725,STOP
SOLUSDT,LONG,2021-11-17 05:00:00+00:00,2021-11-18 14:00:00+00:00,213.62340999999998,202.06507123285712,1.8675149313004042,-22.36167467413954,-5.410614298846205,STOP
BTCUSDT,LONG,2021-11-17 11:00:00+00:00,2021-11-18 15:00:00+00:00,60568.53802999999,58201.90857554141,0.014699646601619846,-36.53450020934346,-3.9073577329642117,STOP
XRPUSDT,LONG,2021-11-18 07:00:00+00:00,2021-11-18 15:00:00+00:00,1.1149137999999998,1.0513649540571428,340.0779513317602,-22.34826497843773,-5.699888721698221,STOP
SOLUSDT,LONG,2021-11-18 18:00:00+00:00,2021-11-19 14:00:00+00:00,196.53634,209.65932794571427,0.7894236797454085,10.03893695447405,6.677130522382924,TP1_HALF
SOLUSDT,LONG,2021-11-18 18:00:00+00:00,2021-11-20 15:00:00+00:00,196.53634,207.62930571428572,0.7894236797454085,8.437991882194641,5.644231348912743,STOP
BTCUSDT,LONG,2021-11-18 18:00:00+00:00,2021-11-21 16:00:00+00:00,57597.74019999999,59920.86185729999,0.007066602059951096,15.586119093612485,4.0333555608836225,TP1_HALF
SOLUSDT,LONG,2021-11-20 17:00:00+00:00,2021-11-21 18:00:00+00:00,209.32912,223.2378015942857,0.7464097564615592,10.058703470891661,6.644408381540856,TP1_HALF
SOLUSDT,LONG,2021-11-20 17:00:00+00:00,2021-11-22 00:00:00+00:00,209.32912,225.6419892857143,0.7464097564615592,11.851418110989494,7.792928803080201,STOP
BTCUSDT,LONG,2021-11-18 18:00:00+00:00,2021-11-22 01:00:00+00:00,57597.74019999999,57589.0108425,0.007066602059951096,-0.8756658278875049,-0.015155729147853236,STOP
SOLUSDT,LONG,2021-11-22 00:00:00+00:00,2021-11-22 04:00:00+00:00,230.74050999999997,219.27423056142854,1.884136477441054,-22.451924538822727,-4.969339557484476,STOP
BTCUSDT,LONG,2021-11-22 06:00:00+00:00,2021-11-22 13:00:00+00:00,57512.645189999996,58987.609961952854,0.01102060120217567,14.97109568696905,2.5645921294006557,TP1_HALF
BTCUSDT,LONG,2021-11-22 06:00:00+00:00,2021-11-22 16:00:00+00:00,57512.645189999996,57852.07858285714,0.01102060120217567,2.4693714438801857,0.5901891518565794,STOP
SOLUSDT,LONG,2021-11-22 14:00:00+00:00,2021-11-24 14:00:00+00:00,222.98275999999996,210.66688223999998,1.7488300686946996,-22.296756882684296,-5.5232421376432805,STOP
SOLUSDT,LONG,2021-11-24 16:00:00+00:00,2021-11-24 19:00:00+00:00,212.55234,200.38068730285713,1.7642547406028355,-22.202415022876128,-5.726426110925365,STOP
BTCUSDT,LONG,2021-11-22 22:00:00+00:00,2021-11-25 10:00:00+00:00,56296.23999999999,58250.436254999986,0.008417673063235738,15.48556870479472,3.471273134759967,TP1_HALF
BTCUSDT,LONG,2021-11-22 22:00:00+00:00,2021-11-26 07:00:00+00:00,56296.23999999999,57329.008605,0.008417673063235738,7.73704827237838,1.8345250144592429,STOP
XRPUSDT,LONG,2021-11-18 18:00:00+00:00,2021-11-26 08:00:00+00:00,1.0428418,0.9767533546285714,323.3038759503658,-22.019593485458856,-6.337341423351894,STOP
SOLUSDT,LONG,2021-11-24 21:00:00+00:00,2021-11-26 08:00:00+00:00,206.36615999999998,193.6408966971428,1.6809347282577018,-22.0627227651463,-6.166351742387011,STOP
XRPUSDT,SHORT,2021-11-27 21:00:00+00:00,2021-11-28 02:00:00+00:00,0.9387603,0.8998556852999998,263.950739570176,9.783597773652302,4.1442543639734435,TP1_HALF
XRPUSDT,SHORT,2021-11-27 21:00:00+00:00,2021-11-28 06:00:00+00:00,0.9387603,0.9232258749999999,263.950739570176,3.6088503395867724,1.6547807784372814,STOP
BTCUSDT,LONG,2021-11-26 13:00:00+00:00,2021-11-28 21:00:00+00:00,54354.27998,56064.804411805715,0.009515147631528813,15.225238606642055,3.146991244176389,TP1_HALF
XRPUSDT,SHORT,2021-11-28 19:00:00+00:00,2021-11-28 22:00:00+00:00,0.912087,0.958623237,461.74868348993067,-22.351844158451275,-5.10217084554434,STOP
SOLUSDT,LONG,2021-11-26 13:00:00+00:00,2021-11-29 01:00:00+00:00,191.81161999999998,203.5050540942857,0.8830844718148467,9.977192054511873,6.096311628193174,TP1_HALF
XRPUSDT,SHORT,2021-11-28 23:00:00+00:00,2021-11-29 05:00:00+00:00,0.9448542,0.9847308041999999,540.6655716081019,-22.603167182845223,-4.220397623252348,STOP
BTCUSDT,LONG,2021-11-26 13:00:00+00:00,2021-11-30 01:00:00+00:00,54354.27998,57042.22531821429,0.009515147631528813,24.51624252503972,4.94523216792373,STOP
XRPUSDT,SHORT,2021-11-29 10:00:00+00:00,2021-11-30 01:00:00+00:00,0.9682308,1.0087742807999998,531.0758710228012,-22.581604075458475,-4.187377720270802,STOP
SOLUSDT,LONG,2021-11-26 13:00:00+00:00,2021-11-30 06:00:00+00:00,191.81161999999998,200.6520042857143,0.8830844718148467,7.460227555231413,4.608888807526013,STOP
ETHUSDT,LONG,2021-11-30 01:00:00+00:00,2021-11-30 12:00:00+00:00,4487.37289,4633.240725681429,0.11163058145181166,15.265171911119403,3.2506288034696684,TP1_HALF
SOLUSDT,LONG,2021-11-30 07:00:00+00:00,2021-11-30 12:00:00+00:00,203.40319999999997,212.85013679999997,1.0879891856007415,9.825285946545055,4.644438632233916,TP1_HALF
ETHUSDT,LONG,2021-11-30 01:00:00+00:00,2021-11-30 16:00:00+00:00,4487.37289,4597.891791428571,0.11163058145181166,11.32309584885542,2.4628865070442485,STOP
SOLUSDT,LONG,2021-11-30 07:00:00+00:00,2021-11-30 16:00:00+00:00,203.40319999999997,208.41138,1.0879891856007415,5.000795870029252,2.462193318492556,STOP
SOLUSDT,LONG,2021-11-30 18:00:00+00:00,2021-12-01 09:00:00+00:00,212.71249999999998,222.73989428571426,1.0303780953850674,9.883326817134407,4.71405972179082,TP1_HALF
SOLUSDT,LONG,2021-11-30 18:00:00+00:00,2021-12-01 21:00:00+00:00,212.71249999999998,222.15726321428573,1.0303780953850674,9.283596853737416,4.4401542994820575,STOP
SOLUSDT,LONG,2021-12-02 00:00:00+00:00,2021-12-02 21:00:00+00:00,230.03981,241.7720816185714,0.8840362070059301,9.954654106158426,5.100104898613589,TP1_HALF
SOLUSDT,LONG,2021-12-02 00:00:00+00:00,2021-12-03 00:00:00+00:00,230.03981,230.9145685714286,0.8840362070059301,0.3658178890966045,0.38026399492705476,STOP
ETHUSDT,LONG,2021-11-30 18:00:00+00:00,2021-12-03 16:00:00+00:00,4600.896299999999,4416.953853342857,0.1882652483892057,-36.32771820828091,-3.9979698446396816,STOP
SOLUSDT,LONG,2021-12-03 11:00:00+00:00,2021-12-03 16:00:00+00:00,236.50626999999997,222.02652123,1.486740692892374,-22.209351078964445,-6.122353022606964,STOP
XRPUSDT,SHORT,2021-12-03 01:00:00+00:00,2021-12-03 17:00:00+00:00,0.9689301,0.9393864050999998,347.6987416576236,9.608786293139076,3.0491048735094672,TP1_HALF
ETHUSDT,LONG,2021-12-03 18:00:00+00:00,2021-12-03 20:00:00+00:00,4356.53218,4168.468110677142,0.18336806569092803,-36.04815743101312,-4.316829568853498,STOP
XRPUSDT,SHORT,2021-12-03 01:00:00+00:00,2021-12-03 21:00:00+00:00,0.9689301,0.9214026249999999,347.6987416576236,15.86797694186747,4.9051500206258485,STOP
XRPUSDT,SHORT,2021-12-03 21:00:00+00:00,2021-12-04 01:00:00+00:00,0.9267723,0.8971328222999998,344.2597424361029,9.575781851311795,3.1981402227926115,TP1_HALF
SOLUSDT,LONG,2021-12-03 21:00:00+00:00,2021-12-04 03:00:00+00:00,216.41619999999998,199.97102879999997,1.2942095580304638,-21.822390081842094,-7.598863301360992,STOP
BTCUSDT,LONG,2021-12-03 22:00:00+00:00,2021-12-04 04:00:00+00:00,53663.62001,51676.40223677571,0.017380147166620962,-36.36896243994697,-3.7031004856809435,STOP
XRPUSDT,SHORT,2021-12-03 21:00:00+00:00,2021-12-04 05:00:00+00:00,0.9267723,0.82576065,344.2597424361029,34.17091807006799,10.899295328528913,STOP
XRPUSDT,SHORT,2021-12-04 05:00:00+00:00,2021-12-04 06:00:00+00:00,0.8256735000000001,0.7916858234999999,301.7421615751222,9.767489475709453,4.116357918717284,TP1_HALF
XRPUSDT,SHORT,2021-12-04 05:00:00+00:00,2021-12-04 07:00:00+00:00,0.8256735000000001,0.7380158499999999,301.7421615751222,25.97817778509456,10.616502770162795,STOP
XRPUSDT,SHORT,2021-12-04 07:00:00+00:00,2021-12-04 08:00:00+00:00,0.7267725,0.7623126225,606.0538412322493,-22.441693517402573,-4.8901303365220805,STOP
ETHUSDT,LONG,2021-12-04 07:00:00+00:00,2021-12-04 19:00:00+00:00,3903.40951,4119.446297275715,0.07659030746640375,15.931850968463179,5.534566299596744,TP1_HALF
XRPUSDT,SHORT,2021-12-04 11:00:00+00:00,2021-12-04 22:00:00+00:00,0.786213,0.852014163,323.65793030119085,-21.82729344093105,-8.3693811982249,STOP
ETHUSDT,LONG,2021-12-04 07:00:00+00:00,2021-12-06 07:00:00+00:00,3903.40951,4024.001613214285,0.07659030746640375,8.62902340786282,3.0894043503594704,STOP
BTCUSDT,SHORT,2021-12-06 09:00:00+00:00,2021-12-07 01:00:00+00:00,48108.843,51303.57353549999,0.010703260575415359,-35.25807038830384,-6.640630570766359,STOP
BTCUSDT,SHORT,2021-12-07 13:00:00+00:00,2021-12-08 11:00:00+00:00,50861.15793,49035.01324292999,0.00893389295579076,15.42211945611717,3.590450476143947,TP1_HALF
BTCUSDT,SHORT,2021-12-07 13:00:00+00:00,2021-12-08 14:00:00+00:00,50861.15793,50525.605845,0.00893389295579076,2.0920079137825347,0.6597413402616992,STOP
XRPUSDT,SHORT,2021-12-08 09:00:00+00:00,2021-12-08 15:00:00+00:00,0.8352639,0.8774869388999998,506.45901164726854,-22.251676647105445,-5.055053726133729,STOP
ETHUSDT,LONG,2021-12-08 14:00:00+00:00,2021-12-09 00:00:00+00:00,4297.132839999999,4474.673330374285,0.09222765779987428,15.565140454093381,4.131603489695368,TP1_HALF
ETHUSDT,LONG,2021-12-08 14:00:00+00:00,2021-12-09 09:00:00+00:00,4297.132839999999,4301.674376785714,0.09222765779987428,-0.3741925489183451,0.10568760508029573,STOP
XRPUSDT,SHORT,2021-12-08 17:00:00+00:00,2021-12-09 09:00:00+00:00,0.8663328,0.9135311327999999,452.15738374586317,-22.145853295292962,-5.448060237359109,STOP
BTCUSDT,SHORT,2021-12-09 10:00:00+00:00,2021-12-09 20:00:00+00:00,49157.74305,47523.20985554999,0.009945745165822426,15.295086497089962,3.32507778639769,TP1_HALF
SOLUSDT,LONG,2021-12-04 06:00:00+00:00,2021-12-10 07:00:00+00:00,193.56337,175.99255841571429,1.2080007353393036,-21.67197714760067,-9.077549943610563,STOP
BTCUSDT,SHORT,2021-12-09 10:00:00+00:00,2021-12-10 12:00:00+00:00,49157.74305,49051.010937499996,0.009945745165822426,0.084771151722285,0.2171216697061107,STOP
BTCUSDT,SHORT,2021-12-10 15:00:00+00:00,2021-12-12 17:00:00+00:00,48227.2245,50198.14285199999,0.01740577458314928,-36.01853031409652,-4.086733940079834,STOP
BTCUSDT,SHORT,2021-12-12 20:00:00+00:00,2021-12-13 02:00:00+00:00,50170.82895,48498.97554645,0.009675157159238335,15.220798561179334,3.3323216668717293,TP1_HALF
BTCUSDT,SHORT,2021-12-12 20:00:00+00:00,2021-12-14 08:00:00+00:00,50170.82895,47440.44698249999,0.009675157159238335,25.472470205152277,5.442170330135665,STOP
BTCUSDT,SHORT,2021-12-14 13:00:00+00:00,2021-12-15 19:00:00+00:00,47460.80169,49194.39443919,0.01985885271950156,-36.34662438626414,-3.652683240610477,STOP
BTCUSDT,SHORT,2021-12-16 13:00:00+00:00,2021-12-17 07:00:00+00:00,48640.76055,47045.92054304999,0.010142836711658162,15.20566738990636,3.2788138773253706,TP1_HALF
BTCUSDT,SHORT,2021-12-16 13:00:00+00:00,2021-12-17 16:00:00+00:00,48640.76055,47144.936767499996,0.010142836711658162,14.200357688108692,3.075247519952695,STOP
BTCUSDT,SHORT,2021-12-17 23:00:00+00:00,2021-12-19 14:00:00+00:00,46508.86458,48227.66370707999,0.02000660806420181,-36.28269706738434,-3.6956376867112617,STOP
BTCUSDT,SHORT,2021-12-19 15:00:00+00:00,2021-12-20 09:00:00+00:00,47345.8068,45871.890721799995,0.010948667110121182,15.116806949529021,3.113086834545198,TP1_HALF
BTCUSDT,SHORT,2021-12-19 15:00:00+00:00,2021-12-20 20:00:00+00:00,47345.8068,47125.67073499999,0.010948667110121182,1.3758597356850586,0.46495366723797726,STOP
BTCUSDT,SHORT,2021-12-20 22:00:00+00:00,2021-12-21 04:00:00+00:00,46914.26877,48321.05834127,0.024544615604391702,-36.86662375899372,-2.998639024231342,STOP
BTCUSDT,SHORT,2021-12-21 09:00:00+00:00,2021-12-23 17:00:00+00:00,48517.87356,50076.87469355999,0.021999583502989264,-36.466419016168366,-3.213251157085528,STOP
BTCUSDT,SHORT,2021-12-23 21:00:00+00:00,2021-12-26 03:00:00+00:00,50878.78029,49679.086532789996,0.013227537817452131,14.538861556615831,2.3579451991025846,TP1_HALF
BTCUSDT,SHORT,2021-12-23 21:00:00+00:00,2021-12-26 21:00:00+00:00,50878.78029,50711.98453749999,0.013227537817452131,0.8625014403246161,0.32782969943324636,STOP
XRPUSDT,SHORT,2021-12-25 18:00:00+00:00,2021-12-28 03:00:00+00:00,0.9200790000000001,0.878603154,243.86181474470044,9.6757451794084,4.507857042710473,TP1_HALF
XRPUSDT,SHORT,2021-12-25 18:00:00+00:00,2021-12-30 12:00:00+00:00,0.9200790000000001,0.8451979249999999,243.86181474470044,17.830151205076618,8.13854842899362,STOP
BTCUSDT,SHORT,2021-12-29 13:00:00+00:00,2021-12-31 08:00:00+00:00,46777.405770000005,48126.08449077,0.025489182187080617,-36.79572997899186,-2.883184089774704,STOP
BTCUSDT,SHORT,2021-12-31 08:00:00+00:00,2021-12-31 09:00:00+00:00,47143.898909999996,48499.793108909995,0.025297768130577703,-36.720668997467314,-2.876075654027832,STOP
BTCUSDT,SHORT,2021-12-31 10:00:00+00:00,2021-12-31 17:00:00+00:00,48243.66804,46983.16140803999,0.012592712327003154,14.674033333500265,2.612791860923369,TP1_HALF
BTCUSDT,SHORT,2021-12-31 10:00:00+00:00,2022-01-01 05:00:00+00:00,48243.66804,47032.42829999999,0.012592712327003154,14.053009132004695,2.510670911249402,STOP
BTCUSDT,SHORT,2022-01-01 19:00:00+00:00,2022-01-03 20:00:00+00:00,47512.98945,46179.11064195,0.011972148383047755,14.847699290357308,2.8073981946635906,TP1_HALF
BTCUSDT,SHORT,2022-01-01 19:00:00+00:00,2022-01-04 14:00:00+00:00,47512.98945,47123.08779749999,0.011972148383047755,3.5349632793290215,0.8206211754163029,STOP
BTCUSDT,SHORT,2022-01-04 16:00:00+00:00,2022-01-04 18:00:00+00:00,46878.42465,45866.151409649996,0.015649344860596066,14.390021176683032,2.159358485076579,TP1_HALF
BTCUSDT,SHORT,2022-01-04 16:00:00+00:00,2022-01-05 08:00:00+00:00,46878.42465,46604.651665,0.015649344860596066,2.8214189558969895,0.5840063676286644,STOP
BTCUSDT,SHORT,2022-01-05 11:00:00+00:00,2022-01-05 18:00:00+00:00,46771.6815,45726.23526899999,0.015207118266708454,14.491597716571405,2.2352119861245745,TP1_HALF
BTCUSDT,SHORT,2022-01-05 11:00:00+00:00,2022-01-05 23:00:00+00:00,46771.6815,43634.7179125,0.015207118266708454,46.3293554655374,6.706972011472379,STOP
BTCUSDT,SHORT,2022-01-05 23:00:00+00:00,2022-01-07 03:00:00+00:00,43393.61295,42079.73207295,0.012327094217084682,15.142695384273958,3.027820888212085,TP1_HALF
BTCUSDT,SHORT,2022-01-05 23:00:00+00:00,2022-01-07 08:00:00+00:00,43393.61295,42398.274489999996,0.012327094217084682,11.212066294773646,2.29374415342386,STOP
BTCUSDT,SHORT,2022-01-07 14:00:00+00:00,2022-01-10 14:00:00+00:00,41447.73078,39869.72817827999,0.010364018218235144,15.511672086544408,3.8072110873713982,TP1_HALF
BTCUSDT,SHORT,2022-01-07 14:00:00+00:00,2022-01-10 16:00:00+00:00,41447.73078,41309.1003325,0.010364018218235144,0.5790751781587288,0.33447053648325564,STOP
BTCUSDT,SHORT,2022-01-10 18:00:00+00:00,2022-01-11 08:00:00+00:00,41143.26555,42485.142178049995,0.025856531262118548,-36.858615521902536,-3.261473317958341,STOP
BTCUSDT,SHORT,2022-01-11 15:00:00+00:00,2022-01-11 16:00:00+00:00,41600.358,42943.722393,0.025722688639659697,-36.729645067019845,-3.229213539460396,STOP
BTCUSDT,SHORT,2022-01-11 18:00:00+00:00,2022-01-12 13:00:00+00:00,42506.46099,43905.314228489995,0.02457911649792954,-36.50650180223978,-3.290919088321864,STOP
BTCUSDT,SHORT,2022-01-12 15:00:00+00:00,2022-01-13 20:00:00+00:00,43805.69046,42511.53845795999,0.012403842665805258,14.981792492094446,2.9543011157916244,TP1_HALF
BTCUSDT,SHORT,2022-01-12 15:00:00+00:00,2022-01-14 14:00:00+00:00,43805.69046,43105.63364249999,0.012403842665805258,7.605360231350227,1.598095613032846,STOP
BTCUSDT,SHORT,2022-01-15 13:00:00+00:00,2022-01-15 20:00:00+00:00,42672.84444,43729.71296694,0.03281622368970424,-37.51783964189994,-2.476677008081829,STOP
BTCUSDT,SHORT,2022-01-15 21:00:00+00:00,2022-01-17 05:00:00+00:00,43441.515,42432.576615,0.01574139289059318,14.530317705451075,2.3225211758844067,TP1_HALF
BTCUSDT,SHORT,2022-01-15 21:00:00+00:00,2022-01-18 21:00:00+00:00,43441.515,42343.62989999999,0.01574139289059318,15.931863037780921,2.5272716662851358,STOP
BTCUSDT,SHORT,2022-01-19 04:00:00+00:00,2022-01-20 14:00:00+00:00,41664.703590000005,42649.41968859,0.03526193980532952,-37.69607933360818,-2.3634299868782405,STOP
BTCUSDT,SHORT,2022-01-20 17:00:00+00:00,2022-01-20 21:00:00+00:00,43231.50522,42180.82855272,0.015130559974937178,14.604989889799668,2.4303494914952206,TP1_HALF
BTCUSDT,SHORT,2022-01-20 17:00:00+00:00,2022-01-21 10:00:00+00:00,43231.50522,39352.12817249999,0.015130559974937178,57.447610464600096,8.973495203922033,STOP
BTCUSDT,SHORT,2022-01-21 13:00:00+00:00,2022-01-21 21:00:00+00:00,38147.973840000006,36708.43774884,0.01129855353552497,15.418906418477894,3.77355845214139,TP1_HALF
BTCUSDT,SHORT,2022-01-21 13:00:00+00:00,2022-01-22 11:00:00+00:00,38147.973840000006,35519.692064999996,0.01129855353552497,28.863444274217397,6.8897021530515135,STOP
BTCUSDT,SHORT,2022-01-22 12:00:00+00:00,2022-01-24 10:00:00+00:00,35371.353240000004,33322.34336574,0.008052435687694483,15.946368661861909,5.792851238563479,TP1_HALF
BTCUSDT,SHORT,2022-01-22 12:00:00+00:00,2022-01-24 17:00:00+00:00,35371.353240000004,35034.46839749999,0.008052435687694483,2.1458051776151628,0.9524228270662904,STOP
BTCUSDT,SHORT,2022-01-25 15:00:00+00:00,2022-01-26 10:00:00+00:00,36263.69001,38190.951380009996,0.01779015013398436,-35.61082836840648,-5.314576011096883,STOP
BTCUSDT,SHORT,2022-01-26 16:00:00+00:00,2022-01-27 01:00:00+00:00,37947.015,36133.17386249999,0.009044918779776309,15.735996476652831,4.779931010383843,TP1_HALF
BTCUSDT,SHORT,2022-01-26 16:00:00+00:00,2022-01-28 00:00:00+00:00,37947.015,37394.3051625,0.009044918779776309,4.317759467339915,1.4565304741361085,STOP
BTCUSDT,SHORT,2022-01-28 01:00:00+00:00,2022-01-31 19:00:00+00:00,37120.11272999999,38765.86057772999,0.020874215569973906,-35.93775551289936,-4.433574487503966,STOP
BTCUSDT,SHORT,2022-01-31 20:00:00+00:00,2022-02-02 16:00:00+00:00,38377.37421,37300.44596421,0.014989141424372581,15.007884230768383,2.8061540633214754,TP1_HALF
BTCUSDT,SHORT,2022-01-31 20:00:00+00:00,2022-02-03 23:00:00+00:00,38377.37421,37401.55562,0.014989141424372581,13.490821753832407,2.5426924329432943,STOP
BTCUSDT,SHORT,2022-02-04 01:00:00+00:00,2022-02-04 07:00:00+00:00,37143.34947,38226.15886947,0.03208391068823303,-37.15890863915418,-2.915217434401174,STOP
BTCUSDT,SHORT,2022-02-04 08:00:00+00:00,2022-02-04 15:00:00+00:00,37831.440689999996,38909.75049818999,0.032100880643947005,-37.07815426871083,-2.8503006719356128,STOP
BTCUSDT,SHORT,2022-02-05 01:00:00+00:00,2022-02-07 03:00:00+00:00,41429.938590000005,42855.12518859,0.024030100030762908,-36.272755040319026,-3.439992061523345,STOP
BTCUSDT,SHORT,2022-02-07 05:00:00+00:00,2022-02-07 15:00:00+00:00,42772.92426,43878.142496759996,0.031160733128890318,-37.13952129140202,-2.583920215606028,STOP
BTCUSDT,SHORT,2022-02-07 17:00:00+00:00,2022-02-08 05:00:00+00:00,43753.91229,44847.062407289995,0.03140650599513287,-37.114672755253494,-2.4984054226845354,STOP
BTCUSDT,SHORT,2022-02-08 07:00:00+00:00,2022-02-08 09:00:00+00:00,44746.788420000004,43722.12079092,0.015339825476913507,14.36112497450156,2.289924406333521,TP1_HALF
BTCUSDT,SHORT,2022-02-08 07:00:00+00:00,2022-02-08 20:00:00+00:00,44746.788420000004,43778.080417499994,0.015339825476913507,13.501855658105743,2.1648659863755415,STOP
BTCUSDT,SHORT,2022-02-09 14:00:00+00:00,2022-02-10 15:00:00+00:00,43894.931130000004,45432.485013629994,0.022040389054838926,-35.857096793052605,-3.502805094001271,STOP
BTCUSDT,SHORT,2022-02-10 18:00:00+00:00,2022-02-10 22:00:00+00:00,45285.09957,43679.02960707,0.009924350418971073,15.056289916829348,3.5465748738111924,TP1_HALF
BTCUSDT,SHORT,2022-02-10 18:00:00+00:00,2022-02-15 01:00:00+00:00,45285.09957,43243.46562249999,0.009924350418971073,19.383302219198153,4.50840114493759,STOP
BTCUSDT,SHORT,2022-02-15 16:00:00+00:00,2022-02-17 09:00:00+00:00,44154.76104,43149.965756039994,0.015689569249075323,14.395031631996712,2.2756216097506554,TP1_HALF
BTCUSDT,SHORT,2022-02-15 16:00:00+00:00,2022-02-18 15:00:00+00:00,44154.76104,40705.286765,0.015689569249075323,52.78934791400001,7.812236310995102,STOP
BTCUSDT,SHORT,2022-02-18 16:00:00+00:00,2022-02-20 08:00:00+00:00,39792.19797,38509.60410296999,0.012547075273134582,15.110343189854655,3.2232295084503204,TP1_HALF
BTCUSDT,SHORT,2022-02-18 16:00:00+00:00,2022-02-21 01:00:00+00:00,39792.19797,39360.386065,0.012547075273134582,4.4248430459204116,1.085167261495712,STOP
BTCUSDT,SHORT,2022-02-21 09:00:00+00:00,2022-02-21 11:00:00+00:00,39022.488450000004,38110.53913095,0.01748862249057084,14.599786970480693,2.336984019403321,TP1_HALF
BTCUSDT,SHORT,2022-02-21 09:00:00+00:00,2022-02-21 14:00:00+00:00,39022.488450000004,38201.815437499994,0.01748862249057084,13.001893806026596,2.1030770847726643,STOP
BTCUSDT,SHORT,2022-02-21 19:00:00+00:00,2022-02-22 03:00:00+00:00,37712.24001,36444.162050009996,0.012778810489968342,15.256897328675166,3.3625103140353163,TP1_HALF
BTCUSDT,SHORT,2022-02-21 19:00:00+00:00,2022-02-22 10:00:00+00:00,37712.24001,37692.140199999994,0.012778810489968342,-0.7067266219426492,0.05329784174760155,STOP
BTCUSDT,SHORT,2022-02-22 16:00:00+00:00,2022-02-24 02:00:00+00:00,37722.140100000004,36061.4308626,0.009841772336906026,15.618161124669822,4.402478843982671,TP1_HALF
BTCUSDT,SHORT,2022-02-22 16:00:00+00:00,2022-02-24 15:00:00+00:00,37722.140100000004,36055.0336575,0.009841772336906026,15.681183920692717,4.419437598398634,STOP
BTCUSDT,SHORT,2022-02-25 08:00:00+00:00,2022-02-26 00:00:00+00:00,38427.77376,40284.16410875999,0.018458285628892578,-35.71867072771674,-4.8308558293125525,STOP
BTCUSDT,SHORT,2022-02-26 09:00:00+00:00,2022-02-28 15:00:00+00:00,38744.0172,40659.9955047,0.017799299286660502,-35.51640705879636,-4.945223658170361,STOP
BTCUSDT,SHORT,2022-03-01 14:00:00+00:00,2022-03-03 15:00:00+00:00,44371.623960000004,42514.04553396,0.008746614355232408,15.487566683111666,4.1864107288806185,TP1_HALF
BTCUSDT,SHORT,2022-03-01 14:00:00+00:00,2022-03-07 16:00:00+00:00,44371.623960000004,39517.55807999999,0.008746614355232408,41.722895983372204,10.93957229146232,STOP
BTCUSDT,SHORT,2022-03-07 17:00:00+00:00,2022-03-07 19:00:00+00:00,38789.501670000005,37727.42676417,0.015215460543920992,14.995718518812922,2.738047306886182,TP1_HALF
BTCUSDT,SHORT,2022-03-07 17:00:00+00:00,2022-03-07 21:00:00+00:00,38789.501670000005,38293.019407499996,0.015215460543920992,6.38136021774485,1.2799397804174162,STOP
BTCUSDT,SHORT,2022-03-08 13:00:00+00:00,2022-03-09 03:00:00+00:00,38789.34183,40376.83404182999,0.021686478657011676,-36.14395155342511,-4.092598989659102,STOP
BTCUSDT,SHORT,2022-03-09 06:00:00+00:00,2022-03-10 04:00:00+00:00,41474.34414,39785.59927914,0.009663859717210751,15.5345087396806,4.071781955513288,TP1_HALF
BTCUSDT,SHORT,2022-03-09 06:00:00+00:00,2022-03-11 11:00:00+00:00,41474.34414,39992.04280499999,0.009663859717210751,13.537472424969836,3.574019953145935,STOP
BTCUSDT,SHORT,2022-03-11 14:00:00+00:00,2022-03-13 22:00:00+00:00,39219.3414,37695.8853414,0.010737225263439572,15.531834764429062,3.884450896465086,TP1_HALF
BTCUSDT,SHORT,2022-03-11 14:00:00+00:00,2022-03-14 07:00:00+00:00,39219.3414,39155.23039999999,0.010737225263439572,-0.15315118347779666,0.16346781386799014,STOP
BTCUSDT,SHORT,2022-03-14 09:00:00+00:00,2022-03-14 22:00:00+00:00,39037.923,39973.32532049999,0.037506143605987245,-38.04674098804334,-2.3961375211995595,STOP
BTCUSDT,SHORT,2022-03-15 01:00:00+00:00,2022-03-15 07:00:00+00:00,39532.41801,38558.54088800999,0.01651199803438447,14.791219364203881,2.4634898926335858,TP1_HALF
BTCUSDT,SHORT,2022-03-15 01:00:00+00:00,2022-03-15 14:00:00+00:00,39532.41801,39149.83787,0.01651199803438447,5.0179612652430094,0.9677630644885471,STOP
BTCUSDT,SHORT,2022-03-15 14:00:00+00:00,2022-03-15 19:00:00+00:00,38678.29299,39835.99740549,0.02997798527643694,-37.059346163491135,-2.9931631568883343,STOP
BTCUSDT,SHORT,2022-03-15 21:00:00+00:00,2022-03-16 02:00:00+00:00,39392.61795,40649.214412949994,0.027438101793224905,-36.674817607519174,-3.1899287946410615,STOP
BTCUSDT,SHORT,2022-03-16 04:00:00+00:00,2022-03-16 09:00:00+00:00,39120.84,40658.54471249999,0.022188225592634742,-35.88910204144999,-3.9306536171002326,STOP
BTCUSDT,SHORT,2022-03-16 17:00:00+00:00,2022-03-18 18:00:00+00:00,40260.699,41769.966166499995,0.02253714861057295,-35.863315715950286,-3.7487356255289983,STOP
BTCUSDT,SHORT,2022-03-18 21:00:00+00:00,2022-03-21 02:00:00+00:00,41678.289990000005,40625.404809989996,0.015057884378241468,14.61490378395435,2.526219718377676,TP1_HALF
BTCUSDT,SHORT,2022-03-18 21:00:00+00:00,2022-03-22 02:00:00+00:00,41678.289990000005,41602.97141,0.015057884378241468,-0.11990113586187645,0.1807141800157286,STOP
BTCUSDT,SHORT,2022-03-22 07:00:00+00:00,2022-03-22 14:00:00+00:00,42205.742009999994,43169.72396450999,0.03582394283408195,-37.59212024395664,-2.2840066507576084,STOP
BTCUSDT,SHORT,2022-03-22 15:00:00+00:00,2022-03-24 15:00:00+00:00,42717.89934,43800.36845184,0.03161442766094365,-36.956866949926656,-2.5339942472929478,STOP
BTCUSDT,SHORT,2022-03-24 18:00:00+00:00,2022-03-25 12:00:00+00:00,43771.29489,44879.90638988999,0.030730586658955287,-36.792585191836004,-2.5327363576426176,STOP
XRPUSDT,LONG,2022-03-28 00:00:00+00:00,2022-03-28 05:00:00+00:00,0.8588579999999999,0.872181374142857,716.3620241585118,8.30430839963924,1.5512895196711396,TP1_HALF
SOLUSDT,SHORT,2022-03-28 01:00:00+00:00,2022-03-28 05:00:00+00:00,105.894,109.67427899999998,5.541037256334079,-22.141138643560037,-3.5698708142104074,STOP
XRPUSDT,LONG,2022-03-28 00:00:00+00:00,2022-03-28 06:00:00+00:00,0.8588579999999999,0.8628398678571428,716.3620241585118,1.6190999484670956,0.4636235392978749,STOP
BTCUSDT,LONG,2022-03-28 00:00:00+00:00,2022-03-28 13:00:00+00:00,46874.587759999995,47579.95910188285,0.021609129939229414,13.201380405665782,1.5048054299578784,TP1_HALF
XRPUSDT,LONG,2022-03-28 06:00:00+00:00,2022-03-28 13:00:00+00:00,0.8754746,0.8890917611142857,699.9662334876114,8.296416106432407,1.5554033337215722,TP1_HALF
XRPUSDT,LONG,2022-03-28 06:00:00+00:00,2022-03-28 14:00:00+00:00,0.8754746,0.8882037642857142,699.9662334876114,7.675469878783757,1.4539729976991156,STOP
SOLUSDT,SHORT,2022-03-28 07:00:00+00:00,2022-03-28 14:00:00+00:00,108.61128,112.24305377999998,5.770193486406237,-22.23040964767884,-3.3438274367082244,STOP
XRPUSDT,LONG,2022-03-28 14:00:00+00:00,2022-03-28 15:00:00+00:00,0.8942933999999999,0.8779003351714285,1310.1716575906055,-23.79960692302087,-1.8330745623943323,STOP
XRPUSDT,LONG,2022-03-28 19:00:00+00:00,2022-03-28 21:00:00+00:00,0.9104094999999999,0.8912495012142856,1109.4283393406574,-23.25545718837932,-2.10454732575992,STOP
BTCUSDT,LONG,2022-03-28 00:00:00+00:00,2022-03-28 23:00:00+00:00,46874.587759999995,47389.40423035714,0.021609129939229414,9.087773151292899,1.0982847955762987,STOP
SOLUSDT,SHORT,2022-03-28 16:00:00+00:00,2022-03-29 12:00:00+00:00,109.78011,114.34612760999998,4.552527842541087,-21.807263236021363,-4.1592394195997695,STOP
ETHUSDT,LONG,2022-03-29 10:00:00+00:00,2022-03-30 01:00:00+00:00,3430.2167899999995,3338.034699638571,0.3643637377908472,-36.05391641253687,-2.6873546485506106,STOP
SOLUSDT,SHORT,2022-03-29 14:00:00+00:00,2022-03-30 01:00:00+00:00,113.96592,108.13180091999999,1.697783234955012,9.527995777655478,5.119178680784575,TP1_HALF
SOLUSDT,SHORT,2022-03-29 14:00:00+00:00,2022-03-30 12:00:00+00:00,113.96592,113.16519499999998,1.697783234955012,0.9738380816257372,0.7026003914152756,STOP
XRPUSDT,LONG,2022-03-29 17:00:00+00:00,2022-03-31 14:00:00+00:00,0.8617608999999999,0.8273006283857142,599.930284871646,-21.687079730202942,-3.9988205097592378,STOP
BTCUSDT,LONG,2022-03-30 03:00:00+00:00,2022-03-31 16:00:00+00:00,47256.45924999999,45968.89862217857,0.02591688861668698,-35.785676594703475,-2.724623571583873,STOP
BTCUSDT,LONG,2022-03-31 18:00:00+00:00,2022-04-01 01:00:00+00:00,45865.81999999999,44848.67571642857,0.03286292912643247,-36.40748454583275,-2.217652019677019,STOP
SOLUSDT,SHORT,2022-03-30 18:00:00+00:00,2022-04-01 14:00:00+00:00,123.52635000000001,131.23030635,2.6559408766501673,-21.137871199092302,-6.236690673690259,STOP
BTCUSDT,LONG,2022-04-01 13:00:00+00:00,2022-04-01 15:00:00+00:00,45290.90566,46222.48048219714,0.01626301859920478,13.661934759036283,2.0568694942655785,TP1_HALF
SOLUSDT,LONG,2022-04-01 14:00:00+00:00,2022-04-01 19:00:00+00:00,128.54841999999996,136.4132987228571,1.2388734950009221,9.415335740628763,6.11822278551315,TP1_HALF
BTCUSDT,LONG,2022-04-01 13:00:00+00:00,2022-04-02 02:00:00+00:00,45290.90566,46188.921272142856,0.01626301859920478,13.11670647580611,1.9827724772922162,STOP
XRPUSDT,LONG,2022-03-31 18:00:00+00:00,2022-04-02 09:00:00+00:00,0.8126117999999999,0.8445200060571427,304.8427709858026,9.221821299998227,3.926623519021355,TP1_HALF
SOLUSDT,LONG,2022-04-01 14:00:00+00:00,2022-04-02 18:00:00+00:00,128.54841999999996,135.37306285714286,1.2388734950009221,8.127903818688637,5.309005631607833,STOP
XRPUSDT,LONG,2022-03-31 18:00:00+00:00,2022-04-03 01:00:00+00:00,0.8126117999999999,0.8163292821428572,304.8427709858026,0.6366766442658107,0.45747331540808567,STOP
BTCUSDT,LONG,2022-04-02 13:00:00+00:00,2022-04-03 01:00:00+00:00,46764.20748999999,45564.37750250999,0.02763986769144262,-35.715091979780055,-2.5657015309124453,STOP
BTCUSDT,LONG,2022-04-03 01:00:00+00:00,2022-04-03 22:00:00+00:00,46111.27520999999,47244.11737264714,0.01347079975119323,14.00271812355351,2.456757392824116,TP1_HALF
BTCUSDT,LONG,2022-04-03 01:00:00+00:00,2022-04-03 23:00:00+00:00,46111.27520999999,46217.712452142856,0.01347079975119323,0.1900494709486611,0.23082693258456022,STOP
ETHUSDT,LONG,2022-04-03 23:00:00+00:00,2022-04-04 10:00:00+00:00,3548.0244799999996,3448.6313251628567,0.3319897999559158,-35.32033195248685,-2.801366095341684,STOP
SOLUSDT,LONG,2022-04-03 10:00:00+00:00,2022-04-04 13:00:00+00:00,139.97984,131.48465230285714,2.3759800397690634,-20.829390617720765,-6.068865128823441,STOP
XRPUSDT,LONG,2022-04-04 11:00:00+00:00,2022-04-04 17:00:00+00:00,0.8302293999999999,0.8107428455999999,1061.2508628955054,-22.42160588349081,-2.3471289260534545,STOP
BTCUSDT,LONG,2022-04-04 11:00:00+00:00,2022-04-05 12:00:00+00:00,46041.99599999999,46953.09090899999,0.016548555092823602,13.538369977302093,1.9788345166443344,TP1_HALF
BTCUSDT,LONG,2022-04-04 11:00:00+00:00,2022-04-05 14:00:00+00:00,46041.99599999999,46195.663094999996,0.016548555092823602,1.0165684043950407,0.3337541991011994,STOP
SOLUSDT,LONG,2022-04-04 17:00:00+00:00,2022-04-06 00:00:00+00:00,130.04992,122.69281865142857,2.7246273027891768,-20.73398897001615,-5.657136389296835,STOP
XRPUSDT,LONG,2022-04-04 21:00:00+00:00,2022-04-06 00:00:00+00:00,0.8249240999999999,0.8024565544714285,909.8260904269296,-21.922192488243354,-2.723589422174899,STOP
BTCUSDT,LONG,2022-04-05 17:00:00+00:00,2022-04-06 00:00:00+00:00,45974.88896,44894.102418539995,0.03050197210577767,-35.73780438022128,-2.3508192535284467,STOP
ETHUSDT,LONG,2022-04-06 13:00:00+00:00,2022-04-06 16:00:00+00:00,3309.4060999999997,3205.868451042857,0.3117936910898484,-34.313807235845914,-3.1285869980460457,STOP
SOLUSDT,LONG,2022-04-06 13:00:00+00:00,2022-04-06 23:00:00+00:00,122.00187999999999,114.30817169142856,2.5795484550513614,-20.455866609744987,-6.306221107880827,STOP
BTCUSDT,LONG,2022-04-06 18:00:00+00:00,2022-04-08 18:00:00+00:00,43859.095279999994,42649.19125400571,0.026682861868028238,-34.59199065920343,-2.758616014010684,STOP
BTCUSDT,SHORT,2022-04-16 10:00:00+00:00,2022-04-18 04:00:00+00:00,40288.46121,39582.46663371,0.02073964686515876,12.985583362700915,1.7523493205909957,TP1_HALF
BTCUSDT,SHORT,2022-04-16 10:00:00+00:00,2022-04-18 12:00:00+00:00,40288.46121,39321.3295475,0.02073964686515876,18.406890205044252,2.4005177498810815,STOP
BTCUSDT,SHORT,2022-04-18 14:00:00+00:00,2022-04-18 17:00:00+00:00,39286.803869999996,40017.133526369995,0.04497693402100736,-36.41483672802104,-1.8589693852079758,STOP
BTCUSDT,SHORT,2022-04-19 16:00:00+00:00,2022-04-21 10:00:00+00:00,41404.42413,42506.98686662999,0.029152279553313475,-34.58842603439051,-2.6629104492993383,STOP
BTCUSDT,SHORT,2022-04-21 10:00:00+00:00,2022-04-21 11:00:00+00:00,41761.8963,42666.7547163,0.0356816312021285,-35.299376289015406,-2.166708163345543,STOP
BTCUSDT,SHORT,2022-04-21 15:00:00+00:00,2022-04-21 17:00:00+00:00,42455.91159,41604.54707409,0.01714849653949054,13.15811097041863,2.0052908629820454,TP1_HALF
BTCUSDT,SHORT,2022-04-21 15:00:00+00:00,2022-04-22 00:00:00+00:00,42455.91159,40684.57142749999,0.01714849653949054,28.950086361574893,4.172187326010047,STOP
BTCUSDT,SHORT,2022-04-22 01:00:00+00:00,2022-04-22 15:00:00+00:00,40386.80277,39365.17755027,0.01451205522390244,13.668516464229965,2.529601626422595,TP1_HALF
BTCUSDT,SHORT,2022-04-22 01:00:00+00:00,2022-04-25 13:00:00+00:00,40386.80277,39300.212022499996,0.01451205522390244,14.612242574204824,2.690459934865519,STOP
BTCUSDT,SHORT,2022-04-25 13:00:00+00:00,2022-04-25 16:00:00+00:00,38763.82737,39564.93063236999,0.040581910074121666,-35.6890311670544,-2.0666258125738635,STOP
BTCUSDT,SHORT,2022-04-25 16:00:00+00:00,2022-04-25 18:00:00+00:00,38937.783240000004,39786.10352574,0.038046648427927446,-35.270923708484645,-2.1786558328480643,STOP
BTCUSDT,SHORT,2022-04-26 13:00:00+00:00,2022-04-26 14:00:00+00:00,40246.06365,39316.220593649996,0.015799098302331765,13.433669503090787,2.3103950349936953,TP1_HALF
BTCUSDT,SHORT,2022-04-26 13:00:00+00:00,2022-04-27 06:00:00+00:00,40246.06365,38710.05137999999,0.015799098302331765,23.02017342438868,3.816552802176987,STOP
BTCUSDT,SHORT,2022-04-27 09:00:00+00:00,2022-04-28 15:00:00+00:00,38941.02,40275.18387749999,0.02377894101122793,-33.60868158152,-3.4261143583295794,STOP
BTCUSDT,SHORT,2022-04-28 21:00:00+00:00,2022-04-29 16:00:00+00:00,39830.13,38574.15061499999,0.011832162987255932,13.933260564818308,3.1533399087575353,TP1_HALF
BTCUSDT,SHORT,2022-04-28 21:00:00+00:00,2022-05-02 00:00:00+00:00,39830.13,38719.575894999994,0.011832162987255932,12.210844253775514,2.7882261619532778,STOP
BTCUSDT,SHORT,2022-05-02 12:00:00+00:00,2022-05-03 18:00:00+00:00,38490.24123,37705.341046229994,0.018684416787775816,13.241732153724264,2.0392186660504463,TP1_HALF
BTCUSDT,SHORT,2022-05-02 12:00:00+00:00,2022-05-04 06:00:00+00:00,38490.24123,38378.708225,0.018684416787775816,0.6476776613573443,0.2897695660921573,STOP
BTCUSDT,SHORT,2022-05-04 10:00:00+00:00,2022-05-04 18:00:00+00:00,38845.24587,39734.27151836999,0.03625672018054713,-35.08218974015287,-2.2886343707160917,STOP
BTCUSDT,SHORT,2022-05-04 18:00:00+00:00,2022-05-04 19:00:00+00:00,38946.3147,39830.226922199996,0.03631422711419613,-34.95929840972385,-2.2695657573988504,STOP
BTCUSDT,SHORT,2022-05-05 14:00:00+00:00,2022-05-05 15:00:00+00:00,38953.54746,38220.98633496,0.019795026541037854,12.97339496833596,1.880601826553141,TP1_HALF
BTCUSDT,SHORT,2022-05-05 14:00:00+00:00,2022-05-05 16:00:00+00:00,38953.54746,37322.318962499994,0.019795026541037854,30.7803286022359,4.187625014576801,STOP
BTCUSDT,SHORT,2022-05-05 16:00:00+00:00,2022-05-05 19:00:00+00:00,36872.76033,35833.821210329996,0.014277355231962963,13.79524518355852,2.817633153503596,TP1_HALF
BTCUSDT,SHORT,2022-05-05 16:00:00+00:00,2022-05-06 00:00:00+00:00,36872.76033,36683.28378,0.014277355231962963,1.6550382412603766,0.5138659224431352,STOP
BTCUSDT,SHORT,2022-05-06 08:00:00+00:00,2022-05-07 21:00:00+00:00,36335.568060000005,35165.64464556,0.012759017809794779,14.014788434603757,3.219774664065078,TP1_HALF
BTCUSDT,SHORT,2022-05-06 08:00:00+00:00,2022-05-09 20:00:00+00:00,36335.568060000005,31570.663052499993,0.012759017809794779,59.92909104051255,13.113610882955907,STOP
BTCUSDT,SHORT,2022-05-10 00:00:00+00:00,2022-05-10 05:00:00+00:00,30046.23369,31570.245611189996,0.020801971046141017,-32.984196076956515,-5.072222818053951,STOP
BTCUSDT,SHORT,2022-05-10 15:00:00+00:00,2022-05-11 12:00:00+00:00,31054.25466,29373.840227159995,0.009040586742902661,14.645627010579906,5.411221268190647,TP1_HALF
BTCUSDT,SHORT,2022-05-10 15:00:00+00:00,2022-05-11 13:00:00+00:00,31054.25466,30780.048227499996,0.009040586742902661,1.9199686595367988,0.8829915111541853,STOP
BTCUSDT,SHORT,2022-05-11 13:00:00+00:00,2022-05-11 14:00:00+00:00,29299.970699999998,31455.967385699994,0.014582093760968725,-32.32489460491645,-7.358357821497741,STOP
BTCUSDT,SHORT,2022-05-11 21:00:00+00:00,2022-05-13 05:00:00+00:00,28457.65386,30964.298653859994,0.012461634362801228,-31.977385543853984,-8.80833257088467,STOP
BTCUSDT,SHORT,2022-05-13 15:00:00+00:00,2022-05-26 13:00:00+00:00,30661.38792,28070.46141042,0.005865571892303586,14.852769825001166,8.45012794704565,TP1_HALF
BTCUSDT,SHORT,2022-05-13 15:00:00+00:00,2022-05-30 06:00:00+00:00,30661.38792,30669.167457499996,0.005865571892303586,-0.40537021825672526,-0.025372424497849266,STOP
BTCUSDT,SHORT,2022-05-30 08:00:00+00:00,2022-05-30 20:00:00+00:00,30605.48388,31197.407978879997,0.05489230382566934,-35.88458059467899,-1.9340458762254986,STOP
BTCUSDT,SHORT,2022-05-30 20:00:00+00:00,2022-05-30 21:00:00+00:00,30612.46689,31249.296039389996,0.05058981546071654,-35.346644318317416,-2.0802934689266195,STOP
BTCUSDT,SHORT,2022-05-30 23:00:00+00:00,2022-05-31 16:00:00+00:00,31736.68155,32374.63491405,0.050356354442674466,-35.35341789364839,-2.0101451471696175,STOP
BTCUSDT,SHORT,2022-05-31 18:00:00+00:00,2022-06-01 14:00:00+00:00,32089.96791,31243.624607909995,0.017295170894304858,13.542286738949393,2.637407754547061,TP1_HALF
BTCUSDT,SHORT,2022-05-31 18:00:00+00:00,2022-06-02 11:00:00+00:00,32089.96791,30208.734269999997,0.017295170894304858,31.45879059521872,5.862373079574712,STOP
BTCUSDT,SHORT,2022-06-02 14:00:00+00:00,2022-06-06 01:00:00+00:00,29865.38472,30746.881599719993,0.03589051313964398,-33.81278068491714,-2.9515671336042715,STOP
BTCUSDT,SHORT,2022-06-06 05:00:00+00:00,2022-06-06 14:00:00+00:00,31191.68709,31776.83038959,0.05493278528468865,-35.60258728755317,-1.8759591230241401,STOP
BTCUSDT,SHORT,2022-06-06 17:00:00+00:00,2022-06-07 00:00:00+00:00,31279.63905,30711.121991549997,0.025248181887555503,12.788868087798699,1.8175307507265037,TP1_HALF
BTCUSDT,SHORT,2022-06-06 17:00:00+00:00,2022-06-07 14:00:00+00:00,31279.63905,29847.9756575,0.025248181887555503,34.60353660110746,4.576981819424164,STOP
BTCUSDT,SHORT,2022-06-07 23:00:00+00:00,2022-06-08 03:00:00+00:00,31228.70004,30222.186320039997,0.01468442979156844,13.877708828619387,3.2230407243042047,TP1_HALF
BTCUSDT,SHORT,2022-06-07 23:00:00+00:00,2022-06-08 13:00:00+00:00,31228.70004,30911.4663,0.01468442979156844,3.7459036726905577,1.0158403634914825,STOP
BTCUSDT,SHORT,2022-06-08 19:00:00+00:00,2022-06-10 16:00:00+00:00,30204.63513,28987.901930129996,0.01224915769794567,14.178898120542687,4.028299612404562,TP1_HALF
BTCUSDT,SHORT,2022-06-08 19:00:00+00:00,2022-06-12 15:00:00+00:00,30204.63513,28163.827834999996,0.01224915769794567,24.283205880127973,6.756603038627739,STOP
BTCUSDT,SHORT,2022-06-12 23:00:00+00:00,2022-06-13 01:00:00+00:00,26968.44456,25984.690077059997,0.015188078646468914,14.137084082264403,3.647798376919087,TP1_HALF
BTCUSDT,SHORT,2022-06-12 23:00:00+00:00,2022-06-13 04:00:00+00:00,26968.44456,25935.622927499997,0.015188078646468914,14.88306504446621,3.8297412006916387,STOP
BTCUSDT,SHORT,2022-06-13 05:00:00+00:00,2022-06-13 08:00:00+00:00,25364.600010000002,24229.44453501,0.013277700216612821,14.413759240166,4.475353344986588,TP1_HALF
BTCUSDT,SHORT,2022-06-13 05:00:00+00:00,2022-06-13 16:00:00+00:00,25364.600010000002,23783.120075,0.013277700216612821,20.345847781899742,6.234988662847051,STOP
BTCUSDT,SHORT,2022-06-14 00:00:00+00:00,2022-06-15 07:00:00+00:00,22464.92259,20723.69236509,0.008776248211835156,14.902434642988462,7.750884597684249,TP1_HALF
BTCUSDT,SHORT,2022-06-14 00:00:00+00:00,2022-06-15 18:00:00+00:00,22464.92259,21895.426767499994,0.008776248211835156,4.608719257138114,2.535044668943165,STOP
BTCUSDT,SHORT,2022-06-16 10:00:00+00:00,2022-06-18 06:00:00+00:00,21252.576149999997,19532.928493649997,0.008913599656594488,14.964705098919206,8.091478624580773,TP1_HALF
BTCUSDT,SHORT,2022-06-16 10:00:00+00:00,2022-06-18 22:00:00+00:00,21252.576149999997,19380.522232499996,0.008913599656594488,16.324551984365755,8.80859762264633,STOP
BTCUSDT,SHORT,2022-06-19 20:00:00+00:00,2022-06-21 08:00:00+00:00,20103.95592,21488.745340919995,0.022833582106420412,-32.56941330194811,-6.888143937593716,STOP
BTCUSDT,SHORT,2022-06-21 08:00:00+00:00,2022-06-30 06:00:00+00:00,21099.15972,19787.211092219997,0.011638836197256357,14.793685405362988,6.218013632724906,TP1_HALF
BTCUSDT,SHORT,2022-06-21 08:00:00+00:00,2022-06-30 23:00:00+00:00,21099.15972,19977.673787499996,0.011638836197256357,12.574704529199074,5.315310881489466,STOP
BTCUSDT,SHORT,2022-07-01 04:00:00+00:00,2022-07-03 04:00:00+00:00,19711.02924,18911.65056924,0.01900880496785211,14.461062260108084,4.055489244254207,TP1_HALF
BTCUSDT,SHORT,2022-07-01 04:00:00+00:00,2022-07-03 20:00:00+00:00,19711.02924,19618.870699999996,0.01900880496785211,1.0042093156174752,0.4675480862916359,STOP
BTCUSDT,SHORT,2022-07-03 21:00:00+00:00,2022-07-04 15:00:00+00:00,19425.98457,19931.575877069998,0.06417931148172781,-34.97444310999267,-2.6026547341687634,STOP
BTCUSDT,SHORT,2022-07-05 09:00:00+00:00,2022-07-05 19:00:00+00:00,19875.02508,20487.978662579997,0.05237369923651265,-34.21660639828383,-3.0840392910839842,STOP
BTCUSDT,SHORT,2022-07-06 02:00:00+00:00,2022-07-06 23:00:00+00:00,19857.60252,20636.195957519998,0.04075821026973244,-33.38452979404079,-3.9208833832574674,STOP
BTCUSDT,SHORT,2022-07-07 16:00:00+00:00,2022-07-07 19:00:00+00:00,20867.55156,21593.659719059997,0.04366033764556834,-33.555998213045086,-3.4796040013234553,STOP
BTCUSDT,SHORT,2022-07-07 21:00:00+00:00,2022-07-08 01:00:00+00:00,21602.40597,22357.38923847,0.0418018609368479,-33.39730684434667,-3.4949036210062623,STOP
BTCUSDT,SHORT,2022-07-08 13:00:00+00:00,2022-07-08 15:00:00+00:00,21358.62,22079.839567499996,0.043612894990638064,-33.34895023824321,-3.3767142610336975,STOP
BTCUSDT,SHORT,2022-07-08 17:00:00+00:00,2022-07-10 14:00:00+00:00,21667.67064,20939.354075639996,0.02026004774261152,13.892508010758984,3.3613053126969827,TP1_HALF
BTCUSDT,SHORT,2022-07-08 17:00:00+00:00,2022-07-13 12:00:00+00:00,21667.67064,20009.224234999998,0.02026004774261152,32.75582746393119,7.654013357293687,STOP
BTCUSDT,SHORT,2022-07-13 13:00:00+00:00,2022-07-13 17:00:00+00:00,19145.844989999998,19733.356847489995,0.053796694519717844,-33.69776846852328,-3.068612838957274,STOP
BTCUSDT,SHORT,2022-07-14 14:00:00+00:00,2022-07-14 17:00:00+00:00,19743.10713,20513.63991963,0.0405456915491172,-32.874022465463945,-3.902793945027838,STOP
BTCUSDT,SHORT,2022-07-14 17:00:00+00:00,2022-07-15 08:00:00+00:00,20202.98679,21018.006656789996,0.03813414141248862,-32.65201004742053,-4.034155321991362,STOP
BTCUSDT,SHORT,2022-07-15 14:00:00+00:00,2022-07-17 07:00:00+00:00,20840.15898,21689.597623979997,0.03642164594438413,-32.48695727964818,-4.075970076788726,STOP
BTCUSDT,SHORT,2022-07-17 09:00:00+00:00,2022-07-17 17:00:00+00:00,21435.06348,20860.75911348,0.02521978684017552,13.417142074979042,2.679275324077568,TP1_HALF
BTCUSDT,SHORT,2022-07-17 09:00:00+00:00,2022-07-18 02:00:00+00:00,21435.06348,21366.499439999996,0.02521978684017552,0.6497241804326273,0.31986861183769255,STOP
BTCUSDT,SHORT,2022-07-18 04:00:00+00:00,2022-07-18 05:00:00+00:00,21258.739980000002,21889.49403498,0.049393598056224564,-33.28645879178771,-2.967034055515083,STOP
BTCUSDT,SHORT,2022-07-18 10:00:00+00:00,2022-07-18 19:00:00+00:00,22219.79796,21547.796015459997,0.02158668174042369,13.561494984038557,3.0243386809805317,TP1_HALF
BTCUSDT,SHORT,2022-07-18 10:00:00+00:00,2022-07-18 23:00:00+00:00,22219.79796,22103.609742499997,0.02158668174042369,1.5513227774347753,0.5229040232911375,STOP
BTCUSDT,SHORT,2022-07-19 01:00:00+00:00,2022-07-19 16:00:00+00:00,22323.59406,23352.071731559998,0.029848708084748186,-32.0620894048647,-4.607133012702702,STOP
BTCUSDT,SHORT,2022-07-20 01:00:00+00:00,2022-07-20 15:00:00+00:00,23011.45551,24274.52900301,0.024114940895930415,-31.59924135288966,-5.488890055047202,STOP
BTCUSDT,SHORT,2022-07-20 16:00:00+00:00,2022-07-20 20:00:00+00:00,24148.45737,22960.903907369997,0.012287468926030339,14.013171457245075,4.917719771637752,TP1_HALF
BTCUSDT,SHORT,2022-07-20 16:00:00+00:00,2022-07-22 10:00:00+00:00,24148.45737,23575.50338,0.012287468926030339,6.453747663427403,2.3726318465037477,STOP
BTCUSDT,SHORT,2022-07-22 13:00:00+00:00,2022-07-22 19:00:00+00:00,23566.47993,22687.27918743,0.01653773430137011,13.77505589946638,3.730725781625055,TP1_HALF
BTCUSDT,SHORT,2022-07-22 13:00:00+00:00,2022-07-24 07:00:00+00:00,23566.47993,22859.2717925,0.01653773430137011,10.927843527013767,3.000906964470873,STOP
BTCUSDT,SHORT,2022-07-24 09:00:00+00:00,2022-07-25 02:00:00+00:00,22659.22809,21975.06155559,0.021192181243312742,13.553083241990027,3.0193726445250646,TP1_HALF
BTCUSDT,SHORT,2022-07-24 09:00:00+00:00,2022-07-25 20:00:00+00:00,22659.22809,22280.908292499997,0.021192181243312742,7.0650422012363245,1.669605848872513,STOP
BTCUSDT,SHORT,2022-07-25 23:00:00+00:00,2022-07-26 00:00:00+00:00,21636.72162,21033.393286619998,0.024034075238782836,13.474901806031227,2.7884461610039546,TP1_HALF
BTCUSDT,SHORT,2022-07-25 23:00:00+00:00,2022-07-27 07:00:00+00:00,21636.72162,21352.171554999997,0.024034075238782836,5.805699378410672,1.315125599882827,STOP
BTCUSDT,SHORT,2022-07-27 15:00:00+00:00,2022-07-27 18:00:00+00:00,21438.4401,22055.5193001,0.05056422571568561,-33.4013703386867,-2.878377331660431,STOP
BTCUSDT,SHORT,2022-07-28 13:00:00+00:00,2022-07-28 15:00:00+00:00,23011.005960000002,23751.877680960002,0.041769070407016835,-32.89876525458036,-3.2196407329946997,STOP
BTCUSDT,SHORT,2022-07-29 12:00:00+00:00,2022-07-30 13:00:00+00:00,23696.83944,24626.978959439995,0.03293385092059787,-32.224565699674564,-3.925162770314139,STOP
BTCUSDT,SHORT,2022-07-30 15:00:00+00:00,2022-07-30 22:00:00+00:00,24328.17747,23589.688949969997,0.019482806962367025,13.454254738159866,3.0355275110133473,TP1_HALF
BTCUSDT,SHORT,2022-07-30 15:00:00+00:00,2022-08-02 16:00:00+00:00,24328.17747,23439.841067499998,0.019482806962367025,16.376631563410214,3.6514712357530343,STOP
BTCUSDT,SHORT,2022-08-02 16:00:00+00:00,2022-08-03 12:00:00+00:00,22956.5205,23648.192567999995,0.04462744123483554,-32.947403662155544,-3.012965610358931,STOP
BTCUSDT,SHORT,2022-08-03 12:00:00+00:00,2022-08-03 23:00:00+00:00,23379.427170000003,22760.267557170002,0.023120106752279136,13.248281677719694,2.648309594276521,TP1_HALF
BTCUSDT,SHORT,2022-08-03 12:00:00+00:00,2022-08-05 02:00:00+00:00,23379.427170000003,23064.939039999997,0.023120106752279136,6.1972004331076125,1.345148996650991,STOP
BTCUSDT,SHORT,2022-08-05 13:00:00+00:00,2022-08-08 06:00:00+00:00,22995.911070000002,23640.72746607,0.047906112493199024,-33.12482685960207,-2.804048050573704,STOP
BTCUSDT,SHORT,2022-08-08 10:00:00+00:00,2022-08-08 22:00:00+00:00,24066.28962,23748.512622119997,0.043377142952148603,11.710188751860336,1.3204237250428408,TP1_HALF
BTCUSDT,SHORT,2022-08-08 10:00:00+00:00,2022-08-09 21:00:00+00:00,24066.28962,23229.708287499998,0.043377142952148603,34.23694278865339,3.476154179598878,STOP
BTCUSDT,SHORT,2022-08-10 01:00:00+00:00,2022-08-10 12:00:00+00:00,22749.09813,23288.618483129998,0.05774381280732796,-33.812355567067556,-2.3716120526928286,STOP
BTCUSDT,SHORT,2022-08-10 15:00:00+00:00,2022-08-11 04:00:00+00:00,23978.47752,24525.55071252,0.05678695863183656,-33.82101899693743,-2.2815176320668984,STOP
BTCUSDT,SHORT,2022-08-11 08:00:00+00:00,2022-08-12 10:00:00+00:00,24407.44812,23755.122010619998,0.021847253068408512,13.199313736686626,2.6726518322309656,TP1_HALF
BTCUSDT,SHORT,2022-08-11 08:00:00+00:00,2022-08-12 18:00:00+00:00,24407.44812,24283.316557499995,0.021847253068408512,1.6481742017109329,0.5085806672197379,STOP
BTCUSDT,SHORT,2022-08-13 07:00:00+00:00,2022-08-15 07:00:00+00:00,24626.98836,23999.878548359997,0.022730792493901773,13.149375777956216,2.546433215758437,TP1_HALF
BTCUSDT,SHORT,2022-08-13 07:00:00+00:00,2022-08-17 06:00:00+00:00,24626.98836,24346.628019999996,0.022730792493901773,5.259603600450086,1.1384272242373483,STOP
BTCUSDT,SHORT,2022-08-20 00:00:00+00:00,2022-08-21 08:00:00+00:00,20813.55561,21483.964183109998,0.04572494658383097,-32.58844802796551,-3.221018963179434,STOP
BTCUSDT,SHORT,2022-08-21 21:00:00+00:00,2022-08-22 08:00:00+00:00,21446.96157,20962.09522407,0.029203472328649283,12.921289199890323,2.2607694071137385,TP1_HALF
BTCUSDT,SHORT,2022-08-21 21:00:00+00:00,2022-08-22 15:00:00+00:00,21446.96157,21417.383487499996,0.029203472328649283,-0.38800500094900914,0.13791269408239826,STOP
BTCUSDT,SHORT,2022-08-22 15:00:00+00:00,2022-08-23 14:00:00+00:00,21179.878920000003,21675.93498642,0.06237919984214572,-33.61689188018817,-2.342110020051047,STOP
BTCUSDT,SHORT,2022-08-23 15:00:00+00:00,2022-08-26 15:00:00+00:00,21446.68185,20942.313956849997,0.028040107641796017,12.953938009740257,2.3517292636576537,TP1_HALF
BTCUSDT,SHORT,2022-08-23 15:00:00+00:00,2022-08-29 12:00:00+00:00,21446.68185,20065.334575,0.028040107641796017,37.56912487271661,6.440843784886008,STOP
BTCUSDT,SHORT,2022-08-30 01:00:00+00:00,2022-08-30 14:00:00+00:00,20235.99375,19823.916791249998,0.034338652979674304,12.774564320963153,2.0363564243046084,TP1_HALF
BTCUSDT,SHORT,2022-08-30 01:00:00+00:00,2022-08-30 19:00:00+00:00,20235.99375,19991.852952499998,0.034338652979674304,7.002096055496885,1.2064680416300488,STOP
BTCUSDT,SHORT,2022-08-31 07:00:00+00:00,2022-09-01 16:00:00+00:00,20229.59016,19655.501382659997,0.025044888636374916,13.379071819935463,2.837866574653347,TP1_HALF
BTCUSDT,SHORT,2022-08-31 07:00:00+00:00,2022-09-01 21:00:00+00:00,20229.59016,20179.544027499996,0.025044888636374916,0.2413575495255782,0.24739073853784488,STOP
BTCUSDT,SHORT,2022-09-02 11:00:00+00:00,2022-09-06 17:00:00+00:00,20047.26267,19507.126022669996,0.026619660368658676,13.325329711501888,2.6943162077598726,TP1_HALF
BTCUSDT,SHORT,2022-09-02 11:00:00+00:00,2022-09-07 18:00:00+00:00,20047.26267,19089.464679999997,0.026619660368658676,24.454450805586216,4.777699608003405,STOP
BTCUSDT,SHORT,2022-09-07 20:00:00+00:00,2022-09-09 03:00:00+00:00,18973.38762,19513.885582619998,0.05747587464610861,-33.27768283608834,-2.848716177865107,STOP
BTCUSDT,SHORT,2022-09-09 08:00:00+00:00,2022-09-09 10:00:00+00:00,20611.12824,21169.806183239994,0.05546121117967349,-33.302176618790476,-2.710564587899511,STOP
BTCUSDT,SHORT,2022-09-09 10:00:00+00:00,2022-09-09 15:00:00+00:00,20726.71254,21285.50606754,0.055213394530394276,-33.17252469817191,-2.6960065493338403,STOP
BTCUSDT,SHORT,2022-09-09 18:00:00+00:00,2022-09-11 17:00:00+00:00,21225.473280000002,21834.661485779998,0.05030195098533078,-32.80936405639695,-2.870080670257713,STOP
BTCUSDT,SHORT,2022-09-11 18:00:00+00:00,2022-09-12 01:00:00+00:00,21606.72165,22130.199384149997,0.058669066601519215,-33.27795438235651,-2.4227540976814455,STOP
BTCUSDT,SHORT,2022-09-12 01:00:00+00:00,2022-09-12 02:00:00+00:00,21616.352010000002,22110.156864509998,0.06207491028095803,-33.36721115529423,-2.2844042060452985,STOP
BTCUSDT,SHORT,2022-09-12 03:00:00+00:00,2022-09-12 07:00:00+00:00,21746.761469999998,22240.696733969995,0.061791967530852,-33.23930338268131,-2.2713049235004057,STOP
BTCUSDT,SHORT,2022-09-12 11:00:00+00:00,2022-09-13 11:00:00+00:00,22132.305539999998,22703.866725539996,0.05286283175390647,-32.58450981922666,-2.582474674891011,STOP
BTCUSDT,SHORT,2022-09-13 12:00:00+00:00,2022-09-13 13:00:00+00:00,22500.21726,21883.632959759998,0.022621341368093132,12.943941710884438,2.7403482069310647,TP1_HALF
BTCUSDT,SHORT,2022-09-13 12:00:00+00:00,2022-09-14 02:00:00+00:00,22500.21726,20518.944517499996,0.022621341368093132,43.845895907452636,8.80557160673392,STOP
BTCUSDT,SHORT,2022-09-14 12:00:00+00:00,2022-09-16 17:00:00+00:00,20205.124649999998,19340.724267149995,0.016471344757417166,13.586463403126672,4.2781244749707685,TP1_HALF
BTCUSDT,SHORT,2022-09-14 12:00:00+00:00,2022-09-19 13:00:00+00:00,20205.124649999998,19135.3980675,0.016471344757417166,16.971844023914205,5.2943330022960255,STOP
BTCUSDT,SHORT,2022-09-19 16:00:00+00:00,2022-09-19 20:00:00+00:00,19061.40951,19641.64474701,0.052147193268066105,-32.27589469570726,-3.044031117979995,STOP
BTCUSDT,SHORT,2022-09-20 08:00:00+00:00,2022-09-21 18:00:00+00:00,19338.572070000002,18698.92910457,0.022105632479317603,13.298869290379798,3.307601839032792,TP1_HALF
BTCUSDT,SHORT,2022-09-20 08:00:00+00:00,2022-09-21 19:00:00+00:00,19338.572070000002,19343.647537499997,0.022105632479317603,-0.9672913493432649,-0.026245306435357385,STOP
BTCUSDT,SHORT,2022-09-21 19:00:00+00:00,2022-09-21 20:00:00+00:00,19616.37399,18993.102761489998,0.02269742244355784,13.270314766253502,3.1773009060070523,TP1_HALF
BTCUSDT,SHORT,2022-09-21 19:00:00+00:00,2022-09-22 02:00:00+00:00,19616.37399,18786.993582499996,0.02269742244355784,17.953140018389487,4.228000587278791,STOP
BTCUSDT,SHORT,2022-09-22 14:00:00+00:00,2022-09-27 01:00:00+00:00,18884.76633,19631.892538829998,0.04024599534967394,-31.618979199911575,-3.956237507917315,STOP
BTCUSDT,SHORT,2022-09-27 07:00:00+00:00,2022-09-27 16:00:00+00:00,20174.21559,19675.609758089995,0.028125791899869024,12.902875973375362,2.4715004639741966,TP1_HALF
BTCUSDT,SHORT,2022-09-27 07:00:00+00:00,2022-09-28 10:00:00+00:00,20174.21559,19008.531327499997,0.028125791899869024,31.683747202160536,5.778089647648121,STOP
BTCUSDT,SHORT,2022-09-28 10:00:00+00:00,2022-09-28 14:00:00+00:00,18633.36798,19361.794717979996,0.04136517104234612,-31.703173012144514,-3.9092596612799513,STOP
BTCUSDT,SHORT,2022-09-28 18:00:00+00:00,2022-09-30 15:00:00+00:00,19326.204449999997,20127.041026949995,0.037406777540924606,-31.432534457427877,-4.143786117040671,STOP
BTCUSDT,SHORT,2022-09-30 16:00:00+00:00,2022-10-02 10:00:00+00:00,19736.253989999997,19090.013861489995,0.021853574351088225,13.27416396578234,3.2743808872617852,TP1_HALF
BTCUSDT,SHORT,2022-09-30 16:00:00+00:00,2022-10-03 17:00:00+00:00,19736.253989999997,19605.246732499996,0.021853574351088225,2.003224431185894,0.6637898841714396,STOP
BTCUSDT,SHORT,2022-10-03 20:00:00+00:00,2022-10-04 06:00:00+00:00,19521.838620000002,19879.807138620003,0.08618521370990084,-34.24743253890983,-1.8336823984051565,STOP
BTCUSDT,SHORT,2022-10-04 09:00:00+00:00,2022-10-04 14:00:00+00:00,19864.40571,20267.112933209995,0.07583261693376506,-33.581620674384666,-2.0272804990449256,STOP
BTCUSDT,SHORT,2022-10-04 16:00:00+00:00,2022-10-07 12:00:00+00:00,20079.600300000002,19670.650942800003,0.03367781056613249,12.433817551612032,2.0366409245705874,TP1_HALF
BTCUSDT,SHORT,2022-10-04 16:00:00+00:00,2022-10-13 12:00:00+00:00,20079.600300000002,19014.255617499995,0.03367781056613249,34.56188093098254,5.305607016988311,STOP
BTCUSDT,SHORT,2022-10-13 13:00:00+00:00,2022-10-13 15:00:00+00:00,18366.914699999998,18666.729209699995,0.10334315591811968,-34.81095125921774,-1.6323618560715403,STOP
BTCUSDT,SHORT,2022-10-13 15:00:00+00:00,2022-10-13 16:00:00+00:00,18396.585,18696.429179999996,0.1028479196776327,-34.6532894834312,-1.629890438904802,STOP
BTCUSDT,SHORT,2022-10-13 20:00:00+00:00,2022-10-14 01:00:00+00:00,19350.57006,19784.69177256,0.06945407942147541,-32.86962748622812,-2.243456969039803,STOP
BTCUSDT,SHORT,2022-10-14 08:00:00+00:00,2022-10-14 18:00:00+00:00,19622.70765,19194.61952265,0.03202506578210954,12.466422982734109,2.181595603346831,TP1_HALF
BTCUSDT,SHORT,2022-10-14 08:00:00+00:00,2022-10-16 20:00:00+00:00,19622.70765,19441.866015,0.03202506578210954,4.540419715647576,0.9215936874032771,STOP
BTCUSDT,SHORT,2022-10-16 21:00:00+00:00,2022-10-17 12:00:00+00:00,19310.30037,19574.837795369996,0.11721392273648724,-35.565348918741236,-1.3699291067526653,STOP
BTCUSDT,SHORT,2022-10-17 15:00:00+00:00,2022-10-18 06:00:00+00:00,19454.36616,19702.711331159997,0.12495752996967369,-35.92557085217534,-1.2765523642225718,STOP
BTCUSDT,SHORT,2022-10-18 09:00:00+00:00,2022-10-18 18:00:00+00:00,19514.91555,19273.771138049997,0.0545880784563095,11.046210206682995,1.235692828555457,TP1_HALF
BTCUSDT,SHORT,2022-10-18 09:00:00+00:00,2022-10-18 20:00:00+00:00,19514.91555,19370.750327499998,0.0545880784563095,5.747008696754696,0.7387437682250364,STOP
BTCUSDT,SHORT,2022-10-18 20:00:00+00:00,2022-10-21 12:00:00+00:00,19196.99379,18881.82925629,0.04265595970572201,11.819356909102634,1.641738999124831,TP1_HALF
BTCUSDT,SHORT,2022-10-18 20:00:00+00:00,2022-10-21 13:00:00+00:00,19196.99379,19003.0115275,0.04265595970572201,6.645041685243208,1.010482498572507,STOP
BTCUSDT,SHORT,2022-10-21 13:00:00+00:00,2022-10-21 15:00:00+00:00,18860.39073,19149.653038229997,0.1057646166297585,-34.61383484261195,-1.5337026277503663,STOP
BTCUSDT,SHORT,2022-10-21 15:00:00+00:00,2022-10-21 16:00:00+00:00,18957.16386,19246.52294136,0.10525206924847072,-34.476659157740066,-1.5263838172046018,STOP
BTCUSDT,SHORT,2022-10-21 17:00:00+00:00,2022-10-23 17:00:00+00:00,19108.63224,19437.033784739997,0.0915711794797806,-33.6017888965427,-1.7186030931745977,STOP
BTCUSDT,SHORT,2022-10-23 17:00:00+00:00,2022-10-23 18:00:00+00:00,19159.16166,19361.33543916,0.15401925608275419,-37.07155337281259,-1.0552329102274438,STOP
BTCUSDT,SHORT,2022-10-23 19:00:00+00:00,2022-10-23 22:00:00+00:00,19418.392170000003,19620.825179670002,0.15320820338252525,-36.99552606846085,-1.0424807980896844,STOP
BTCUSDT,SHORT,2022-10-24 00:00:00+00:00,2022-10-24 01:00:00+00:00,19550.8296,19390.400987099998,0.07748443451683976,9.413381119446402,0.8205718948110619,TP1_HALF
BTCUSDT,SHORT,2022-10-24 00:00:00+00:00,2022-10-24 10:00:00+00:00,19550.8296,19449.820032499996,0.07748443451683976,4.804725935964769,0.5166510555644432,STOP
BTCUSDT,SHORT,2022-10-24 13:00:00+00:00,2022-10-25 15:00:00+00:00,19353.67695,19575.43175445,0.1380829262138708,-35.99599754524901,-1.14580193222662,STOP
BTCUSDT,SHORT,2022-10-25 20:00:00+00:00,2022-10-26 08:00:00+00:00,20252.86686,20649.073876859995,0.07395585865993456,-32.326768287024464,-1.9563009009974541,STOP
BTCUSDT,SHORT,2022-10-26 17:00:00+00:00,2022-10-27 20:00:00+00:00,20741.557679999998,20297.547450179998,0.02977350097851382,11.997861175265168,2.140679290679004,TP1_HALF
BTCUSDT,SHORT,2022-10-26 17:00:00+00:00,2022-10-28 13:00:00+00:00,20741.557679999998,20484.841877499995,0.02977350097851382,6.41587394936796,1.237688154672878,STOP
BTCUSDT,SHORT,2022-10-28 16:00:00+00:00,2022-10-29 08:00:00+00:00,20464.10541,20990.89998291,0.054802754280698085,-31.14164200984464,-2.5742369986648805,STOP
BTCUSDT,SHORT,2022-10-29 11:00:00+00:00,2022-10-31 13:00:00+00:00,20753.08614,20359.448821139995,0.03333042069425572,11.749799352500743,1.8967652146024583,TP1_HALF
BTCUSDT,SHORT,2022-10-29 11:00:00+00:00,2022-11-01 06:00:00+00:00,20753.08614,20672.578355,0.03333042069425572,1.3026235180551797,0.38793162837031936,STOP
BTCUSDT,SHORT,2022-11-01 12:00:00+00:00,2022-11-02 18:00:00+00:00,20502.26721,20175.08106471,0.03979982358744822,11.402999577460598,1.595853482635401,TP1_HALF
BTCUSDT,SHORT,2022-11-01 12:00:00+00:00,2022-11-02 19:00:00+00:00,20502.26721,20508.829412499996,0.03979982358744822,-1.8934089125481612,-0.03200720404616941,STOP
BTCUSDT,SHORT,2022-11-10 15:00:00+00:00,2022-11-14 00:00:00+00:00,17618.75361,16181.301961109997,0.009523233829512975,13.367302338344265,8.158645501882367,TP1_HALF
BTCUSDT,SHORT,2022-11-10 15:00:00+00:00,2022-11-30 01:00:00+00:00,17618.75361,16946.5464025,0.009523233829512975,6.072412984500139,3.8152937624286287,STOP
BTCUSDT,SHORT,2022-11-30 13:00:00+00:00,2022-11-30 19:00:00+00:00,16760.462760000002,17082.70339776,0.09097738661101287,-32.39557389494599,-1.9226237507537602,STOP
BTCUSDT,SHORT,2022-12-01 01:00:00+00:00,2022-12-02 13:00:00+00:00,17144.38845,16813.181620949996,0.039704290835583606,11.802071029166026,1.9318672696663208,TP1_HALF
BTCUSDT,SHORT,2022-12-01 01:00:00+00:00,2022-12-03 00:00:00+00:00,17144.38845,17152.9890675,0.039704290835583606,-1.7032344704382454,-0.05016578762830903,STOP
BTCUSDT,SHORT,2022-12-03 01:00:00+00:00,2022-12-05 02:00:00+00:00,17030.88207,17329.771314569996,0.09828522241088591,-32.75354033886962,-1.7549839364837894,STOP
BTCUSDT,SHORT,2022-12-05 03:00:00+00:00,2022-12-05 04:00:00+00:00,17227.87488,17429.543797379996,0.1494860704399008,-35.327495318676704,-1.1705965987373057,STOP
BTCUSDT,SHORT,2022-12-05 04:00:00+00:00,2022-12-05 05:00:00+00:00,17179.68312,17400.39970812,0.1347662989171806,-34.405387469555166,-1.2847535462574777,STOP
BTCUSDT,SHORT,2022-12-05 06:00:00+00:00,2022-12-05 15:00:00+00:00,17323.079579999998,17136.865754579994,0.06704473620761721,10.174298858809598,1.0749464294731559,TP1_HALF
BTCUSDT,SHORT,2022-12-05 06:00:00+00:00,2022-12-06 01:00:00+00:00,17323.079579999998,17087.403905,0.06704473620761721,13.493771672898639,1.3604721603432068,STOP
BTCUSDT,SHORT,2022-12-06 02:00:00+00:00,2022-12-07 07:00:00+00:00,17014.18878,16783.750406279996,0.05533772389786518,10.881634073383461,1.3543894257884492,TP1_HALF
BTCUSDT,SHORT,2022-12-06 02:00:00+00:00,2022-12-08 14:00:00+00:00,17014.18878,16942.9613925,0.05533772389786518,2.0624501028370577,0.418635225111208,STOP
BTCUSDT,SHORT,2022-12-09 11:00:00+00:00,2022-12-12 00:00:00+00:00,17198.99379,16997.757781289998,0.06280758798244873,10.491332839262554,1.1700452431525732,TP1_HALF
BTCUSDT,SHORT,2022-12-09 11:00:00+00:00,2022-12-12 20:00:00+00:00,17198.99379,17107.156852499997,0.06280758798244873,3.613369957252178,0.5339669205148501,STOP
BTCUSDT,SHORT,2022-12-13 01:00:00+00:00,2022-12-13 09:00:00+00:00,17141.940899999998,17304.928898399998,0.18852224720525856,-37.22086502943639,-0.9508141426388894,STOP
BTCUSDT,SHORT,2022-12-13 09:00:00+00:00,2022-12-13 10:00:00+00:00,17142.99984,17315.48695734,0.17603623878676788,-36.42992578579251,-1.0061664758202582,STOP
BTCUSDT,SHORT,2022-12-13 11:00:00+00:00,2022-12-13 13:00:00+00:00,17374.867739999998,17547.586725239995,0.17509725618997715,-36.35744636372357,-0.9940736690752905,STOP
BTCUSDT,SHORT,2022-12-13 13:00:00+00:00,2022-12-13 14:00:00+00:00,17409.41316,17613.475110659998,0.14494715092883745,-34.65466623327885,-1.172135722121026,STOP
BTCUSDT,SHORT,2022-12-13 15:00:00+00:00,2022-12-13 17:00:00+00:00,17853.908219999998,17685.109590719996,0.07210187603440683,9.608267986551352,0.9454435813157858,TP1_HALF
BTCUSDT,SHORT,2022-12-13 15:00:00+00:00,2022-12-13 23:00:00+00:00,17853.908219999998,17822.6509175,0.07210187603440683,-0.31863669424137475,0.17507260659592738,STOP
BTCUSDT,SHORT,2022-12-14 14:00:00+00:00,2022-12-14 16:00:00+00:00,17876.96514,18147.34078014,0.10674587470353696,-32.70693025130605,-1.5124247209892916,STOP
BTCUSDT,SHORT,2022-12-14 16:00:00+00:00,2022-12-14 18:00:00+00:00,18043.768170000003,18341.68403067,0.09583747038170008,-32.03859217080596,-1.6510734224867596,STOP
BTCUSDT,SHORT,2022-12-14 20:00:00+00:00,2022-12-15 14:00:00+00:00,17775.1071,17451.510819599996,0.03909810814560576,11.274708249570692,1.8205025633854288,TP1_HALF
BTCUSDT,SHORT,2022-12-14 20:00:00+00:00,2022-12-20 01:00:00+00:00,17775.1071,16613.9276875,0.03909810814560576,44.05537204523135,6.532615561568134,STOP
BTCUSDT,SHORT,2022-12-20 17:00:00+00:00,2022-12-28 21:00:00+00:00,16817.5656,16560.0355206,0.049053624087207676,10.995491407733827,1.5313160389872515,TP1_HALF
BTCUSDT,SHORT,2022-12-20 17:00:00+00:00,2022-12-30 21:00:00+00:00,16817.5656,16623.680645,0.049053624087207676,7.870345376425266,1.1528717033813862,STOP
BTCUSDT,SHORT,2022-12-31 15:00:00+00:00,2023-01-02 07:00:00+00:00,16569.84357,16729.806663569998,0.18823083586267358,-36.37800780725916,-0.9653868661718246,STOP
BTCUSDT,SHORT,2023-01-02 10:00:00+00:00,2023-01-04 03:00:00+00:00,16700.7825,16825.480815,0.24857395479202407,-39.33050917705934,-0.746661511219604,STOP
BTCUSDT,SHORT,2023-01-04 05:00:00+00:00,2023-01-06 13:00:00+00:00,16843.6395,16709.1619695,0.08818295021959062,8.899840356022278,0.798387607975104,TP1_HALF
BTCUSDT,SHORT,2023-01-04 05:00:00+00:00,2023-01-06 15:00:00+00:00,16843.6395,16847.000169999996,0.08818295021959062,-3.2672937961997675,-0.019952160576663935,STOP
BTCUSDT,SHORT,2023-01-06 15:00:00+00:00,2023-01-06 18:00:00+00:00,16732.07118,16880.53949868,0.2027570059560539,-36.91818407846158,-0.8873277975141924,STOP
BTCUSDT,SHORT,2023-01-06 18:00:00+00:00,2023-01-06 19:00:00+00:00,16804.44873,16963.647931229996,0.18654217408703827,-35.99653927633047,-0.9473634261252917,STOP
BTCUSDT,SHORT,2023-01-06 21:00:00+00:00,2023-01-08 23:00:00+00:00,16880.58252,17047.63348002,0.17592348775092484,-35.35695761074869,-0.9896042380177272,STOP
BTCUSDT,SHORT,2023-01-09 02:00:00+00:00,2023-01-09 10:00:00+00:00,17157.84498,17293.680312480003,0.22141459060126464,-37.703994898469645,-0.7916806139601773,STOP
BTCUSDT,SHORT,2023-01-09 14:00:00+00:00,2023-01-09 15:00:00+00:00,17209.6731,17341.5298056,0.22788169866346852,-37.92131686129101,-0.7661778630763116,STOP
BTCUSDT,SHORT,2023-01-09 19:00:00+00:00,2023-01-09 20:00:00+00:00,17333.35929,17224.00144179,0.10250957455004825,7.667766147527722,0.6309097179627132,TP1_HALF
BTCUSDT,SHORT,2023-01-09 19:00:00+00:00,2023-01-10 08:00:00+00:00,17333.35929,17271.819207499997,0.10250957455004825,2.7610855498430085,0.35503840583001045,STOP
BTCUSDT,SHORT,2023-01-10 17:00:00+00:00,2023-01-10 20:00:00+00:00,17284.847850000002,17482.83715035,0.14396922888388733,-33.50984369822764,-1.145450061627229,STOP
BTCUSDT,SHORT,2023-01-10 20:00:00+00:00,2023-01-11 23:00:00+00:00,17415.417149999997,17627.635032149996,0.1328612924284191,-32.85140730242769,-1.218563301252873,STOP
BTCUSDT,SHORT,2023-01-11 23:00:00+00:00,2023-01-12 00:00:00+00:00,17538.85359,17747.287791089995,0.13489155482588916,-32.87581593862303,-1.1884140546611244,STOP
BTCUSDT,SHORT,2023-01-12 02:00:00+00:00,2023-01-12 13:00:00+00:00,18203.28849,17993.431088489997,0.05616604831434323,9.7538342516671,1.152854340715892,TP1_HALF
BTCUSDT,SHORT,2023-01-12 02:00:00+00:00,2023-01-12 14:00:00+00:00,18203.28849,18138.002739999996,0.05616604831434323,1.6256958697084891,0.35864810930106295,STOP
BTCUSDT,SHORT,2023-01-12 15:00:00+00:00,2023-01-12 17:00:00+00:00,17980.56144,18268.58999394,0.09503532637773986,-30.817837567236882,-1.601888544476937,STOP
BTCUSDT,SHORT,2023-01-12 19:00:00+00:00,2023-01-12 21:00:00+00:00,18778.13307,19114.541730569996,0.08041010630904089,-30.097610168763165,-1.7914915147099642,STOP
BTCUSDT,SHORT,2023-01-12 22:00:00+00:00,2023-01-13 15:00:00+00:00,18811.23993,19244.96817243,0.061265731457114336,-28.904219451962053,-2.305686621636749,STOP
BTCUSDT,SHORT,2023-01-13 17:00:00+00:00,2023-01-13 21:00:00+00:00,19114.25661,19626.55570161,0.0513082709801291,-28.27290471127421,-2.6801936484518007,STOP
XRPUSDT,SHORT,2023-01-17 01:00:00+00:00,2023-01-18 16:00:00+00:00,0.38431529999999997,0.36998491529999994,534.9934174457854,7.263115834002375,3.7288093136026657,TP1_HALF
BTCUSDT,LONG,2023-01-17 13:00:00+00:00,2023-01-18 16:00:00+00:00,21273.482229999998,20744.014950269997,0.049471135598212625,-28.272000890842303,-2.4888604225938304,STOP
XRPUSDT,SHORT,2023-01-17 01:00:00+00:00,2023-01-18 17:00:00+00:00,0.38431529999999997,0.3805801999999999,534.9934174457854,1.5890398559678756,0.971884283555724,STOP
XRPUSDT,SHORT,2023-01-18 17:00:00+00:00,2023-01-18 19:00:00+00:00,0.3755241,0.3907537491,1056.6719424243297,-16.90244720018314,-4.055571693001858,STOP
BTCUSDT,LONG,2023-01-18 18:00:00+00:00,2023-01-20 19:00:00+00:00,20908.737849999998,21443.392635364282,0.022556666805501637,11.10470695356766,2.557087803194613,TP1_HALF
XRPUSDT,SHORT,2023-01-18 21:00:00+00:00,2023-01-20 19:00:00+00:00,0.3853143,0.40169058929999996,978.9045847826872,-16.80122737187978,-4.25011199947678,STOP
BTCUSDT,LONG,2023-01-18 18:00:00+00:00,2023-01-21 11:00:00+00:00,20908.737849999998,22756.870706785714,0.022556666805501637,40.702766479740404,8.839045522710576,STOP
BTCUSDT,LONG,2023-01-21 16:00:00+00:00,2023-01-22 20:00:00+00:00,23021.8989,22435.347880028574,0.04460402205538195,-28.19011066936561,-2.5477960029240965,STOP
XRPUSDT,SHORT,2023-01-20 23:00:00+00:00,2023-01-23 08:00:00+00:00,0.40958999999999995,0.42472501499999993,1062.0666772129503,-16.960493266348056,-3.6951622354061353,STOP
XRPUSDT,LONG,2023-01-24 15:00:00+00:00,2023-01-24 22:00:00+00:00,0.42192149999999995,0.4064931713571428,1039.3578595389833,-16.89657393413644,-3.6566822602918214,STOP
BTCUSDT,LONG,2023-01-22 22:00:00+00:00,2023-01-25 21:00:00+00:00,22607.955369999996,23248.051547129995,0.018879479118749223,11.218944885055844,2.831287335162491,TP1_HALF
BTCUSDT,LONG,2023-01-22 22:00:00+00:00,2023-01-25 22:00:00+00:00,22607.955369999996,23013.5958675,0.018879479118749223,6.7969701783170455,1.7942378727369368,STOP
BTCUSDT,LONG,2023-01-25 22:00:00+00:00,2023-01-25 23:00:00+00:00,23616.142549999997,23064.510666021422,0.04727078088887171,-28.28270084879065,-2.335825517696899,STOP
BTCUSDT,LONG,2023-01-26 00:00:00+00:00,2023-01-29 13:00:00+00:00,23084.000939999994,23637.40594441714,0.021550019614823824,10.919041465339793,2.39735306654838,TP1_HALF
BTCUSDT,LONG,2023-01-26 00:00:00+00:00,2023-01-30 09:00:00+00:00,23084.000939999994,23360.090454642857,0.021550019614823824,4.948863375453661,1.196021068273545,STOP
BTCUSDT,LONG,2023-01-30 11:00:00+00:00,2023-01-30 19:00:00+00:00,23266.783539999997,22879.207858602855,0.06837633404129849,-29.656297980032615,-1.665789689970798,STOP
BTCUSDT,LONG,2023-01-31 08:00:00+00:00,2023-02-01 20:00:00+00:00,23001.21824,23515.99120926,0.023050195512934583,10.793386813695305,2.2380248032462413,TP1_HALF
BTCUSDT,LONG,2023-01-31 08:00:00+00:00,2023-02-02 06:00:00+00:00,23001.21824,23692.9708125,0.023050195512934583,14.868721855722434,3.0074605844007785,STOP
BTCUSDT,LONG,2023-02-02 16:00:00+00:00,2023-02-02 22:00:00+00:00,23863.3395,23358.545429785714,0.05176243588476655,-28.573690485513083,-2.115353847328383,STOP
ETHUSDT,LONG,2023-02-02 23:00:00+00:00,2023-02-05 19:00:00+00:00,1657.2956399999998,1609.7617668599999,0.5401441649920816,-27.43982621105441,-2.8681589447734246,STOP
BTCUSDT,LONG,2023-02-05 20:00:00+00:00,2023-02-07 17:00:00+00:00,22914.691799999997,23229.62249605714,0.03651125187377758,9.813727284720407,1.3743614743146892,TP1_HALF
BTCUSDT,LONG,2023-02-05 20:00:00+00:00,2023-02-07 18:00:00+00:00,22914.691799999997,22975.817612142855,0.03651125187377758,0.5562599753743991,0.26675380439922236,STOP
BTCUSDT,LONG,2023-02-07 18:00:00+00:00,2023-02-07 19:00:00+00:00,23306.202919999996,22912.437547079993,0.06670574403647186,-29.349460977138357,-1.6895303549515406,STOP
BTCUSDT,LONG,2023-02-07 20:00:00+00:00,2023-02-08 16:00:00+00:00,23114.991899999997,22667.208430242852,0.05791452722844355,-28.58462243930102,-1.9371993366657625,STOP
BTCUSDT,LONG,2023-02-08 17:00:00+00:00,2023-02-09 03:00:00+00:00,22989.266299999996,22598.93581405714,0.0666417180093551,-29.050370284496918,-1.6978814410569365,STOP
BTCUSDT,LONG,2023-02-09 05:00:00+00:00,2023-02-09 19:00:00+00:00,22591.138569999996,22156.872018929993,0.0591829483938269,-28.349494082552223,-1.9222871380492945,STOP
ETHUSDT,LONG,2023-02-10 01:00:00+00:00,2023-02-10 21:00:00+00:00,1550.0685199999998,1500.2036004085712,0.5019342826657718,-26.559948794002775,-3.216949376626821,STOP
BTCUSDT,LONG,2023-02-11 13:00:00+00:00,2023-02-14 14:00:00+00:00,21735.48377,22121.967515515717,0.029573259693703877,10.132576377161154,1.7781235035088327,TP1_HALF
BTCUSDT,LONG,2023-02-11 13:00:00+00:00,2023-02-16 07:00:00+00:00,21735.48377,24471.875770714283,0.029573259693703877,79.55752901743956,12.58951505137944,STOP
ETHUSDT,LONG,2023-02-16 15:00:00+00:00,2023-02-16 16:00:00+00:00,1680.5488699999996,1725.7649489871426,0.26124637676571244,10.922649663605995,2.6905542465505805,TP1_HALF
ETHUSDT,LONG,2023-02-16 15:00:00+00:00,2023-02-16 20:00:00+00:00,1680.5488699999996,1694.330402142857,0.26124637676571244,2.718700356732697,0.8200613733331918,STOP
BTCUSDT,LONG,2023-02-17 01:00:00+00:00,2023-02-17 17:00:00+00:00,23737.083369999997,24492.741825201425,0.015754297939728195,11.14504140821184,3.1834511570889346,TP1_HALF
BTCUSDT,LONG,2023-02-17 01:00:00+00:00,2023-02-17 22:00:00+00:00,23737.083369999997,24216.693351428574,0.015754297939728195,6.800440456488722,2.020509318489938,STOP
BTCUSDT,LONG,2023-02-17 23:00:00+00:00,2023-02-22 15:00:00+00:00,24703.819139999996,23770.507338359996,0.027106705724577615,-26.61298765937685,-3.7780061307557067,STOP
ETHUSDT,LONG,2023-02-22 18:00:00+00:00,2023-02-23 02:00:00+00:00,1612.5809699999998,1654.5308543871427,0.28146964939762953,10.888026430967107,2.6014125905964747,TP1_HALF
ETHUSDT,LONG,2023-02-22 18:00:00+00:00,2023-02-23 11:00:00+00:00,1612.5809699999998,1633.758534642857,0.28146964939762953,5.047095652923182,1.3132713976438115,STOP
BTCUSDT,LONG,2023-02-23 13:00:00+00:00,2023-02-24 16:00:00+00:00,23936.002089999998,23213.75759541,0.03520893804651829,-27.08955463213001,-3.0173981932084537,STOP
ETHUSDT,LONG,2023-02-24 18:00:00+00:00,2023-02-26 20:00:00+00:00,1595.01342,1639.1312194371428,0.26774167962467843,10.946258404733262,2.7659829618952525,TP1_HALF
ETHUSDT,LONG,2023-02-24 18:00:00+00:00,2023-02-27 18:00:00+00:00,1595.01342,1617.8419671428571,0.26774167962467843,5.251938257674897,1.4312448319624194,STOP
BTCUSDT,LONG,2023-02-27 21:00:00+00:00,2023-03-01 04:00:00+00:00,23344.691369999997,23737.876160772856,0.029461514293153124,10.19669559693879,1.6842578235072958,TP1_HALF
XRPUSDT,SHORT,2023-02-27 02:00:00+00:00,2023-03-01 08:00:00+00:00,0.37632329999999997,0.3834241982999999,2283.721026535023,-17.951522091721746,-1.8869143366886831,STOP
BTCUSDT,LONG,2023-02-27 21:00:00+00:00,2023-03-01 14:00:00+00:00,23344.691369999997,23559.47051785714,0.029461514293153124,4.945851298596955,0.920034214430232,STOP
ETHUSDT,LONG,2023-03-01 15:00:00+00:00,2023-03-02 14:00:00+00:00,1655.78413,1619.6211019414286,0.7109218565597206,-28.03764421469807,-2.184042436653344,STOP
XRPUSDT,SHORT,2023-03-01 10:00:00+00:00,2023-03-03 01:00:00+00:00,0.3811185,0.3736810935,981.6934680261508,6.560271549497513,1.9514682441287956,TP1_HALF
BTCUSDT,LONG,2023-03-02 16:00:00+00:00,2023-03-03 01:00:00+00:00,23384.47111,22877.945620675713,0.05054407423827196,-27.94015296166086,-2.166076311675391,STOP
XRPUSDT,SHORT,2023-03-01 10:00:00+00:00,2023-03-03 02:00:00+00:00,0.3811185,0.362072425,981.6934680261508,17.967821742467407,4.997415502002667,STOP
XRPUSDT,SHORT,2023-03-03 02:00:00+00:00,2023-03-03 06:00:00+00:00,0.36033930000000003,0.36845381429999996,1971.127031966961,-17.431282296320443,-2.2519093254607325,STOP
XRPUSDT,SHORT,2023-03-04 18:00:00+00:00,2023-03-05 23:00:00+00:00,0.375624,0.36685119899999996,832.9762865824321,6.689070965764118,2.335527282601768,TP1_HALF
XRPUSDT,SHORT,2023-03-04 18:00:00+00:00,2023-03-06 16:00:00+00:00,0.375624,0.368407325,832.9762865824321,5.391558692772771,1.9212497071539603,STOP
XRPUSDT,SHORT,2023-03-06 20:00:00+00:00,2023-03-07 15:00:00+00:00,0.3713283,0.37967902829999994,1913.8123098072908,-17.41901368605203,-2.2488801149817883,STOP
XRPUSDT,SHORT,2023-03-07 17:00:00+00:00,2023-03-08 00:00:00+00:00,0.3764232,0.38521874819999996,1808.677607604945,-17.285875812671833,-2.3366116116116054,STOP
BTCUSDT,LONG,2023-03-03 03:00:00+00:00,2023-03-08 05:00:00+00:00,22370.918569999998,21868.39507035857,0.050830260762685285,-27.79209637445268,-2.2463248349369414,STOP
XRPUSDT,SHORT,2023-03-08 00:00:00+00:00,2023-03-08 11:00:00+00:00,0.3797199,0.38946254489999993,1621.7394627112553,-17.047445230431496,-2.5657451453031443,STOP
BTCUSDT,LONG,2023-03-08 16:00:00+00:00,2023-03-08 22:00:00+00:00,22162.940799999997,21783.86298848571,0.06743075764521014,-28.524870312439432,-1.710412958889851,STOP
XRPUSDT,SHORT,2023-03-08 15:00:00+00:00,2023-03-09 19:00:00+00:00,0.3905091,0.38005663409999996,695.0128542231047,6.729045068605338,2.6766254358733366,TP1_HALF
XRPUSDT,SHORT,2023-03-08 15:00:00+00:00,2023-03-09 22:00:00+00:00,0.3905091,0.37510687499999995,695.0128542231047,10.172631414612935,3.9441398420677176,STOP
XRPUSDT,SHORT,2023-03-13 03:00:00+00:00,2023-03-13 09:00:00+00:00,0.367632,0.356974332,682.2003466337385,6.776338113043907,2.8990044392218306,TP1_HALF
BTCUSDT,LONG,2023-03-13 00:00:00+00:00,2023-03-13 14:00:00+00:00,22019.107109999997,22683.061699675713,0.01750839279779885,10.84211462551047,3.015356555371773,TP1_HALF
XRPUSDT,SHORT,2023-03-13 03:00:00+00:00,2023-03-13 14:00:00+00:00,0.367632,0.36668059999999997,682.2003466337385,0.14809709952984884,0.2587914000957592,STOP
SOLUSDT,SHORT,2023-03-13 10:00:00+00:00,2023-03-13 14:00:00+00:00,19.05093,20.259383429999996,12.661722797463263,-15.79883863603567,-6.343277887221221,STOP
BTCUSDT,LONG,2023-03-13 00:00:00+00:00,2023-03-13 16:00:00+00:00,22019.107109999997,23789.526303214287,0.01750839279779885,30.195159104228985,8.040376861649644,STOP
BTCUSDT,LONG,2023-03-13 16:00:00+00:00,2023-03-14 12:00:00+00:00,24005.701719999997,24908.71414363714,0.013025158858142667,11.12476223167306,3.7616581017700934,TP1_HALF
SOLUSDT,SHORT,2023-03-13 17:00:00+00:00,2023-03-14 13:00:00+00:00,20.52945,21.878806949999998,11.381021649855489,-15.839709951813521,-6.572786655268392,STOP
XRPUSDT,SHORT,2023-03-13 17:00:00+00:00,2023-03-14 14:00:00+00:00,0.37082879999999996,0.3844128287999999,1144.568654559332,-16.412279462053945,-3.663153670912278,STOP
BTCUSDT,LONG,2023-03-13 16:00:00+00:00,2023-03-14 18:00:00+00:00,24005.701719999997,25433.465004642858,0.013025158858142667,17.95289059389415,5.947600704599854,STOP
SOLUSDT,SHORT,2023-03-14 17:00:00+00:00,2023-03-15 11:00:00+00:00,21.69828,20.23456578,5.072848000269257,7.212480801032004,6.745761507363712,TP1_HALF
XRPUSDT,SHORT,2023-03-14 19:00:00+00:00,2023-03-15 14:00:00+00:00,0.37672289999999997,0.36185939789999993,495.9070738493408,7.004647647416039,3.945473476658845,TP1_HALF
SOLUSDT,SHORT,2023-03-14 17:00:00+00:00,2023-03-17 02:00:00+00:00,21.69828,20.204112499999997,5.072848000269257,7.3671201464422085,6.8861103276388835,STOP
XRPUSDT,SHORT,2023-03-14 19:00:00+00:00,2023-03-17 10:00:00+00:00,0.37672289999999997,0.37159622499999995,495.9070738493408,2.171257650242332,1.3608609935844118,STOP
BTCUSDT,LONG,2023-03-14 20:00:00+00:00,2023-03-17 10:00:00+00:00,25079.204149999998,26496.849705492852,0.008364877598439796,11.427004172158181,5.652673613619652,TP1_HALF
SOLUSDT,SHORT,2023-03-17 03:00:00+00:00,2023-03-17 22:00:00+00:00,19.86012,21.101557619999998,12.417947572888206,-15.92476724535381,-6.250906943160461,STOP
XRPUSDT,SHORT,2023-03-17 13:00:00+00:00,2023-03-18 01:00:00+00:00,0.3732264,0.3836918514,1506.458189490462,-16.906030666840742,-2.8040490704837495,STOP
XRPUSDT,SHORT,2023-03-18 16:00:00+00:00,2023-03-19 10:00:00+00:00,0.3765231,0.38860059809999997,1292.3158907403106,-16.596724228452494,-3.2076380174284047,STOP
XRPUSDT,SHORT,2023-03-19 14:00:00+00:00,2023-03-20 04:00:00+00:00,0.39350609999999997,0.3792707060999999,515.4120483178298,6.938795052085659,3.6175789651037293,TP1_HALF
SOLUSDT,SHORT,2023-03-18 02:00:00+00:00,2023-03-20 07:00:00+00:00,22.03794,23.109955439999997,14.401599967289894,-16.088939455130138,-4.864408560872735,STOP
SOLUSDT,SHORT,2023-03-20 14:00:00+00:00,2023-03-20 19:00:00+00:00,23.32665,22.03401915,5.720900709523222,7.135508862591933,5.54143372494551,TP1_HALF
XRPUSDT,SHORT,2023-03-19 14:00:00+00:00,2023-03-21 06:00:00+00:00,0.39350609999999997,0.3856996,515.4120483178298,3.6219521492952067,1.9838320168353185,STOP
SOLUSDT,SHORT,2023-03-20 14:00:00+00:00,2023-03-21 12:00:00+00:00,23.32665,22.8474675,5.720900709523222,2.4771979626737544,2.054227675212683,STOP
XRPUSDT,SHORT,2023-03-21 07:00:00+00:00,2023-03-21 12:00:00+00:00,0.3833163,0.3976099413,1084.3632292622237,-16.34630673881556,-3.7289416860175173,STOP
XRPUSDT,SHORT,2023-03-21 19:00:00+00:00,2023-03-21 20:00:00+00:00,0.4507488,0.46902449879999997,844.2737563008462,-16.20623333282193,-4.054519679253721,STOP
XRPUSDT,SHORT,2023-03-21 22:00:00+00:00,2023-03-22 08:00:00+00:00,0.4706289,0.44967097889999996,350.20058271463506,7.017186627844376,4.453173423901513,TP1_HALF
BTCUSDT,LONG,2023-03-14 20:00:00+00:00,2023-03-22 19:00:00+00:00,25079.204149999998,27396.457190357145,0.008364877598439796,18.944585563190742,9.239739134055203,STOP
SOLUSDT,SHORT,2023-03-21 15:00:00+00:00,2023-03-22 19:00:00+00:00,22.7772,21.4271772,5.481183527234404,7.157430428610579,5.92707971129024,TP1_HALF
XRPUSDT,SHORT,2023-03-21 22:00:00+00:00,2023-03-23 06:00:00+00:00,0.4706289,0.4287354499999999,350.20058271463506,14.356152682483698,8.901588916447778,STOP
SOLUSDT,SHORT,2023-03-21 15:00:00+00:00,2023-03-23 15:00:00+00:00,22.7772,22.323729999999998,5.481183527234404,2.2383458195160495,1.9908944031751141,STOP
BTCUSDT,LONG,2023-03-22 21:00:00+00:00,2023-03-23 15:00:00+00:00,27338.60129,28226.94466156714,0.013158550564795613,10.95814912760308,3.2494104659702705,TP1_HALF
BTCUSDT,LONG,2023-03-22 21:00:00+00:00,2023-03-23 18:00:00+00:00,27338.60129,27805.568027142857,0.013158550564795613,5.418988082458652,1.7080856924222676,STOP
SOLUSDT,SHORT,2023-03-23 18:00:00+00:00,2023-03-24 15:00:00+00:00,22.267709999999997,21.086632709999996,6.3049141004385625,7.173245452761248,5.303990801029834,TP1_HALF
BTCUSDT,LONG,2023-03-23 20:00:00+00:00,2023-03-24 21:00:00+00:00,28398.359989999997,27381.072580367138,0.02450209125814582,-26.292381693753825,-3.5822047822165803,STOP
XRPUSDT,LONG,2023-03-23 08:00:00+00:00,2023-03-27 12:00:00+00:00,0.44724679999999994,0.48425134962857136,201.554602948201,7.27068956796834,8.27385453145142,TP1_HALF
BTCUSDT,LONG,2023-03-25 14:00:00+00:00,2023-03-27 15:00:00+00:00,27594.526959999996,26827.752353039996,0.032676001861564594,-26.833430984568896,-2.7787198819225534,STOP
SOLUSDT,SHORT,2023-03-23 18:00:00+00:00,2023-03-28 18:00:00+00:00,22.267709999999997,20.552674999999997,6.3049141004385625,10.543169505072944,7.701892111941467,STOP
SOLUSDT,SHORT,2023-03-28 18:00:00+00:00,2023-03-28 19:00:00+00:00,20.08989,20.807104889999994,21.66549270106916,-16.424867508677945,-3.5700289548623365,STOP
BTCUSDT,LONG,2023-03-27 17:00:00+00:00,2023-03-29 06:00:00+00:00,27172.6455,27766.6460595,0.019378875941220453,10.446401436135952,2.1860240273623655,TP1_HALF
SOLUSDT,SHORT,2023-03-28 21:00:00+00:00,2023-03-29 06:00:00+00:00,20.4795,21.2593095,19.836505035086617,-16.296647177963628,-3.807756537024831,STOP
XRPUSDT,LONG,2023-03-23 08:00:00+00:00,2023-03-29 12:00:00+00:00,0.44724679999999994,0.5469632035714286,201.554602948201,19.8979125267449,22.295610291997313,STOP
BTCUSDT,LONG,2023-03-27 17:00:00+00:00,2023-03-30 03:00:00+00:00,27172.6455,28534.322115,0.019378875941220453,25.30822377967334,5.0112036938030124,STOP
BTCUSDT,LONG,2023-03-30 03:00:00+00:00,2023-03-30 14:00:00+00:00,28993.724759999994,28303.982445239995,0.036638806643362457,-27.370654919637612,-2.3789365473717017,STOP
SOLUSDT,SHORT,2023-03-29 10:00:00+00:00,2023-03-30 16:00:00+00:00,21.20877,20.41380627,9.218524961526775,6.9446942302054095,3.7482783301436284,TP1_HALF
SOLUSDT,SHORT,2023-03-29 10:00:00+00:00,2023-03-31 14:00:00+00:00,21.20877,20.876212499999994,9.218524961526775,2.6777281532113393,1.5680187959981051,STOP
BTCUSDT,LONG,2023-03-30 19:00:00+00:00,2023-04-01 02:00:00+00:00,27931.593689999994,28641.49138559571,0.016350271018196433,10.68203444486158,2.5415581490785932,TP1_HALF
XRPUSDT,LONG,2023-03-30 07:00:00+00:00,2023-04-01 08:00:00+00:00,0.5359354,0.4982473681714285,407.26234445862036,-15.770099899299312,-7.032196758895093,STOP
BTCUSDT,LONG,2023-03-30 19:00:00+00:00,2023-04-02 15:00:00+00:00,27931.593689999994,28053.061000714282,0.016350271018196433,1.070659172976764,0.4348742576682163,STOP
SOLUSDT,SHORT,2023-03-31 16:00:00+00:00,2023-04-03 01:00:00+00:00,20.849130000000002,20.17499913,10.87551190862204,6.885359899760601,3.233376500602192,TP1_HALF
BTCUSDT,LONG,2023-04-02 18:00:00+00:00,2023-04-03 01:00:00+00:00,28222.584389999996,27783.520201324285,0.05871378186760666,-29.06744920801278,-1.5557192871085257,STOP
BTCUSDT,LONG,2023-04-03 03:00:00+00:00,2023-04-03 08:00:00+00:00,27746.80909,28090.163665195712,0.03238121134141285,9.310168249002725,1.2374560767762555,TP1_HALF
BTCUSDT,LONG,2023-04-03 03:00:00+00:00,2023-04-03 12:00:00+00:00,27746.80909,28101.387625714287,0.03238121134141285,9.67325024120474,1.2779074327580187,STOP
SOLUSDT,SHORT,2023-03-31 16:00:00+00:00,2023-04-03 18:00:00+00:00,20.849130000000002,20.65492,10.87551190862204,1.6607553777424608,0.9315016981524038,STOP
BTCUSDT,LONG,2023-04-03 14:00:00+00:00,2023-04-03 20:00:00+00:00,28287.038779999995,27828.30975693428,0.056010527150569346,-28.836704653968077,-1.6216933367732222,STOP
BTCUSDT,LONG,2023-04-03 22:00:00+00:00,2023-04-04 10:00:00+00:00,27742.274559999998,28187.267291511427,0.025384927121988705,9.87634071536548,1.6040239618745566,TP1_HALF
SOLUSDT,SHORT,2023-04-03 21:00:00+00:00,2023-04-04 11:00:00+00:00,20.31966,20.93736216,25.160530290899082,-16.579762463202776,-3.039923699510716,STOP
BTCUSDT,LONG,2023-04-03 22:00:00+00:00,2023-04-04 15:00:00+00:00,27742.274559999998,27943.26055392857,0.025384927121988705,3.6884415578012115,0.7244755418085225,STOP
BTCUSDT,LONG,2023-04-04 15:00:00+00:00,2023-04-05 02:00:00+00:00,28151.122999999996,28733.714451642853,0.019638912112407272,10.324305993012445,2.0695140710473847,TP1_HALF
BTCUSDT,LONG,2023-04-04 15:00:00+00:00,2023-04-05 14:00:00+00:00,28151.122999999996,28135.482425357142,0.019638912112407272,-1.412571567852883,-0.05555932757230764,STOP
SOLUSDT,SHORT,2023-04-04 14:00:00+00:00,2023-04-08 18:00:00+00:00,20.81916,20.13534666,10.653557119192719,6.848733300565287,3.2845385692794493,TP1_HALF
BTCUSDT,LONG,2023-04-05 20:00:00+00:00,2023-04-10 16:00:00+00:00,28268.880639999996,28906.969020788565,0.01802655435365962,10.471851317096926,2.257211344568355,TP1_HALF
SOLUSDT,SHORT,2023-04-04 14:00:00+00:00,2023-04-10 17:00:00+00:00,20.81916,20.5744825,10.653557119192719,2.165696187286101,1.1752515471325498,STOP
SOLUSDT,SHORT,2023-04-10 21:00:00+00:00,2023-04-11 00:00:00+00:00,20.53944,21.003994439999996,33.99430544393965,-17.204445728241875,-2.2617677989273277,STOP
SOLUSDT,SHORT,2023-04-11 06:00:00+00:00,2023-04-11 07:00:00+00:00,21.95802,22.452950519999998,31.82199262379082,-17.16292093303169,-2.2539851953864654,STOP
SOLUSDT,SHORT,2023-04-11 09:00:00+00:00,2023-04-11 14:00:00+00:00,22.38759,22.998780089999997,25.488983481933197,-16.735466545860113,-2.730039678232443,STOP
BTCUSDT,LONG,2023-04-05 20:00:00+00:00,2023-04-12 02:00:00+00:00,28268.880639999996,29853.09273857143,0.01802655435365962,27.510146590372376,5.604084996311465,STOP
SOLUSDT,SHORT,2023-04-11 17:00:00+00:00,2023-04-12 02:00:00+00:00,23.24673,22.553546729999994,10.444912058114495,6.761858432624138,2.9818528025232216,TP1_HALF
SOLUSDT,SHORT,2023-04-11 17:00:00+00:00,2023-04-12 07:00:00+00:00,23.24673,23.02872,10.444912058114495,1.7937522720898624,0.9378093176975799,STOP
SOLUSDT,SHORT,2023-04-12 09:00:00+00:00,2023-04-12 13:00:00+00:00,23.3766,24.431721599999996,14.593093496184556,-16.095159465648244,-4.513580246913573,STOP
SOLUSDT,SHORT,2023-04-12 15:00:00+00:00,2023-04-13 12:00:00+00:00,23.61636,24.715693859999995,13.95912320163814,-16.02040988589229,-4.654967403952148,STOP
BTCUSDT,LONG,2023-04-12 13:00:00+00:00,2023-04-14 01:00:00+00:00,30187.247089999997,30778.202007552853,0.019301308874683877,10.229490430985322,1.9576310346915315,TP1_HALF
XRPUSDT,LONG,2023-04-01 10:00:00+00:00,2023-04-14 05:00:00+00:00,0.5059054,0.5324367160285713,278.7567553611872,7.106338692367826,5.244323549140106,TP1_HALF
XRPUSDT,LONG,2023-04-01 10:00:00+00:00,2023-04-14 15:00:00+00:00,0.5059054,0.5189162785714285,278.7567553611872,3.3411943290274504,2.571800690688142,STOP
BTCUSDT,LONG,2023-04-12 13:00:00+00:00,2023-04-14 15:00:00+00:00,30187.247089999997,30347.857835357143,0.019301308874683877,1.9315908468057548,0.5320483344450233,STOP
ETHUSDT,LONG,2023-04-14 17:00:00+00:00,2023-04-16 18:00:00+00:00,2063.5114499999995,2120.824930692857,0.20213250240772054,10.739126890598735,2.7774733545993913,TP1_HALF
ETHUSDT,LONG,2023-04-14 17:00:00+00:00,2023-04-17 00:00:00+00:00,2063.5114499999995,2080.021467857143,0.20213250240772054,2.4996685467653066,0.8000933485076356,STOP
BTCUSDT,LONG,2023-04-17 02:00:00+00:00,2023-04-17 11:00:00+00:00,29976.16622,29645.569546637144,0.08002428866136685,-31.226950613157882,-1.1028650926757977,STOP
BTCUSDT,LONG,2023-04-17 11:00:00+00:00,2023-04-17 12:00:00+00:00,29914.544659999996,29572.304182482854,0.0766255915016273,-30.782594004673506,-1.1440604609127325,STOP
BTCUSDT,LONG,2023-04-17 17:00:00+00:00,2023-04-18 01:00:00+00:00,29493.894429999997,29102.67547985571,0.0658211305097963,-29.607366050815692,-1.326440464051959,STOP
BTCUSDT,LONG,2023-04-18 02:00:00+00:00,2023-04-18 07:00:00+00:00,29402.903529999996,29749.143536112853,0.03153372585764817,9.052952997611769,1.1775707992905726,TP1_HALF
BTCUSDT,LONG,2023-04-18 02:00:00+00:00,2023-04-18 15:00:00+00:00,29402.903529999996,30078.87209035714,0.03153372585764817,19.440125264752837,2.2989857435931516,STOP
XRPUSDT,LONG,2023-04-14 17:00:00+00:00,2023-04-18 23:00:00+00:00,0.5156151,0.5284896527571428,560.206756523078,6.627496904751796,2.496930900034311,TP1_HALF
XRPUSDT,LONG,2023-04-14 17:00:00+00:00,2023-04-19 01:00:00+00:00,0.5156151,0.5251707321428571,560.206756523078,4.770074434017752,1.8532490888760078,STOP
BTCUSDT,LONG,2023-04-18 19:00:00+00:00,2023-04-19 08:00:00+00:00,30174.644499999995,29637.804527999993,0.046983083536204215,-28.032570539237085,-1.7791095169323423,STOP
ETHUSDT,LONG,2023-04-19 08:00:00+00:00,2023-04-19 09:00:00+00:00,2075.9839099999995,2031.5635271614278,0.5605989587918913,-27.204707184901455,-2.1397267399134945,STOP
XRPUSDT,LONG,2023-04-19 10:00:00+00:00,2023-04-19 14:00:00+00:00,0.48878829999999995,0.5009297259857143,584.6475415415567,6.519818642644743,2.4839845769046187,TP1_HALF
XRPUSDT,LONG,2023-04-19 10:00:00+00:00,2023-04-19 21:00:00+00:00,0.48878829999999995,0.4890675857142857,584.6475415415567,-0.40841733331995156,0.05713837959824275,STOP
BTCUSDT,LONG,2023-04-19 10:00:00+00:00,2023-04-19 23:00:00+00:00,29229.770569999997,28648.895853715712,0.04283464595061004,-27.360774998051713,-1.9872708712960874,STOP
XRPUSDT,LONG,2023-04-20 13:00:00+00:00,2023-04-20 16:00:00+00:00,0.49419369999999996,0.47440096701428563,762.5124852157703,-15.830771544860987,-4.0050557070465125,STOP
ETHUSDT,LONG,2023-04-20 01:00:00+00:00,2023-04-21 12:00:00+00:00,1948.6366899999998,1891.518635095714,0.4267691087733451,-26.01508105201137,-2.9311803065909525,STOP
XRPUSDT,LONG,2023-04-20 19:00:00+00:00,2023-04-21 19:00:00+00:00,0.4720716,0.4515410355428571,731.652168703433,-15.696995197611011,-4.349036132896544,STOP
BTCUSDT,LONG,2023-04-21 13:00:00+00:00,2023-04-21 19:00:00+00:00,28246.858639999995,27493.860115645708,0.03225572085141436,-26.08646726733812,-2.66577793287065,STOP
XRPUSDT,LONG,2023-04-22 14:00:00+00:00,2023-04-24 00:00:00+00:00,0.4605601,0.47551268275714287,470.58906388759533,6.596016307817335,3.2466083703609705,TP1_HALF
XRPUSDT,LONG,2023-04-22 14:00:00+00:00,2023-04-24 02:00:00+00:00,0.4605601,0.46980115714285714,470.58906388759533,3.9109225971127874,2.0064823554748257,STOP
XRPUSDT,LONG,2023-04-24 04:00:00+00:00,2023-04-24 08:00:00+00:00,0.4720716,0.45642186411428565,957.5092546361715,-15.873808027941902,-3.315119122970822,STOP
XRPUSDT,LONG,2023-04-24 14:00:00+00:00,2023-04-24 16:00:00+00:00,0.4653648999999999,0.4487906600999999,899.6971658034823,-15.734259829902465,-3.561557801200743,STOP
BTCUSDT,LONG,2023-04-22 16:00:00+00:00,2023-04-25 21:00:00+00:00,27516.418929999996,28082.92075535571,0.01953679110292093,9.981395136504837,2.058777440468762,TP1_HALF
XRPUSDT,LONG,2023-04-24 18:00:00+00:00,2023-04-26 09:00:00+00:00,0.4569565,0.4729723399285714,438.71764367790695,6.618455365543797,3.504893776228468,TP1_HALF
BTCUSDT,LONG,2023-04-22 16:00:00+00:00,2023-04-26 19:00:00+00:00,27516.418929999996,29411.945755714285,0.01953679110292093,35.92031405526717,6.888711901560973,STOP
XRPUSDT,LONG,2023-04-24 18:00:00+00:00,2023-04-26 19:00:00+00:00,0.4569565,0.46614410357142855,438.71764367790695,3.625783268227349,2.010607918134122,STOP
BTCUSDT,LONG,2023-04-26 21:00:00+00:00,2023-04-27 00:00:00+00:00,28441.803389999997,29299.83886482428,0.013170365653996098,10.540162405577698,3.0168110757912148,TP1_HALF
BTCUSDT,LONG,2023-04-26 21:00:00+00:00,2023-04-27 01:00:00+00:00,28441.803389999997,28564.542221785716,0.013170365653996098,0.865720878256938,0.4315437741506667,STOP
XRPUSDT,LONG,2023-04-26 21:00:00+00:00,2023-04-28 04:00:00+00:00,0.45555509999999994,0.4705769091857142,471.4639102350936,6.645603079057718,3.2974736065328303,TP1_HALF
XRPUSDT,LONG,2023-04-26 21:00:00+00:00,2023-04-28 13:00:00+00:00,0.45555509999999994,0.4670396357142857,471.4639102350936,4.979573993429578,2.5209981655974767,STOP
XRPUSDT,LONG,2023-04-29 12:00:00+00:00,2023-04-30 20:00:00+00:00,0.48108059999999997,0.4683546336857143,1196.5450546180355,-16.363234092141006,-2.6452877780325568,STOP
XRPUSDT,LONG,2023-05-01 01:00:00+00:00,2023-05-01 02:00:00+00:00,0.47157109999999997,0.4617874217571428,1568.9993730209153,-16.81502396432191,-2.074698437384548,STOP
BTCUSDT,LONG,2023-04-27 01:00:00+00:00,2023-05-01 05:00:00+00:00,29254.765539999997,28233.665398388566,0.023588392172934812,-25.442170242551086,-3.490371988164742,STOP
XRPUSDT,LONG,2023-05-01 04:00:00+00:00,2023-05-01 19:00:00+00:00,0.4652647999999999,0.4551128030571428,1503.9844739630134,-16.652679406958324,-2.181982592032994,STOP
BTCUSDT,LONG,2023-05-01 15:00:00+00:00,2023-05-01 19:00:00+00:00,28501.773299999997,27967.912034914283,0.045924228314731134,-27.110493348369154,-1.8730808762896012,STOP
ETHUSDT,LONG,2023-05-02 01:00:00+00:00,2023-05-02 18:00:00+00:00,1834.6327999999999,1873.7114986285715,0.28148975210764965,9.956392272295396,2.130055596333591,TP1_HALF
XRPUSDT,LONG,2023-05-02 04:00:00+00:00,2023-05-03 11:00:00+00:00,0.46426379999999995,0.454605168342857,1565.7253033414963,-16.561460375433594,-2.0804188603856133,STOP
XRPUSDT,LONG,2023-05-03 14:00:00+00:00,2023-05-03 21:00:00+00:00,0.45395349999999995,0.4620195893571428,843.8548071689395,6.033659984387822,1.776853655086441,TP1_HALF
ETHUSDT,LONG,2023-05-02 01:00:00+00:00,2023-05-04 13:00:00+00:00,1834.6327999999999,1875.4284085714285,0.28148975210764965,10.439201533947166,2.223638897736291,STOP
XRPUSDT,LONG,2023-05-03 14:00:00+00:00,2023-05-04 13:00:00+00:00,0.45395349999999995,0.45651445714285716,843.8548071689395,1.3927732335453977,0.5641452577978212,STOP
BTCUSDT,LONG,2023-05-04 15:00:00+00:00,2023-05-05 02:00:00+00:00,28812.43365,29395.887979564286,0.018846657743288767,9.899131742574454,2.025008843931131,TP1_HALF
BTCUSDT,LONG,2023-05-04 15:00:00+00:00,2023-05-05 12:00:00+00:00,28812.43365,28889.202236785713,0.018846657743288767,0.3593482978002016,0.26644256336783023,STOP
XRPUSDT,LONG,2023-05-05 01:00:00+00:00,2023-05-05 12:00:00+00:00,0.4629625,0.4541293446428571,1723.2551165239397,-16.802163377850544,-1.9079634651063326,STOP
ETHUSDT,LONG,2023-05-05 12:00:00+00:00,2023-05-05 14:00:00+00:00,1913.1111999999998,1946.0810280857143,0.3304224956554311,9.61880895019416,1.7233618247446625,TP1_HALF
XRPUSDT,LONG,2023-05-05 12:00:00+00:00,2023-05-05 18:00:00+00:00,0.4613608999999999,0.46897003195714276,892.6118313503405,5.961576814315551,1.6492797627936984,TP1_HALF
ETHUSDT,LONG,2023-05-05 12:00:00+00:00,2023-05-06 01:00:00+00:00,1913.1111999999998,1982.0980607142856,0.3304224956554311,21.50774591962255,3.606003702988403,STOP
XRPUSDT,LONG,2023-05-05 12:00:00+00:00,2023-05-06 02:00:00+00:00,0.4613608999999999,0.46205890714285713,892.6118313503405,-0.2012060110775562,0.15129308592409796,STOP
BTCUSDT,LONG,2023-05-06 01:00:00+00:00,2023-05-06 12:00:00+00:00,29700.781109999996,29052.075667461424,0.03748020221662283,-26.51568011819302,-2.1841359664448667,STOP
ETHUSDT,LONG,2023-05-06 16:00:00+00:00,2023-05-07 14:00:00+00:00,1879.1973199999998,1927.2278058942854,0.23135449595272456,10.23143528805385,2.5559043418753813,TP1_HALF
ETHUSDT,LONG,2023-05-06 16:00:00+00:00,2023-05-07 23:00:00+00:00,1879.1973199999998,1881.4869867857142,0.23135449595272456,-0.34032651712507633,0.12184280816844861,STOP
XRPUSDT,LONG,2023-05-06 16:00:00+00:00,2023-05-07 23:00:00+00:00,0.45475429999999994,0.44638960641428566,1824.7342340628538,-16.90769087915011,-1.839387463892983,STOP
XRPUSDT,LONG,2023-05-08 01:00:00+00:00,2023-05-08 02:00:00+00:00,0.45125079999999995,0.44296453491428567,1839.9472629515424,-16.89159982251576,-1.8362881762678973,STOP
BTCUSDT,LONG,2023-05-08 01:00:00+00:00,2023-05-08 03:00:00+00:00,28600.742169999994,28038.47527104428,0.043221067423916924,-26.749782985858836,-1.9659171626164595,STOP
BTCUSDT,LONG,2023-05-08 03:00:00+00:00,2023-05-08 08:00:00+00:00,28313.264979999996,27751.28555823428,0.04289428828777566,-26.510556322527613,-1.984862650643393,STOP
XRPUSDT,LONG,2023-05-08 03:00:00+00:00,2023-05-08 08:00:00+00:00,0.43993949999999993,0.4316645462142856,1826.0360753532445,-16.701944566406357,-1.8809299428022008,STOP
XRPUSDT,LONG,2023-05-08 10:00:00+00:00,2023-05-08 17:00:00+00:00,0.43493449999999995,0.42397795478571426,1349.5172841144415,-15.945164344134383,-2.519125342847184,STOP
BTCUSDT,LONG,2023-05-08 10:00:00+00:00,2023-05-08 18:00:00+00:00,27942.854939999994,27327.98602720285,0.0387076915753044,-25.9395629010608,-2.20045129288835,STOP
XRPUSDT,LONG,2023-05-08 19:00:00+00:00,2023-05-09 23:00:00+00:00,0.42001959999999994,0.4301318946857142,669.1069040958407,6.197363955841498,2.4075768572976886,TP1_HALF
XRPUSDT,LONG,2023-05-08 19:00:00+00:00,2023-05-10 08:00:00+00:00,0.42001959999999994,0.42303368571428573,669.1069040958407,1.4526527869731587,0.7176059675038537,STOP
ETHUSDT,LONG,2023-05-08 19:00:00+00:00,2023-05-10 13:00:00+00:00,1832.56073,1880.8273056985713,0.2250655706124194,10.027388603946674,2.633832260422353,TP1_HALF
ETHUSDT,LONG,2023-05-08 19:00:00+00:00,2023-05-10 17:00:00+00:00,1832.56073,1835.4833935714287,0.2250655706124194,-0.16775949929139067,0.15948522324980008,STOP
BTCUSDT,LONG,2023-05-10 17:00:00+00:00,2023-05-10 18:00:00+00:00,28210.352169999995,27648.55165640142,0.04239424118918353,-26.18520231508496,-1.9914693379688209,STOP
ETHUSDT,LONG,2023-05-10 19:00:00+00:00,2023-05-11 14:00:00+00:00,1836.72489,1797.8366822528571,0.6077088471234128,-25.84146311958477,-2.1172581674516744,STOP
XRPUSDT,SHORT,2023-05-10 08:00:00+00:00,2023-05-11 18:00:00+00:00,0.42537420000000004,0.4119750492,511.4768778771411,6.425071037715432,3.1499679106067213,TP1_HALF
BTCUSDT,LONG,2023-05-11 16:00:00+00:00,2023-05-12 03:00:00+00:00,27206.599419999995,26511.63018022285,0.033564698127936485,-25.129468901819983,-2.554414203144628,STOP
XRPUSDT,SHORT,2023-05-10 08:00:00+00:00,2023-05-12 04:00:00+00:00,0.42537420000000004,0.4256359249999999,511.4768778771411,-0.5691382876391686,-0.061528179189029863,STOP
BTCUSDT,LONG,2023-05-12 05:00:00+00:00,2023-05-12 19:00:00+00:00,26680.844189999996,25956.692942952854,0.03202463402423962,-24.87637652750161,-2.7141241929614646,STOP
XRPUSDT,SHORT,2023-05-12 06:00:00+00:00,2023-05-12 19:00:00+00:00,0.4301694,0.41916671939999994,611.7501208199774,6.2113097127339225,2.5577552936122405,TP1_HALF
XRPUSDT,SHORT,2023-05-12 06:00:00+00:00,2023-05-12 20:00:00+00:00,0.4301694,0.42754854999999997,611.7501208199774,1.0785962446090793,0.6092599799055964,STOP
SOLUSDT,SHORT,2023-05-11 13:00:00+00:00,2023-05-13 00:00:00+00:00,20.34963,21.03278463,21.274726387564765,-15.41432738215799,-3.3570862467769524,STOP
BTCUSDT,LONG,2023-05-12 20:00:00+00:00,2023-05-15 01:00:00+00:00,26486.079619999997,27258.13883859428,0.013941575329309426,10.014442684564631,2.9149622355257643,TP1_HALF
SOLUSDT,SHORT,2023-05-14 00:00:00+00:00,2023-05-15 06:00:00+00:00,20.81916,21.429854159999998,23.573655843623943,-15.392257673091198,-2.933327569412003,STOP
BTCUSDT,LONG,2023-05-12 20:00:00+00:00,2023-05-16 01:00:00+00:00,26486.079619999997,26837.381111785715,0.013941575329309426,4.154283166417701,1.3263627415831092,STOP
SOLUSDT,SHORT,2023-05-15 14:00:00+00:00,2023-05-16 01:00:00+00:00,21.29868,20.82984618,14.171731377483628,6.04715280136727,2.201234160990262,TP1_HALF
XRPUSDT,SHORT,2023-05-13 23:00:00+00:00,2023-05-16 21:00:00+00:00,0.4239756,0.43661535059999995,1138.3240310792971,-15.367763214826256,-2.9812448169187045,STOP
SOLUSDT,SHORT,2023-05-15 14:00:00+00:00,2023-05-17 01:00:00+00:00,21.29868,20.940562499999995,14.171731377483628,4.476541813277686,1.6814070167728956,STOP
BTCUSDT,LONG,2023-05-16 08:00:00+00:00,2023-05-17 07:00:00+00:00,27279.83258,26807.64916777714,0.04995158369571783,-26.2880646067944,-1.7308882334161946,STOP
SOLUSDT,SHORT,2023-05-17 12:00:00+00:00,2023-05-17 19:00:00+00:00,20.49948,21.029416979999997,27.13687192054447,-15.507796310567844,-2.585124012901785,STOP
ETHUSDT,LONG,2023-05-17 10:00:00+00:00,2023-05-18 17:00:00+00:00,1808.7869799999999,1775.9324840914285,0.7110506002280242,-25.910125962570138,-1.8163828174266983,STOP
SOLUSDT,SHORT,2023-05-18 01:00:00+00:00,2023-05-18 17:00:00+00:00,20.969009999999997,20.450511509999995,12.777166306362513,6.095717321664643,2.472689411660367,TP1_HALF
ETHUSDT,LONG,2023-05-18 17:00:00+00:00,2023-05-18 18:00:00+00:00,1811.5697599999999,1782.72525024,0.811377616980588,-26.320120112175807,-1.592238421997061,STOP
BTCUSDT,LONG,2023-05-18 19:00:00+00:00,2023-05-19 15:00:00+00:00,26644.237619999996,27064.63553559428,0.024414640856862988,8.952581277287585,1.5778192703052696,TP1_HALF
BTCUSDT,LONG,2023-05-18 19:00:00+00:00,2023-05-21 11:00:00+00:00,26644.237619999996,26803.230296785714,0.024414640856862988,2.5768483686975667,0.5967244364551538,STOP
SOLUSDT,SHORT,2023-05-18 01:00:00+00:00,2023-05-22 09:00:00+00:00,20.969009999999997,19.838747499999997,12.777166306362513,13.920144428177855,5.390156712214845,STOP
SOLUSDT,SHORT,2023-05-22 15:00:00+00:00,2023-05-23 03:00:00+00:00,19.71027,20.092485269999997,37.88628523653809,-15.988695280339613,-1.9391681088082313,STOP
SOLUSDT,SHORT,2023-05-23 05:00:00+00:00,2023-05-24 06:00:00+00:00,19.89009,19.434862589999998,14.41112579491617,5.993622632150313,2.288714681532378,TP1_HALF
SOLUSDT,SHORT,2023-05-23 05:00:00+00:00,2023-05-24 15:00:00+00:00,19.89009,19.153777499999997,14.41112579491617,10.048425975806731,3.7019063262157426,STOP
SOLUSDT,SHORT,2023-05-24 15:00:00+00:00,2023-05-25 04:00:00+00:00,18.97101,19.47260601,28.45708644677249,-15.367954322049258,-2.6440132075203238,STOP
SOLUSDT,SHORT,2023-05-25 18:00:00+00:00,2023-05-27 20:00:00+00:00,19.23075,19.75298325,27.227783242991084,-15.28069437221634,-2.7156156156156186,STOP
SOLUSDT,SHORT,2023-05-28 02:00:00+00:00,2023-05-28 18:00:00+00:00,20.5794,20.953904399999995,38.58841026493245,-16.054233623067727,-1.8198023265984187,STOP
SOLUSDT,SHORT,2023-05-29 00:00:00+00:00,2023-05-29 16:00:00+00:00,20.789189999999998,20.356311689999995,15.007937953869826,5.879101681611709,2.0822278790082915,TP1_HALF
XRPUSDT,LONG,2023-05-29 01:00:00+00:00,2023-05-29 19:00:00+00:00,0.4829824999999999,0.4914477032142856,759.3729371395871,5.688290302863231,1.7526935684596623,TP1_HALF
XRPUSDT,LONG,2023-05-29 01:00:00+00:00,2023-05-29 20:00:00+00:00,0.4829824999999999,0.4850573142857143,759.3729371395871,0.8404545811198976,0.4295837397243929,STOP
SOLUSDT,SHORT,2023-05-29 00:00:00+00:00,2023-05-30 01:00:00+00:00,20.789189999999998,20.7339275,15.007937953869826,0.2061998000844515,0.26582324756277975,STOP
XRPUSDT,LONG,2023-05-29 21:00:00+00:00,2023-05-30 03:00:00+00:00,0.4891887,0.4975941791571429,765.6839441010956,5.680376626216255,1.7182488387697648,TP1_HALF
SOLUSDT,SHORT,2023-05-30 01:00:00+00:00,2023-05-30 03:00:00+00:00,20.52945,21.077649449999996,25.86615504842915,-15.256027656652563,-2.670307533811167,STOP
XRPUSDT,LONG,2023-05-29 21:00:00+00:00,2023-05-30 14:00:00+00:00,0.4891887,0.4965993321428571,765.6839441010956,4.9193999789264105,1.5148821186705907,STOP
XRPUSDT,LONG,2023-05-30 16:00:00+00:00,2023-05-30 17:00:00+00:00,0.5052047,0.5169764917285714,554.2843809084674,5.9583412214210965,2.3301033677183725,TP1_HALF
XRPUSDT,LONG,2023-05-30 16:00:00+00:00,2023-05-30 21:00:00+00:00,0.5052047,0.5129972035714285,554.2843809084674,3.7548896060553973,1.5424447894939464,STOP
ETHUSDT,LONG,2023-05-30 01:00:00+00:00,2023-05-31 05:00:00+00:00,1895.7538599999998,1863.2608768542855,0.7123010303688277,-25.82233544468219,-1.7139874448529047,STOP
ETHUSDT,LONG,2023-05-31 07:00:00+00:00,2023-06-02 18:00:00+00:00,1869.6677999999997,1902.6296943428567,0.3116635925823071,9.097334619837113,1.7629813351258017,TP1_HALF
XRPUSDT,LONG,2023-05-31 15:00:00+00:00,2023-06-03 07:00:00+00:00,0.5121116,0.5302129991142858,364.5110922158357,6.218221883716484,3.534659069289936,TP1_HALF
XRPUSDT,LONG,2023-05-31 15:00:00+00:00,2023-06-03 18:00:00+00:00,0.5121116,0.5148524892857143,364.5110922158357,0.6247447453264078,0.5352132788466912,STOP
SOLUSDT,SHORT,2023-05-30 04:00:00+00:00,2023-06-04 06:00:00+00:00,20.83914,21.44449164,23.309734124934693,-15.096205991858222,-2.904878224341312,STOP
SOLUSDT,SHORT,2023-06-04 08:00:00+00:00,2023-06-04 13:00:00+00:00,21.578400000000002,22.0547184,29.904871091666287,-15.549083131668052,-2.2073851629407004,STOP
XRPUSDT,LONG,2023-06-03 19:00:00+00:00,2023-06-04 14:00:00+00:00,0.52052,0.5302106871428571,666.3988377103836,5.757656939956328,1.8617319493693163,TP1_HALF
XRPUSDT,LONG,2023-06-03 19:00:00+00:00,2023-06-04 21:00:00+00:00,0.52052,0.5362417928571429,666.3988377103836,9.772759656226714,3.020401301994724,STOP
XRPUSDT,LONG,2023-06-04 21:00:00+00:00,2023-06-04 23:00:00+00:00,0.5456451,0.5339463334714285,1216.8542982357963,-15.549399810507538,-2.144024848490622,STOP
ETHUSDT,LONG,2023-05-31 07:00:00+00:00,2023-06-05 00:00:00+00:00,1869.6677999999997,1877.883807857143,0.3116635925823071,1.392655127949375,0.4394367735885085,STOP
SOLUSDT,SHORT,2023-06-04 16:00:00+00:00,2023-06-05 02:00:00+00:00,22.02795,21.614542949999997,15.587215125310875,5.763599696453691,1.876738643405329,TP1_HALF
XRPUSDT,LONG,2023-06-04 23:00:00+00:00,2023-06-05 02:00:00+00:00,0.5418413,0.5301463372714286,1213.3723469026693,-15.491064528192606,-2.1583741823614,STOP
ETHUSDT,LONG,2023-06-05 02:00:00+00:00,2023-06-05 04:00:00+00:00,1886.1342499999998,1864.167145392857,1.0766071715082972,-27.68754373492042,-1.1646628338965126,STOP
XRPUSDT,LONG,2023-06-05 04:00:00+00:00,2023-06-05 15:00:00+00:00,0.5311305999999999,0.5183010658285713,1093.0624627242978,-15.170576578138746,-2.415514032034427,STOP
ETHUSDT,LONG,2023-06-05 06:00:00+00:00,2023-06-05 15:00:00+00:00,1872.3704999999998,1850.303701285714,1.0650797855898335,-27.46784628339175,-1.178548728164952,STOP
SOLUSDT,SHORT,2023-06-04 16:00:00+00:00,2023-06-05 16:00:00+00:00,22.02795,20.295275,15.587215125310875,26.347876754376088,7.865802310246761,STOP
ETHUSDT,LONG,2023-06-05 15:00:00+00:00,2023-06-05 16:00:00+00:00,1869.8579899999997,1847.298128438571,1.0313335162635109,-27.100369040696016,-1.2065013322979046,STOP
XRPUSDT,LONG,2023-06-05 15:00:00+00:00,2023-06-05 16:00:00+00:00,0.5366361,0.5230196996142855,1019.6234078034795,-14.964050420800202,-2.5373619824895166,STOP
ETHUSDT,LONG,2023-06-05 18:00:00+00:00,2023-06-05 21:00:00+00:00,1818.4065899999998,1791.328825195714,0.8422815278867958,-25.8475145718913,-1.4890929758611282,STOP
SOLUSDT,SHORT,2023-06-05 16:00:00+00:00,2023-06-06 13:00:00+00:00,19.91007,19.26395757,10.00251699708158,6.070911686487638,3.245153984893079,TP1_HALF
SOLUSDT,SHORT,2023-06-05 16:00:00+00:00,2023-06-06 14:00:00+00:00,19.91007,19.915252499999998,10.00251699708158,-0.45019150955784604,-0.026029541834837744,STOP
ETHUSDT,LONG,2023-06-06 14:00:00+00:00,2023-06-06 16:00:00+00:00,1819.2574399999999,1846.41168006,0.36575951108018945,8.591168222964845,1.4926001929666421,TP1_HALF
XRPUSDT,LONG,2023-06-05 17:00:00+00:00,2023-06-06 19:00:00+00:00,0.5052047,0.5203267095857143,425.4495243279212,5.99733993473283,2.9932440426057694,TP1_HALF
XRPUSDT,LONG,2023-06-05 17:00:00+00:00,2023-06-07 09:00:00+00:00,0.5052047,0.5222343857142857,425.4495243279212,6.808148216303813,3.3708486311164076,STOP
ETHUSDT,LONG,2023-06-06 14:00:00+00:00,2023-06-07 09:00:00+00:00,1819.2574399999999,1867.4182125,0.36575951108018945,16.26682391867464,2.647276379971819,STOP
SOLUSDT,SHORT,2023-06-06 16:00:00+00:00,2023-06-07 16:00:00+00:00,19.920060000000003,19.06053006,7.5585221438866075,6.2021404316732625,4.3148963406736796,TP1_HALF
SOLUSDT,SHORT,2023-06-06 16:00:00+00:00,2023-06-08 20:00:00+00:00,19.920060000000003,19.127679999999994,7.5585221438866075,5.6940785689142075,3.977799263656878,STOP
SOLUSDT,SHORT,2023-06-09 03:00:00+00:00,2023-06-09 11:00:00+00:00,18.611369999999997,19.357136369999996,18.424143886634287,-14.439644131214385,-4.007047143762121,STOP
SOLUSDT,SHORT,2023-06-09 13:00:00+00:00,2023-06-09 17:00:00+00:00,19.10088,18.41963838,9.538956395226059,6.140427519040077,3.5665457298302616,TP1_HALF
ETHUSDT,LONG,2023-06-07 11:00:00+00:00,2023-06-10 04:00:00+00:00,1859.5476899999999,1819.1221040957141,0.5534705874742677,-24.41040831149851,-2.1739472518871428,STOP
XRPUSDT,LONG,2023-06-07 11:00:00+00:00,2023-06-10 04:00:00+00:00,0.5278272999999999,0.5045115691285712,585.4303293002956,-14.254098486040998,-4.417302945760615,STOP
SOLUSDT,SHORT,2023-06-09 13:00:00+00:00,2023-06-10 05:00:00+00:00,19.10088,13.513142499999997,9.538956395226059,52.99008062196908,29.25382233698135,STOP
SOLUSDT,SHORT,2023-06-10 05:00:00+00:00,2023-06-10 06:00:00+00:00,14.55543,13.645490429999999,7.253846319779564,6.395996658190751,6.251547154567061,TP1_HALF
SOLUSDT,SHORT,2023-06-10 05:00:00+00:00,2023-06-10 07:00:00+00:00,14.55543,14.327884999999998,7.253846319779564,1.4410613326184643,1.5632997444939845,STOP
SOLUSDT,SHORT,2023-06-10 07:00:00+00:00,2023-06-10 08:00:00+00:00,14.02596,14.964480959999998,14.528906640307644,-14.05688281798107,-6.691313535757959,STOP
XRPUSDT,LONG,2023-06-10 07:00:00+00:00,2023-06-10 17:00:00+00:00,0.4891887,0.5013832434428571,528.4353385630886,5.920574472544184,2.492809715935218,TP1_HALF
XRPUSDT,LONG,2023-06-10 07:00:00+00:00,2023-06-10 18:00:00+00:00,0.4891887,0.49410896785714287,528.4353385630886,2.0804341748880013,1.00580161748276,STOP
XRPUSDT,LONG,2023-06-10 18:00:00+00:00,2023-06-11 19:00:00+00:00,0.5064059,0.5234319441,381.8616346422637,6.10833746895281,3.3621338337487927,TP1_HALF
ETHUSDT,LONG,2023-06-10 09:00:00+00:00,2023-06-11 20:00:00+00:00,1741.9902499999998,1772.3343558214283,0.3333520533930215,8.943762660308119,1.741921679609204,TP1_HALF
ETHUSDT,LONG,2023-06-10 09:00:00+00:00,2023-06-11 22:00:00+00:00,1741.9902499999998,1744.3856539285714,0.3333520533930215,-0.3636777481794977,0.13750960595626527,STOP
XRPUSDT,LONG,2023-06-10 18:00:00+00:00,2023-06-12 02:00:00+00:00,0.5064059,0.5112382499999999,381.8616346422637,1.4566898115603792,0.9542444114493787,STOP
XRPUSDT,LONG,2023-06-12 02:00:00+00:00,2023-06-13 11:00:00+00:00,0.5201195999999999,0.5409852161142856,314.00047746071243,6.218626003501905,4.011695793483994,TP1_HALF
XRPUSDT,LONG,2023-06-12 02:00:00+00:00,2023-06-13 12:00:00+00:00,0.5201195999999999,0.5438484642857143,314.00047746071243,7.1167882351261085,4.562193827287886,STOP
XRPUSDT,LONG,2023-06-13 12:00:00+00:00,2023-06-13 13:00:00+00:00,0.5622616999999999,0.5439422132999999,758.2022330251281,-14.728602001059286,-3.2581779445407633,STOP
XRPUSDT,LONG,2023-06-14 18:00:00+00:00,2023-06-14 20:00:00+00:00,0.5061056,0.4820088229714286,569.1564568005625,-14.277227937786858,-4.761215254004592,STOP
XRPUSDT,LONG,2023-06-14 22:00:00+00:00,2023-06-16 11:00:00+00:00,0.4815811,0.4572626653285714,561.782432691044,-14.189095323356483,-5.049707031988715,STOP
ETHUSDT,SHORT,2023-06-16 12:00:00+00:00,2023-06-16 17:00:00+00:00,1662.75558,1699.1426680799998,0.6166247341973236,-24.510208129165246,-2.1883606055918214,STOP
XRPUSDT,LONG,2023-06-16 13:00:00+00:00,2023-06-18 09:00:00+00:00,0.46616569999999996,0.4869354200142857,314.4603550136522,6.231541012662846,4.455437200610368,TP1_HALF
ETHUSDT,SHORT,2023-06-17 07:00:00+00:00,2023-06-19 16:00:00+00:00,1745.97228,1707.3772372799997,0.2641696474994841,9.283368705897628,2.210518641223802,TP1_HALF
ETHUSDT,SHORT,2023-06-17 07:00:00+00:00,2023-06-19 18:00:00+00:00,1745.97228,1740.0390149999998,0.2641696474994841,0.6464901485916879,0.3398258419085587,STOP
ETHUSDT,SHORT,2023-06-19 19:00:00+00:00,2023-06-19 20:00:00+00:00,1710.32796,1733.00995296,1.0193970612114376,-26.632085515071754,-1.3261779898634085,STOP
XRPUSDT,LONG,2023-06-16 13:00:00+00:00,2023-06-20 14:00:00+00:00,0.46616569999999996,0.47736501428571426,314.4603550136522,3.2250373428146153,2.4024320720538395,STOP
XRPUSDT,LONG,2023-06-20 16:00:00+00:00,2023-06-20 20:00:00+00:00,0.4789784999999999,0.4918789857857142,496.1475955438033,5.918856396740871,2.693332954551053,TP1_HALF
SOLUSDT,SHORT,2023-06-11 14:00:00+00:00,2023-06-21 00:00:00+00:00,15.274709999999999,16.775397209999998,9.032337293054564,-13.844200430692274,-9.824652710264203,STOP
SOLUSDT,SHORT,2023-06-21 03:00:00+00:00,2023-06-21 23:00:00+00:00,16.82316,17.32368066,27.46163507579273,-14.682843790011074,-2.9751881335016606,STOP
XRPUSDT,LONG,2023-06-20 16:00:00+00:00,2023-06-22 04:00:00+00:00,0.4789784999999999,0.5132933357142858,496.1475955438033,16.5329099457081,7.164170357184285,STOP
SOLUSDT,SHORT,2023-06-22 12:00:00+00:00,2023-06-23 13:00:00+00:00,16.84314,16.188598139999996,9.895778147134573,6.150326282125152,3.886103541263697,TP1_HALF
SOLUSDT,SHORT,2023-06-22 12:00:00+00:00,2023-06-23 15:00:00+00:00,16.84314,16.847545,9.895778147134573,-0.376986447123142,-0.026153080720114907,STOP
BTCUSDT,LONG,2023-06-23 15:00:00+00:00,2023-06-23 16:00:00+00:00,30312.32204,31031.74244903143,0.01416571365191186,9.322121057884516,2.373359612906212,TP1_HALF
BTCUSDT,LONG,2023-06-23 15:00:00+00:00,2023-06-23 19:00:00+00:00,30312.32204,30650.77532892857,0.01416571365191186,3.9308465948480382,1.1165534876607097,STOP
XRPUSDT,LONG,2023-06-22 13:00:00+00:00,2023-06-24 15:00:00+00:00,0.4987983,0.4795896588428571,708.782279188358,-14.308208506870114,-3.850983685618592,STOP
SOLUSDT,SHORT,2023-06-23 19:00:00+00:00,2023-06-26 16:00:00+00:00,16.992990000000002,16.32680049,9.759740155167865,6.176644014491594,3.920378403094471,TP1_HALF
SOLUSDT,SHORT,2023-06-23 19:00:00+00:00,2023-06-27 07:00:00+00:00,16.992990000000002,16.5890725,9.759740155167865,3.61437764025043,2.376965442809076,STOP
SOLUSDT,SHORT,2023-06-27 14:00:00+00:00,2023-06-28 07:00:00+00:00,16.60338,16.00115088,10.765484276454888,6.132284557653442,3.627147725342672,TP1_HALF
SOLUSDT,SHORT,2023-06-27 14:00:00+00:00,2023-06-28 14:00:00+00:00,16.60338,16.424622499999995,10.765484276454888,1.568848613951995,1.0766331915550098,STOP
XRPUSDT,LONG,2023-06-24 17:00:00+00:00,2023-06-28 17:00:00+00:00,0.4860855999999999,0.46943712154285705,821.2266978698352,-14.456875757268746,-3.4250095985445483,STOP
SOLUSDT,SHORT,2023-06-28 18:00:00+00:00,2023-06-29 09:00:00+00:00,16.17381,16.84849881,20.207826475020138,-14.301303483354824,-4.171489649006621,STOP
XRPUSDT,LONG,2023-06-28 21:00:00+00:00,2023-06-29 20:00:00+00:00,0.46306259999999994,0.4755080445428571,514.4115031369134,5.919268298438783,2.6876375986437218,TP1_HALF
SOLUSDT,SHORT,2023-06-29 13:00:00+00:00,2023-06-30 02:00:00+00:00,17.882099999999998,18.738677099999997,15.823830879200179,-14.133812148891012,-4.7901370644387375,STOP
BTCUSDT,LONG,2023-06-24 17:00:00+00:00,2023-06-30 04:00:00+00:00,30540.520009999997,31245.33625427571,0.01443978124402147,9.2852181361434,2.307806953008429,TP1_HALF
SOLUSDT,SHORT,2023-06-30 03:00:00+00:00,2023-06-30 12:00:00+00:00,18.44154,19.375896539999996,14.467293300410024,-14.064726057630056,-5.066586304614451,STOP
BTCUSDT,LONG,2023-06-24 17:00:00+00:00,2023-06-30 13:00:00+00:00,30540.520009999997,30515.36123571429,0.01443978124402147,-1.2449207659024064,-0.08237834286211054,STOP
XRPUSDT,LONG,2023-06-28 21:00:00+00:00,2023-06-30 13:00:00+00:00,0.46306259999999994,0.4693087928571429,514.4115031369134,2.733490886844457,1.3488873550018932,STOP
BTCUSDT,LONG,2023-06-30 13:00:00+00:00,2023-06-30 14:00:00+00:00,31041.120109999996,30437.096474532853,0.03690476780740371,-24.560191325364244,-1.9458822147096266,STOP
XRPUSDT,LONG,2023-06-30 13:00:00+00:00,2023-06-30 14:00:00+00:00,0.4821817,0.46828794329999995,985.426147141436,-14.627888772773563,-2.8814359192810612,STOP
SOLUSDT,SHORT,2023-06-30 14:00:00+00:00,2023-06-30 17:00:00+00:00,18.04194,19.069204439999996,13.02438976633358,-13.862842469515611,-5.693758210037259,STOP
XRPUSDT,LONG,2023-06-30 15:00:00+00:00,2023-06-30 19:00:00+00:00,0.46406359999999997,0.47701111139999997,489.0642765410962,5.871919272946634,2.790029513196046,TP1_HALF
XRPUSDT,LONG,2023-06-30 15:00:00+00:00,2023-07-01 01:00:00+00:00,0.46406359999999997,0.46401052499999995,489.0642765410962,-0.4798449869970612,-0.01143700992709551,STOP
SOLUSDT,SHORT,2023-06-30 19:00:00+00:00,2023-07-01 04:00:00+00:00,19.200779999999998,18.001620779999996,5.386137888495259,6.25845964879629,6.245367219456721,TP1_HALF
XRPUSDT,LONG,2023-07-01 02:00:00+00:00,2023-07-02 02:00:00+00:00,0.4700696,0.48630780539999996,391.9341974490149,5.989470990617433,3.4544257701412784,TP1_HALF
SOLUSDT,SHORT,2023-06-30 19:00:00+00:00,2023-07-02 04:00:00+00:00,19.200779999999998,19.136259999999996,5.386137888495259,0.14102503288896495,0.33602801552854444,STOP
XRPUSDT,LONG,2023-07-01 02:00:00+00:00,2023-07-02 09:00:00+00:00,0.4700696,0.478895625,391.9341974490149,3.0872891011725487,1.87759961503573,STOP
BTCUSDT,LONG,2023-06-30 17:00:00+00:00,2023-07-03 15:00:00+00:00,30430.930529999994,31113.08665625571,0.014688587872198868,9.115915498617424,2.2416538514430817,TP1_HALF
BTCUSDT,LONG,2023-06-30 17:00:00+00:00,2023-07-04 19:00:00+00:00,30430.930529999994,30636.032943214283,0.014688587872198868,2.115677360233451,0.673993235310677,STOP
XRPUSDT,LONG,2023-07-02 15:00:00+00:00,2023-07-05 10:00:00+00:00,0.4871867,0.47065485972857135,818.6989247607063,-14.318783709575255,-3.3933275008181885,STOP
BTCUSDT,LONG,2023-07-05 14:00:00+00:00,2023-07-06 07:00:00+00:00,30387.667309999997,30813.092302332854,0.023041098293712356,8.392126347065561,1.3999922665760556,TP1_HALF
SOLUSDT,SHORT,2023-07-02 06:00:00+00:00,2023-07-06 08:00:00+00:00,18.90108,20.098658579999995,11.160230398174363,-13.800498940739798,-6.336032544172054,STOP
BTCUSDT,LONG,2023-07-05 14:00:00+00:00,2023-07-06 11:00:00+00:00,30387.667309999997,31012.68734035714,0.023041098293712356,12.986416348230351,2.0568213544692293,STOP
BTCUSDT,LONG,2023-07-06 11:00:00+00:00,2023-07-06 12:00:00+00:00,31262.871639999998,30836.53780621714,0.05324392948914343,-26.00610516264248,-1.3637065676250115,STOP
XRPUSDT,LONG,2023-07-05 12:00:00+00:00,2023-07-06 14:00:00+00:00,0.4784779999999999,0.4668678077142856,1179.3359073889053,-14.807196910169571,-2.4264840359879303,STOP
SOLUSDT,SHORT,2023-07-06 10:00:00+00:00,2023-07-06 14:00:00+00:00,20.02995,19.33676745,9.212386391573512,6.023204078378922,3.460730306366211,TP1_HALF
SOLUSDT,SHORT,2023-07-06 10:00:00+00:00,2023-07-06 15:00:00+00:00,20.02995,19.552032499999996,9.212386391573512,4.038116156360368,2.386014443371076,STOP
SOLUSDT,SHORT,2023-07-06 15:00:00+00:00,2023-07-06 17:00:00+00:00,19.290689999999998,20.080035689999995,17.00699291733951,-14.093974212122774,-4.091847881024457,STOP
BTCUSDT,LONG,2023-07-06 16:00:00+00:00,2023-07-06 23:00:00+00:00,30437.417009999994,29882.296943704278,0.0398569412588478,-24.52954716975935,-1.823808065294552,STOP
SOLUSDT,SHORT,2023-07-06 21:00:00+00:00,2023-07-06 23:00:00+00:00,20.72925,19.74826425,6.519344204936567,6.13149691643189,4.732374543217932,TP1_HALF
XRPUSDT,LONG,2023-07-06 16:00:00+00:00,2023-07-07 00:00:00+00:00,0.4700696,0.4579326375428571,1120.2771481330074,-14.636381388620935,-2.5819500893363156,STOP
SOLUSDT,SHORT,2023-07-06 21:00:00+00:00,2023-07-07 01:00:00+00:00,20.72925,20.471164999999996,6.519344204936567,1.4139452623598534,1.2450281606908309,STOP
SOLUSDT,SHORT,2023-07-07 08:00:00+00:00,2023-07-07 12:00:00+00:00,19.440540000000002,20.64616554,10.944262061424775,-13.633401268315644,-6.2016052023246,STOP
SOLUSDT,SHORT,2023-07-08 12:00:00+00:00,2023-07-10 08:00:00+00:00,21.91806,20.498538059999998,4.49127327764498,6.1849564227572875,6.4764944525199875,TP1_HALF
BTCUSDT,LONG,2023-07-07 01:00:00+00:00,2023-07-10 19:00:00+00:00,30082.652599999994,30619.54561847142,0.01828082897139106,8.70516294279069,1.784726319219021,TP1_HALF
BTCUSDT,LONG,2023-07-07 01:00:00+00:00,2023-07-10 21:00:00+00:00,30082.652599999994,30447.75854892857,0.01828082897139106,5.567893315019195,1.2136760470669916,STOP
SOLUSDT,SHORT,2023-07-08 12:00:00+00:00,2023-07-11 04:00:00+00:00,21.91806,21.93191,4.49127327764498,-0.2591463333819077,-0.0631898991060309,STOP
BTCUSDT,LONG,2023-07-10 23:00:00+00:00,2023-07-11 15:00:00+00:00,30377.717369999995,30662.39606655857,0.03294146822146915,7.366983279008268,0.9371299794885601,TP1_HALF
BTCUSDT,LONG,2023-07-10 23:00:00+00:00,2023-07-11 18:00:00+00:00,30377.717369999995,30467.759956071426,0.03294146822146915,0.9617956298940511,0.29640998029809573,STOP
SOLUSDT,LONG,2023-07-12 01:00:00+00:00,2023-07-13 15:00:00+00:00,22.132109999999997,22.87635360428571,8.477030080940814,5.927437321207349,3.362732266764046,TP1_HALF
ETHUSDT,LONG,2023-07-12 02:00:00+00:00,2023-07-13 15:00:00+00:00,1883.79191,1907.6716145185712,0.4034601437775591,8.104804599698777,1.2676402521853536,TP1_HALF
SOLUSDT,LONG,2023-07-12 01:00:00+00:00,2023-07-13 16:00:00+00:00,22.132109999999997,24.608224285714282,8.477030080940814,20.593876064114042,11.187881705423862,STOP
ETHUSDT,LONG,2023-07-12 02:00:00+00:00,2023-07-13 19:00:00+00:00,1883.79191,1984.8538735714287,0.4034601437775591,39.213629968906936,5.364815669657941,STOP
SOLUSDT,LONG,2023-07-14 01:00:00+00:00,2023-07-14 09:00:00+00:00,29.37935,28.047346007142856,10.116187198958988,-14.055740948529653,-4.533810288032725,STOP
BTCUSDT,LONG,2023-07-13 19:00:00+00:00,2023-07-14 17:00:00+00:00,31286.254999999997,30810.43979035714,0.04743032227525283,-25.513334982962334,-1.520844248194153,STOP
SOLUSDT,LONG,2023-07-14 21:00:00+00:00,2023-07-15 07:00:00+00:00,26.16614,28.68635350285714,2.5681109662238195,6.331320643823365,9.631583041507618,TP1_HALF
SOLUSDT,LONG,2023-07-14 21:00:00+00:00,2023-07-16 02:00:00+00:00,26.16614,26.54450035714286,2.5681109662238195,0.8363046088250812,1.4459922523645474,STOP
SOLUSDT,LONG,2023-07-16 03:00:00+00:00,2023-07-18 12:00:00+00:00,27.567539999999997,24.75169210285714,4.697042777817961,-13.47190369999845,-10.21436042948648,STOP
SOLUSDT,LONG,2023-07-18 13:00:00+00:00,2023-07-19 13:00:00+00:00,25.195169999999997,26.648138044285712,4.418668354181436,6.191105532290815,5.766851520691119,TP1_HALF
XRPUSDT,LONG,2023-07-15 04:00:00+00:00,2023-07-19 18:00:00+00:00,0.7215208,0.8318702399142858,58.87574432539719,6.405448357140915,15.294006758264732,TP1_HALF
SOLUSDT,LONG,2023-07-18 13:00:00+00:00,2023-07-20 15:00:00+00:00,25.195169999999997,25.874456785714287,4.418668354181436,2.775883279711465,2.6960992353466606,STOP
XRPUSDT,LONG,2023-07-15 04:00:00+00:00,2023-07-22 18:00:00+00:00,0.7215208,0.7427743392857142,58.87574432539719,1.165106478757991,2.9456585708567573,STOP
SOLUSDT,LONG,2023-07-21 13:00:00+00:00,2023-07-22 23:00:00+00:00,25.525499999999997,24.459587357142855,12.592830261636266,-14.052310705933674,-4.1758737061258095,STOP
XRPUSDT,LONG,2023-07-22 20:00:00+00:00,2023-07-23 00:00:00+00:00,0.7481473999999999,0.7189063454571427,459.91546191187894,-14.123133807860086,-3.908461693893106,STOP
BTCUSDT,LONG,2023-07-14 20:00:00+00:00,2023-07-24 09:00:00+00:00,30145.285169999996,29395.140604829994,0.029063964552811277,-23.5326558757639,-2.4884308141046585,STOP
SOLUSDT,LONG,2023-07-23 02:00:00+00:00,2023-07-24 09:00:00+00:00,24.584559999999996,23.746504011428566,16.022640647669306,-14.202261218281896,-3.4088712125473486,STOP
XRPUSDT,LONG,2023-07-23 02:00:00+00:00,2023-07-24 09:00:00+00:00,0.7332325,0.7045629460714286,466.55965104324633,-14.046874418070459,-3.9100222546833874,STOP
BTCUSDT,LONG,2023-07-24 11:00:00+00:00,2023-07-24 14:00:00+00:00,29353.334009999995,29053.273439918565,0.07627212653858834,-27.341053924601653,-1.0222367584520664,STOP
SOLUSDT,LONG,2023-07-24 11:00:00+00:00,2023-07-24 15:00:00+00:00,23.79377,23.01323373,17.05287512310292,-14.108581530856828,-3.2804228585886053,STOP
XRPUSDT,LONG,2023-07-24 11:00:00+00:00,2023-07-25 07:00:00+00:00,0.6999993,0.6748416399857142,527.6316285353938,-13.99938668761915,-3.5939550245672747,STOP
SOLUSDT,LONG,2023-07-25 14:00:00+00:00,2023-07-26 12:00:00+00:00,23.363339999999997,24.127759517142852,8.102582649705582,5.808971757734971,3.2718760123460644,TP1_HALF
SOLUSDT,LONG,2023-07-25 14:00:00+00:00,2023-07-26 19:00:00+00:00,23.363339999999997,24.866537142857144,8.102582649705582,11.788992523066174,6.433999346228525,STOP
BTCUSDT,LONG,2023-07-24 16:00:00+00:00,2023-07-26 20:00:00+00:00,29122.873779999994,29471.02718086285,0.02714427754655436,7.859883431581156,1.1954637564028703,TP1_HALF
XRPUSDT,LONG,2023-07-25 14:00:00+00:00,2023-07-26 20:00:00+00:00,0.7036028999999999,0.7282239470999999,252.04990829177078,5.844840838101122,3.4992816402547477,TP1_HALF
BTCUSDT,LONG,2023-07-24 16:00:00+00:00,2023-07-26 23:00:00+00:00,29122.873779999994,29283.033725357145,0.02714427754655436,2.762039844931683,0.5499455396024144,STOP
XRPUSDT,LONG,2023-07-25 14:00:00+00:00,2023-07-27 20:00:00+00:00,0.7036028999999999,0.70674255,252.04990829177078,0.43587105323605446,0.4462247099891181,STOP
BTCUSDT,LONG,2023-07-28 09:00:00+00:00,2023-07-28 14:00:00+00:00,29181.152,29446.476404785713,0.034912255802404216,7.216250730543351,0.9092321125146574,TP1_HALF
BTCUSDT,LONG,2023-07-28 09:00:00+00:00,2023-07-28 17:00:00+00:00,29181.152,29218.17222321429,0.034912255802404216,-0.7463926432489667,0.126863474116079,STOP
SOLUSDT,LONG,2023-07-26 19:00:00+00:00,2023-07-30 19:00:00+00:00,25.11509,24.193015624285714,14.281698779262301,-13.872991997929848,-3.6713958648536993,STOP
XRPUSDT,LONG,2023-07-28 15:00:00+00:00,2023-07-30 20:00:00+00:00,0.7160153,0.6941276204142858,607.9039927932954,-14.162839324865034,-3.056873168173113,STOP
BTCUSDT,LONG,2023-07-29 13:00:00+00:00,2023-07-30 20:00:00+00:00,29323.304009999996,29059.019117061427,0.08762947303118891,-28.275158108271974,-0.9012793812335773,STOP
BTCUSDT,LONG,2023-07-30 21:00:00+00:00,2023-07-31 00:00:00+00:00,29300.230959999997,29458.27855082571,0.05434955504822361,5.396317390611071,0.5394073208551786,TP1_HALF
BTCUSDT,LONG,2023-07-30 21:00:00+00:00,2023-07-31 09:00:00+00:00,29300.230959999997,29313.122178214286,0.05434955504822361,-2.4849776889702104,0.04399698497901117,STOP
XRPUSDT,LONG,2023-07-30 21:00:00+00:00,2023-07-31 13:00:00+00:00,0.7068060999999999,0.6939186296142856,1044.9215365504974,-14.930042794442405,-1.8233388740864331,STOP
BTCUSDT,LONG,2023-07-31 09:00:00+00:00,2023-07-31 15:00:00+00:00,29420.691299999995,29206.231547271425,0.11011823699683194,-30.071823261737414,-0.7289419223421523,STOP
SOLUSDT,LONG,2023-07-30 21:00:00+00:00,2023-07-31 19:00:00+00:00,24.314289999999996,23.665957495714284,20.396581622546584,-14.202399876529876,-2.6664669389306117,STOP
XRPUSDT,LONG,2023-07-31 17:00:00+00:00,2023-07-31 19:00:00+00:00,0.6991985,0.7140301836428572,406.37477111592005,5.452921562780032,2.1212407696608704,TP1_HALF
XRPUSDT,LONG,2023-07-31 17:00:00+00:00,2023-07-31 20:00:00+00:00,0.6991985,0.7042486178571429,406.37477111592005,1.4819149870123858,0.7222724100728106,STOP
XRPUSDT,LONG,2023-07-31 20:00:00+00:00,2023-07-31 21:00:00+00:00,0.7159151999999999,0.6976240205142855,717.1765048734243,-14.131761291247035,-2.554936602228075,STOP
ETHUSDT,LONG,2023-07-31 17:00:00+00:00,2023-08-01 02:00:00+00:00,1861.7298699999997,1844.9794722728568,1.356491256107435,-27.749886864916007,-0.8997222420427109,STOP
SOLUSDT,LONG,2023-07-31 21:00:00+00:00,2023-08-01 02:00:00+00:00,23.743719999999996,23.011399851428568,17.738767523175387,-13.819835069608525,-3.0842688027462817,STOP
BTCUSDT,LONG,2023-08-01 05:00:00+00:00,2023-08-01 15:00:00+00:00,28894.865999999998,28584.937092214284,0.07096906597701817,-26.074653042826874,-1.0726089118589965,STOP
BTCUSDT,LONG,2023-08-01 16:00:00+00:00,2023-08-01 19:00:00+00:00,28982.953999999998,29293.00774135714,0.029260150024201837,7.3670556043183435,1.0697796413614125,TP1_HALF
SOLUSDT,LONG,2023-08-01 16:00:00+00:00,2023-08-02 00:00:00+00:00,23.293269999999996,24.136966015714282,7.1513748304906875,5.694395055317411,3.622059142895284,TP1_HALF
BTCUSDT,LONG,2023-08-01 16:00:00+00:00,2023-08-02 03:00:00+00:00,28982.953999999998,29678.415804642857,0.029260150024201837,18.63287625884316,2.3995545955835196,STOP
SOLUSDT,LONG,2023-08-01 16:00:00+00:00,2023-08-02 08:00:00+00:00,23.293269999999996,23.398720714285712,7.1513748304906875,0.42020565682048766,0.45270893389255384,STOP
XRPUSDT,LONG,2023-08-01 15:00:00+00:00,2023-08-03 06:00:00+00:00,0.6924917999999999,0.6685832617714285,534.1275807005505,-13.497197412009303,-3.4525373771316037,STOP
SOLUSDT,LONG,2023-08-02 16:00:00+00:00,2023-08-03 07:00:00+00:00,23.28326,22.45399781142857,15.484941745999084,-13.549315455019965,-3.5616240533818178,STOP
XRPUSDT,LONG,2023-08-03 08:00:00+00:00,2023-08-04 18:00:00+00:00,0.6708702,0.6534803512285714,742.4489503658267,-13.894337644043663,-2.592133138635244,STOP
BTCUSDT,LONG,2023-08-02 16:00:00+00:00,2023-08-04 20:00:00+00:00,29350.7214,28865.920870028567,0.04384425777787602,-23.80818487756787,-1.6517499633635246,STOP
XRPUSDT,LONG,2023-08-04 23:00:00+00:00,2023-08-05 01:00:00+00:00,0.6375369,0.6191528416714286,694.1544060412435,-13.633711810905092,-2.883606945507211,STOP
SOLUSDT,LONG,2023-08-03 15:00:00+00:00,2023-08-05 16:00:00+00:00,23.093069999999997,22.347485858571428,17.180818673650723,-13.590451890469817,-3.228605557548514,STOP
SOLUSDT,LONG,2023-08-05 18:00:00+00:00,2023-08-06 08:00:00+00:00,22.59257,23.21326207285714,9.522094012917854,5.474120831480896,2.747328315712383,TP1_HALF
SOLUSDT,LONG,2023-08-05 18:00:00+00:00,2023-08-07 06:00:00+00:00,22.59257,23.00304535714286,9.522094012917854,3.4744192046927993,1.8168599550332676,STOP
BTCUSDT,LONG,2023-08-06 03:00:00+00:00,2023-08-07 15:00:00+00:00,29097.648579999997,28842.17467713428,0.08658741160893609,-27.137683307689674,-0.8779881376439258,STOP
XRPUSDT,LONG,2023-08-05 03:00:00+00:00,2023-08-07 16:00:00+00:00,0.6202196,0.6000867696857144,629.5813526022159,-13.443536675794649,-3.246080954920738,STOP
SOLUSDT,LONG,2023-08-07 15:00:00+00:00,2023-08-07 16:00:00+00:00,22.87285,22.311587507142857,22.670210077986216,-13.748279312508235,-2.453837160026595,STOP
BTCUSDT,LONG,2023-08-07 17:00:00+00:00,2023-08-07 18:00:00+00:00,28966.938,29115.81732342857,0.05459769420827444,4.957283260565447,0.5139629305264348,TP1_HALF
SOLUSDT,LONG,2023-08-07 18:00:00+00:00,2023-08-08 06:00:00+00:00,22.822799999999997,23.358703628571426,10.872830548718708,5.324665680462141,2.348106404873329,TP1_HALF
BTCUSDT,LONG,2023-08-07 17:00:00+00:00,2023-08-08 13:00:00+00:00,28966.938,29392.553738571427,0.05459769420827444,20.051344260658897,1.4693155989474294,STOP
XRPUSDT,LONG,2023-08-07 16:00:00+00:00,2023-08-08 16:00:00+00:00,0.6169162999999999,0.6314556408428569,400.41200913092257,5.321863561352102,2.3567768987230453,TP1_HALF
BTCUSDT,LONG,2023-08-08 13:00:00+00:00,2023-08-08 18:00:00+00:00,29608.148569999998,29847.684936072852,0.03630243674237345,6.537362142038511,0.8090217647568787,TP1_HALF
SOLUSDT,LONG,2023-08-07 18:00:00+00:00,2023-08-08 21:00:00+00:00,22.822799999999997,24.20648357142857,10.872830548718708,14.533215574089013,6.062724869115854,STOP
BTCUSDT,LONG,2023-08-08 13:00:00+00:00,2023-08-08 22:00:00+00:00,29608.148569999998,29944.611485357145,0.03630243674237345,10.05251339616406,1.136386203148354,STOP
XRPUSDT,LONG,2023-08-07 16:00:00+00:00,2023-08-09 15:00:00+00:00,0.6169162999999999,0.6503775428571429,400.41200913092257,12.890843806668693,5.423951816015071,STOP
BTCUSDT,LONG,2023-08-09 13:00:00+00:00,2023-08-09 15:00:00+00:00,30106.396319999996,29682.637184751424,0.05001067064137997,-24.1825682067649,-1.407538553417187,STOP
SOLUSDT,LONG,2023-08-09 11:00:00+00:00,2023-08-09 21:00:00+00:00,24.884859999999996,24.153539425714282,17.41740001560122,-13.591824400895987,-2.9388173141649765,STOP
XRPUSDT,LONG,2023-08-09 20:00:00+00:00,2023-08-09 21:00:00+00:00,0.6608601999999999,0.6409115040857142,636.4670728836415,-13.525222922473477,-3.018595447915573,STOP
BTCUSDT,LONG,2023-08-09 16:00:00+00:00,2023-08-10 17:00:00+00:00,29791.461699999996,29332.04386615714,0.04571813328163207,-23.70674206713734,-1.5421124296256195,STOP
SOLUSDT,LONG,2023-08-10 13:00:00+00:00,2023-08-15 01:00:00+00:00,24.704679999999996,25.346807819999995,9.153983581815424,5.4198570239572055,2.5992152903822285,TP1_HALF
SOLUSDT,LONG,2023-08-10 13:00:00+00:00,2023-08-15 07:00:00+00:00,24.704679999999996,24.7277475,9.153983581815424,-0.2413441134707233,0.09337299653346953,STOP
XRPUSDT,LONG,2023-08-10 13:00:00+00:00,2023-08-15 19:00:00+00:00,0.6350343999999999,0.6146298691714285,617.5345718972396,-13.372214099463928,-3.213137875455474,STOP
BTCUSDT,LONG,2023-08-11 04:00:00+00:00,2023-08-15 19:00:00+00:00,29441.411999999997,29061.92205835714,0.055531225628513245,-24.322303416735682,-1.2889665130288441,STOP
SOLUSDT,LONG,2023-08-15 15:00:00+00:00,2023-08-15 19:00:00+00:00,24.994969999999995,24.400545029999996,21.358328962863094,-13.750929712300785,-2.3781783694879377,STOP
SOLUSDT,LONG,2023-08-16 00:00:00+00:00,2023-08-16 09:00:00+00:00,23.923899999999996,23.214947528571425,17.56654942402602,-13.281915523537663,-2.9633649673697526,STOP
XRPUSDT,LONG,2023-08-15 21:00:00+00:00,2023-08-16 13:00:00+00:00,0.6051044999999999,0.5896321347857142,809.4018453114961,-13.490382992633087,-2.5569740787394157,STOP
BTCUSDT,LONG,2023-08-15 21:00:00+00:00,2023-08-16 16:00:00+00:00,29228.198999999997,28927.239233142856,0.07085573959192815,-25.445373455378984,-1.029689741941131,STOP
SOLUSDT,LONG,2023-08-16 17:00:00+00:00,2023-08-16 20:00:00+00:00,23.263239999999996,22.509993188571425,16.306085625771846,-13.02888926423517,-3.2379273541801257,STOP
XRPUSDT,LONG,2023-08-16 17:00:00+00:00,2023-08-16 20:00:00+00:00,0.5973968,0.5807654532,742.3731907060336,-13.221302060732079,-2.7839698505248145,STOP
BTCUSDT,LONG,2023-08-16 18:00:00+00:00,2023-08-16 20:00:00+00:00,29197.167999999998,28914.32829985714,0.07508630052260726,-25.600763999640108,-0.9687230629451982,STOP
BTCUSDT,LONG,2023-08-17 02:00:00+00:00,2023-08-17 13:00:00+00:00,28661.322689999997,28352.860376952853,0.06732600535927842,-24.60607253606802,-1.0762319533660913,STOP
BTCUSDT,LONG,2023-08-17 17:00:00+00:00,2023-08-17 20:00:00+00:00,27965.287349999995,27588.43594086428,0.0537125323717295,-23.225574673164555,-1.347568520999709,STOP
SOLUSDT,LONG,2023-08-16 22:00:00+00:00,2023-08-17 21:00:00+00:00,22.852829999999997,22.03791288428571,14.86454707344903,-12.780654388259897,-3.5659352286534607,STOP
XRPUSDT,LONG,2023-08-17 17:00:00+00:00,2023-08-17 21:00:00+00:00,0.5771765999999999,0.5558130876857141,563.4578097374588,-12.675829744785222,-3.7013822657200213,STOP
XRPUSDT,LONG,2023-08-17 23:00:00+00:00,2023-08-18 02:00:00+00:00,0.5108102999999999,0.48856053612857137,533.1737663492688,-12.39582871638975,-4.355778235370078,STOP
BTCUSDT,LONG,2023-08-17 23:00:00+00:00,2023-08-18 03:00:00+00:00,26828.091289999997,26421.300327638568,0.04880746255858925,-22.453402352273468,-1.516287379389747,STOP
SOLUSDT,LONG,2023-08-17 23:00:00+00:00,2023-08-18 16:00:00+00:00,22.022,21.092315142857142,12.769763201124611,-12.422415072338584,-4.221618641099156,STOP
BTCUSDT,SHORT,2023-08-18 15:00:00+00:00,2023-08-23 19:00:00+00:00,25986.06792,26743.47861042,0.02521464808447181,-20.427400973775395,-2.91467986904268,STOP
BTCUSDT,SHORT,2023-08-23 19:00:00+00:00,2023-08-24 15:00:00+00:00,26436.50703,26080.143619529998,0.02391730373505962,7.267195243539967,1.347997335902218,TP1_HALF
BTCUSDT,SHORT,2023-08-23 19:00:00+00:00,2023-08-25 14:00:00+00:00,26436.50703,26272.6639175,0.02391730373505962,2.658024235385565,0.6197608190600778,STOP
BTCUSDT,SHORT,2023-08-25 14:00:00+00:00,2023-08-29 14:00:00+00:00,26042.261670000004,26492.31251667,0.04327936985521216,-21.75158031309318,-1.728155766088646,STOP
BTCUSDT,SHORT,2023-08-29 16:00:00+00:00,2023-08-29 17:00:00+00:00,27396.01656,27821.950359059996,0.04582684966494117,-22.049669645543155,-1.554728944360062,STOP
BTCUSDT,SHORT,2023-08-29 18:00:00+00:00,2023-08-30 01:00:00+00:00,27864.177929999998,27493.504325429996,0.022802661335084042,7.190042190098849,1.3302872437191637,TP1_HALF
BTCUSDT,SHORT,2023-08-29 18:00:00+00:00,2023-08-31 11:00:00+00:00,27864.177929999998,27442.7950225,0.022802661335084042,8.347505558411022,1.5122746795494635,STOP
SOLUSDT,SHORT,2023-08-30 15:00:00+00:00,2023-08-31 16:00:00+00:00,20.88909,20.19033159,7.905012999461081,5.198960952853463,3.3450878425053454,TP1_HALF
ETHUSDT,SHORT,2023-08-31 13:00:00+00:00,2023-08-31 16:00:00+00:00,1706.53176,1677.19906926,0.2937840422444663,7.623390334616829,1.718848217627078,TP1_HALF
ETHUSDT,SHORT,2023-08-31 13:00:00+00:00,2023-09-01 20:00:00+00:00,1706.53176,1634.9715524999997,0.2937840422444663,20.041566672883363,4.193312376442404,STOP
SOLUSDT,SHORT,2023-08-30 15:00:00+00:00,2023-09-04 00:00:00+00:00,20.88909,19.758667499999998,7.905012999461081,8.614683505946866,5.411544973955307,STOP
BTCUSDT,SHORT,2023-09-02 17:00:00+00:00,2023-09-07 21:00:00+00:00,25835.558579999997,26387.397473579997,0.03492229500001937,-21.095226111161207,-2.135966566665193,STOP
BTCUSDT,SHORT,2023-09-08 00:00:00+00:00,2023-09-08 10:00:00+00:00,26228.745,25949.019524999996,0.029937929183119046,6.812307241981514,1.066484404800927,TP1_HALF
BTCUSDT,SHORT,2023-09-08 00:00:00+00:00,2023-09-08 13:00:00+00:00,26228.745,25978.861479999992,0.029937929183119046,5.918007500170325,0.9527086408442575,STOP
BTCUSDT,SHORT,2023-09-08 17:00:00+00:00,2023-09-11 14:00:00+00:00,25770.89331,25408.554338309998,0.023666293207337485,7.363992530226259,1.4060008216688513,TP1_HALF
BTCUSDT,SHORT,2023-09-08 17:00:00+00:00,2023-09-12 03:00:00+00:00,25770.89331,25314.010864999997,0.023666293207337485,9.603723583981022,1.7728622733567234,STOP
BTCUSDT,SHORT,2023-09-12 05:00:00+00:00,2023-09-12 10:00:00+00:00,25735.04919,26175.75915669,0.04443204078430011,-21.888146367623712,-1.7124893115076922,STOP
BTCUSDT,SHORT,2023-09-12 15:00:00+00:00,2023-09-14 12:00:00+00:00,26088.27561,26618.86574061,0.03637358740884237,-21.216614306998498,-2.0338259934919334,STOP
BTCUSDT,SHORT,2023-09-14 16:00:00+00:00,2023-09-18 11:00:00+00:00,26667.27603,27238.205953529996,0.03356025088434992,-20.969632970458417,-2.140938290388994,STOP
BTCUSDT,SHORT,2023-09-18 14:00:00+00:00,2023-09-18 17:00:00+00:00,27227.95479,26998.325429789995,0.03539246796741334,6.207947889939324,0.843358827282692,TP1_HALF
BTCUSDT,SHORT,2023-09-18 14:00:00+00:00,2023-09-18 19:00:00+00:00,27227.95479,26914.488315,0.03539246796741334,9.178117492024302,1.1512670614361675,STOP
BTCUSDT,SHORT,2023-09-18 19:00:00+00:00,2023-09-19 08:00:00+00:00,26683.29,26980.2465075,0.06749923118984578,-23.666583410256088,-1.1128931533555209,STOP
XRPUSDT,SHORT,2023-09-20 05:00:00+00:00,2023-09-20 10:00:00+00:00,0.5197797,0.5072149796999998,433.44399366811325,5.000957870709788,2.4173164708048644,TP1_HALF
XRPUSDT,SHORT,2023-09-20 05:00:00+00:00,2023-09-20 16:00:00+00:00,0.5197797,0.520091,433.44399366811325,-0.5856568243353464,-0.05989075756518414,STOP
BTCUSDT,SHORT,2023-09-19 11:00:00+00:00,2023-09-21 09:00:00+00:00,27143.559269999998,26825.502616769994,0.026286880388987993,6.942038925855522,1.1717573589604013,TP1_HALF
XRPUSDT,SHORT,2023-09-20 20:00:00+00:00,2023-09-21 10:00:00+00:00,0.5156838,0.5028146837999999,424.1320438545752,5.02622671291118,2.495544013599049,TP1_HALF
SOLUSDT,SHORT,2023-09-20 13:00:00+00:00,2023-09-21 13:00:00+00:00,19.97001,19.38938001,9.453305667143184,5.116796430343444,2.9075097608864398,TP1_HALF
XRPUSDT,SHORT,2023-09-20 20:00:00+00:00,2023-09-22 04:00:00+00:00,0.5156838,0.5139849,424.1320438545752,0.2838424390804793,0.32944606753209094,STOP
BTCUSDT,SHORT,2023-09-19 11:00:00+00:00,2023-09-22 08:00:00+00:00,27143.559269999998,26749.277912499998,0.026286880388987993,8.947752319370732,1.452577952574452,STOP
BTCUSDT,SHORT,2023-09-22 18:00:00+00:00,2023-09-24 23:00:00+00:00,26549.643780000002,26216.56915878,0.02540363085873628,7.120851330576121,1.2545351793793569,TP1_HALF
SOLUSDT,SHORT,2023-09-20 13:00:00+00:00,2023-09-25 14:00:00+00:00,19.97001,19.689669999999996,9.453305667143184,2.275224633025858,1.4038050056059181,STOP
BTCUSDT,SHORT,2023-09-22 18:00:00+00:00,2023-09-25 16:00:00+00:00,26549.643780000002,26376.074724999995,0.02540363085873628,3.06477878588547,0.6537528579978802,STOP
BTCUSDT,SHORT,2023-09-25 21:00:00+00:00,2023-09-27 11:00:00+00:00,26261.27244,26541.260399939998,0.07220926420767489,-24.030556618948822,-1.0661629613709422,STOP
BTCUSDT,SHORT,2023-09-27 13:00:00+00:00,2023-09-27 14:00:00+00:00,26695.75752,26417.910467519996,0.02992222844716549,6.72452367048876,1.040791040568323,TP1_HALF
BTCUSDT,SHORT,2023-09-27 13:00:00+00:00,2023-09-28 00:00:00+00:00,26695.75752,26442.714869999996,0.02992222844716549,5.981578469989255,0.9478758930531517,STOP
BTCUSDT,SHORT,2023-09-28 12:00:00+00:00,2023-09-28 14:00:00+00:00,26450.45307,26827.524150569996,0.052124926102625875,-22.431912835667944,-1.4255751293639207,STOP
SOLUSDT,SHORT,2023-09-29 01:00:00+00:00,2023-09-29 14:00:00+00:00,19.920060000000003,20.44191006,22.645409867286983,-12.731521853028136,-2.619721326140567,STOP
XRPUSDT,SHORT,2023-09-29 14:00:00+00:00,2023-09-29 21:00:00+00:00,0.5298695999999999,0.5217765696,657.2353814407112,4.627846850537539,1.5273626567744225,TP1_HALF
SOLUSDT,SHORT,2023-09-29 14:00:00+00:00,2023-09-30 12:00:00+00:00,20.109869999999997,20.658722369999992,21.436805139080377,-12.63958967624263,-2.7292686128751464,STOP
XRPUSDT,SHORT,2023-09-29 14:00:00+00:00,2023-10-01 10:00:00+00:00,0.5298695999999999,0.5225362999999998,657.2353814407112,4.128025829602278,1.3839820212369403,STOP
BTCUSDT,SHORT,2023-09-28 19:00:00+00:00,2023-10-01 22:00:00+00:00,26932.38066,27362.893718159998,0.04506225875865858,-21.846558529188307,-1.5984961136369158,STOP
SOLUSDT,SHORT,2023-10-01 12:00:00+00:00,2023-10-01 22:00:00+00:00,22.947029999999998,23.794729529999994,13.73118716156355,-12.281740751566632,-3.6941579367787414,STOP
ETHUSDT,SHORT,2023-10-02 00:00:00+00:00,2023-10-02 14:00:00+00:00,1732.05621,1708.8075962099997,0.35993990138830834,7.129599575889733,1.3422551563727958,TP1_HALF
XRPUSDT,SHORT,2023-10-01 12:00:00+00:00,2023-10-02 18:00:00+00:00,0.5205789,0.5084976038999999,449.33118839329074,4.966106965499266,2.3207425617903565,TP1_HALF
ETHUSDT,SHORT,2023-10-02 00:00:00+00:00,2023-10-02 19:00:00+00:00,1732.05621,1666.6206699999998,0.35993990138830834,22.329542393852844,3.777910879693691,STOP
XRPUSDT,SHORT,2023-10-01 12:00:00+00:00,2023-10-03 22:00:00+00:00,0.5205789,0.5186073749999999,449.33118839329074,0.41892886728937373,0.3787178081939291,STOP
ETHUSDT,SHORT,2023-10-02 19:00:00+00:00,2023-10-05 15:00:00+00:00,1656.70164,1625.9130716399998,0.2792536244815421,7.68113725112589,1.8584256583460745,TP1_HALF
ETHUSDT,SHORT,2023-10-02 19:00:00+00:00,2023-10-06 10:00:00+00:00,1656.70164,1640.7819999999997,0.2792536244815421,3.524782912302832,0.9609237786473268,STOP
ETHUSDT,SHORT,2023-10-06 13:00:00+00:00,2023-10-06 15:00:00+00:00,1614.20418,1638.80527668,0.7903401638600535,-22.014218808238958,-1.524038717332532,STOP
SOLUSDT,LONG,2023-10-04 17:00:00+00:00,2023-10-07 04:00:00+00:00,22.902879999999996,24.08412890571428,4.693757026871042,5.323949748457301,5.157643517820842,TP1_HALF
SOLUSDT,LONG,2023-10-04 17:00:00+00:00,2023-10-09 07:00:00+00:00,22.902879999999996,22.981638214285717,4.693757026871042,0.15430114193451946,0.3438790854500384,STOP
XRPUSDT,SHORT,2023-10-09 01:00:00+00:00,2023-10-09 08:00:00+00:00,0.5153841,0.5112555591,1218.0319279871019,3.7782147488790505,0.8010609756878506,TP1_HALF
ETHUSDT,SHORT,2023-10-06 17:00:00+00:00,2023-10-09 09:00:00+00:00,1638.35001,1613.8568975100002,0.34593011112515,7.347868828549561,1.4949865621205038,TP1_HALF
XRPUSDT,SHORT,2023-10-09 01:00:00+00:00,2023-10-09 10:00:00+00:00,0.5153841,0.49263142499999996,1218.0319279871019,26.48568950375732,4.414702549030913,STOP
XRPUSDT,SHORT,2023-10-09 10:00:00+00:00,2023-10-09 16:00:00+00:00,0.500499,0.49563699899999997,1063.6277336222333,4.111841229503207,0.9714307121492904,TP1_HALF
SOLUSDT,LONG,2023-10-09 14:00:00+00:00,2023-10-09 16:00:00+00:00,22.332309999999996,21.661341261428568,17.5516127660434,-12.548743008631268,-3.004475303143417,STOP
ETHUSDT,SHORT,2023-10-06 17:00:00+00:00,2023-10-09 17:00:00+00:00,1638.35001,1573.6774624999996,0.34593011112515,21.261044522922763,3.947419483337422,STOP
XRPUSDT,SHORT,2023-10-09 10:00:00+00:00,2023-10-09 17:00:00+00:00,0.500499,0.4972538999999999,1063.6277336222333,2.390340702635618,0.6483729238220493,STOP
XRPUSDT,SHORT,2023-10-09 17:00:00+00:00,2023-10-09 21:00:00+00:00,0.4972023,0.5059363023,1389.5544007288074,-13.530286991307419,-1.7566295047307667,STOP
ETHUSDT,SHORT,2023-10-09 17:00:00+00:00,2023-10-10 02:00:00+00:00,1567.7306999999998,1589.7199031999996,0.8967409524791605,-22.550034283145084,-1.4026135483600433,STOP
XRPUSDT,SHORT,2023-10-10 09:00:00+00:00,2023-10-11 02:00:00+00:00,0.4978017,0.4882072767,562.5712211100047,4.842846157679729,1.927358484312125,TP1_HALF
ETHUSDT,SHORT,2023-10-10 13:00:00+00:00,2023-10-11 02:00:00+00:00,1572.74568,1547.5799281799998,0.3397405761915765,7.489725803592676,1.6001157809570454,TP1_HALF
ETHUSDT,SHORT,2023-10-10 13:00:00+00:00,2023-10-11 09:00:00+00:00,1572.74568,1572.5427574999999,0.3397405761915765,-0.9996410989726797,0.01290243569450622,STOP
BTCUSDT,LONG,2023-10-11 10:00:00+00:00,2023-10-11 15:00:00+00:00,27312.725439999995,26920.18116884571,0.049769225548662976,-22.235754130088374,-1.4372211664361978,STOP
SOLUSDT,LONG,2023-10-09 18:00:00+00:00,2023-10-11 18:00:00+00:00,22.262239999999995,21.636296331428564,18.921591839711475,-12.67448079818428,-2.81168322941191,STOP
XRPUSDT,SHORT,2023-10-10 09:00:00+00:00,2023-10-11 23:00:00+00:00,0.4978017,0.4893710249999999,562.5712211100047,4.187500164181909,1.6935809982167815,STOP
SOLUSDT,LONG,2023-10-11 19:00:00+00:00,2023-10-12 09:00:00+00:00,21.93191,21.202472018571424,15.934306613922764,-12.310404920609804,-3.3259209135391044,STOP
ETHUSDT,SHORT,2023-10-11 16:00:00+00:00,2023-10-12 16:00:00+00:00,1557.88056,1527.3546030599998,0.2824576422619294,7.7508415750801225,1.959454256236448,TP1_HALF
ETHUSDT,SHORT,2023-10-11 16:00:00+00:00,2023-10-13 07:00:00+00:00,1557.88056,1554.6048375,0.2824576422619294,0.04610756710182706,0.2102678847215378,STOP
BTCUSDT,LONG,2023-10-16 00:00:00+00:00,2023-10-16 05:00:00+00:00,27181.30415,27358.174661207144,0.04419585125269456,5.40652411135938,0.6507064938131135,TP1_HALF
XRPUSDT,SHORT,2023-10-16 01:00:00+00:00,2023-10-16 05:00:00+00:00,0.4859136,0.49101126359999997,2449.2595601635003,-14.878243868531131,-1.0490884799272848,STOP
SOLUSDT,LONG,2023-10-16 02:00:00+00:00,2023-10-16 05:00:00+00:00,22.162139999999997,22.53279893142857,14.348523308859743,4.677101944194248,1.6724870947867565,TP1_HALF
XRPUSDT,SHORT,2023-10-16 05:00:00+00:00,2023-10-16 06:00:00+00:00,0.4858137,0.49073966369999994,2541.2146538984307,-14.999562857159784,-1.013961463005253,STOP
BTCUSDT,LONG,2023-10-16 00:00:00+00:00,2023-10-16 09:00:00+00:00,27181.30415,27747.968184642858,0.04419585125269456,22.616553435806864,2.084756608865135,STOP
SOLUSDT,LONG,2023-10-16 02:00:00+00:00,2023-10-16 09:00:00+00:00,22.162139999999997,22.65410892857143,14.348523308859743,6.415980646474668,2.2198620195136076,STOP
SOLUSDT,LONG,2023-10-16 10:00:00+00:00,2023-10-16 12:00:00+00:00,22.882859999999997,23.277416425714282,13.529964444442037,4.713787512454879,1.7242443720508982,TP1_HALF
XRPUSDT,SHORT,2023-10-16 07:00:00+00:00,2023-10-16 13:00:00+00:00,0.491508,0.49643965799999995,2532.76079399504,-14.992945126493483,-1.0033728850801893,STOP
SOLUSDT,LONG,2023-10-16 10:00:00+00:00,2023-10-16 14:00:00+00:00,22.882859999999997,24.307810714285715,13.529964444442037,18.641044402494384,6.227153049425271,STOP
BTCUSDT,LONG,2023-10-16 13:00:00+00:00,2023-10-16 14:00:00+00:00,27915.877989999997,28153.14202379571,0.034000177810817676,6.160662687018738,0.8499250279024206,TP1_HALF
BTCUSDT,LONG,2023-10-16 13:00:00+00:00,2023-10-16 15:00:00+00:00,27915.877989999997,28106.410098214288,0.034000177810817676,4.573357801587709,0.6825223562108462,STOP
BTCUSDT,LONG,2023-10-16 15:00:00+00:00,2023-10-16 18:00:00+00:00,28222.02383,28458.98171795571,0.034221504453764325,6.169346134227782,0.8396204658569717,TP1_HALF
SOLUSDT,LONG,2023-10-16 15:00:00+00:00,2023-10-16 18:00:00+00:00,23.46344,23.887385845714284,12.676949023498292,4.774075869377209,1.8068358506437399,TP1_HALF
BTCUSDT,LONG,2023-10-16 15:00:00+00:00,2023-10-16 20:00:00+00:00,28222.02383,28514.521578214284,0.034221504453764325,8.068103051852813,1.0364166297080368,STOP
SOLUSDT,LONG,2023-10-16 15:00:00+00:00,2023-10-16 21:00:00+00:00,23.46344,23.698420714285717,12.676949023498292,2.380970032376947,1.0014759740503365,STOP
SOLUSDT,LONG,2023-10-17 09:00:00+00:00,2023-10-17 13:00:00+00:00,24.45443,23.62292628428571,14.121810617395408,-12.421277321409486,-3.400217121046323,STOP
XRPUSDT,SHORT,2023-10-17 10:00:00+00:00,2023-10-19 01:00:00+00:00,0.4899096,0.48196965959999993,677.3438425900862,4.7197733082412405,1.62069500169012,TP1_HALF
XRPUSDT,SHORT,2023-10-17 10:00:00+00:00,2023-10-19 14:00:00+00:00,0.4899096,0.48580674999999995,677.3438425900862,2.1181447227837937,0.8374708313533819,STOP
SOLUSDT,LONG,2023-10-17 16:00:00+00:00,2023-10-19 15:00:00+00:00,23.91389,24.782653967142856,6.366224355575253,5.220733202635073,3.6328843494005225,TP1_HALF
SOLUSDT,LONG,2023-10-17 16:00:00+00:00,2023-10-19 17:00:00+00:00,23.91389,24.85155214285714,6.366224355575253,5.65891582567777,3.920993794222283,STOP
XRPUSDT,SHORT,2023-10-19 17:00:00+00:00,2023-10-19 20:00:00+00:00,0.4854141,0.4936322390999999,1478.5302655901094,-13.598317029953877,-1.6930161484802086,STOP
BTCUSDT,LONG,2023-10-17 08:00:00+00:00,2023-10-20 03:00:00+00:00,28459.060629999996,29095.276229369996,0.013717384287538699,7.93771891017062,2.2355467302365373,TP1_HALF
SOLUSDT,LONG,2023-10-19 17:00:00+00:00,2023-10-20 04:00:00+00:00,25.014989999999997,25.714606795714282,7.873119065660766,5.108766177269004,2.796790227436774,TP1_HALF
SOLUSDT,LONG,2023-10-19 17:00:00+00:00,2023-10-20 10:00:00+00:00,25.014989999999997,26.747868214285717,7.873119065660766,13.23562136146109,6.9273592125590255,STOP
BTCUSDT,LONG,2023-10-17 08:00:00+00:00,2023-10-20 12:00:00+00:00,28459.060629999996,29512.66779,0.013717384287538699,13.657513825272348,3.7021853029447715,STOP
SOLUSDT,LONG,2023-10-20 14:00:00+00:00,2023-10-21 06:00:00+00:00,26.926899999999996,27.86436488571428,5.949870286241881,5.251793549017442,3.4815180570889392,TP1_HALF
SOLUSDT,LONG,2023-10-20 14:00:00+00:00,2023-10-21 13:00:00+00:00,26.926899999999996,28.975638214285716,5.949870286241881,11.857113774420176,7.608518671981246,STOP
ETHUSDT,SHORT,2023-10-20 13:00:00+00:00,2023-10-21 17:00:00+00:00,1605.12327,1632.92635077,0.7022829659513045,-21.799657117311096,-1.7321461404020466,STOP
ETHUSDT,SHORT,2023-10-21 17:00:00+00:00,2023-10-22 05:00:00+00:00,1619.4988799999999,1646.9473963799999,0.7115871725585972,-21.856373431896344,-1.6948771449597944,STOP
SOLUSDT,LONG,2023-10-21 15:00:00+00:00,2023-10-23 03:00:00+00:00,29.018989999999995,30.39213886714285,4.107475969298675,5.396146189928284,4.731897516567107,TP1_HALF
BTCUSDT,LONG,2023-10-22 06:00:00+00:00,2023-10-23 03:00:00+00:00,30144.624509999994,30702.748171204283,0.015516336198371191,7.715906076202408,1.851486526293078,TP1_HALF
SOLUSDT,LONG,2023-10-21 15:00:00+00:00,2023-10-23 07:00:00+00:00,29.018989999999995,29.926472142857143,4.107475969298675,3.485344025102413,3.127200990996415,STOP
BTCUSDT,LONG,2023-10-22 06:00:00+00:00,2023-10-23 09:00:00+00:00,30144.624509999994,30365.86659428571,0.015516336198371191,2.493965437502919,0.733935445811662,STOP
BTCUSDT,LONG,2023-10-23 09:00:00+00:00,2023-10-23 16:00:00+00:00,30717.466779999995,31222.864447148568,0.01709691157112081,7.581750857813401,1.645310372656228,TP1_HALF
BTCUSDT,LONG,2023-10-23 09:00:00+00:00,2023-10-23 18:00:00+00:00,30717.466779999995,30749.78764607143,0.01709691157112081,-0.4983132243167889,0.10521982917053307,STOP
XRPUSDT,SHORT,2023-10-21 17:00:00+00:00,2023-10-23 20:00:00+00:00,0.5215779,0.5390878779,676.1818922320347,-12.557132982089275,-3.357116530435822,STOP
ETHUSDT,SHORT,2023-10-23 18:00:00+00:00,2023-10-23 20:00:00+00:00,1685.27304,1720.2261905399998,0.5529925529579278,-21.212047664629836,-2.0740348721177915,STOP
SOLUSDT,LONG,2023-10-23 09:00:00+00:00,2023-10-23 22:00:00+00:00,30.320289999999996,32.06783292428571,3.2222364476163246,5.429967220822442,5.763608871437942,TP1_HALF
BTCUSDT,LONG,2023-10-23 20:00:00+00:00,2023-10-23 22:00:00+00:00,31385.774419999994,31997.467779865707,0.014170254384474128,7.769693848905988,1.9489509855010079,TP1_HALF
BTCUSDT,LONG,2023-10-23 20:00:00+00:00,2023-10-23 23:00:00+00:00,31385.774419999994,34064.08895571429,0.014170254384474128,37.0249570792433,8.533530190695515,STOP
BTCUSDT,LONG,2023-10-23 23:00:00+00:00,2023-10-24 01:00:00+00:00,33349.23591999999,33958.96581836571,0.014326298612488316,7.770895199775974,1.8283174457980778,TP1_HALF
BTCUSDT,LONG,2023-10-23 23:00:00+00:00,2023-10-24 03:00:00+00:00,33349.23591999999,34601.64086571429,0.014326298612488316,16.9688426842477,3.755423208851427,STOP
SOLUSDT,LONG,2023-10-23 09:00:00+00:00,2023-10-24 05:00:00+00:00,30.320289999999996,30.99932678571429,3.2222364476163246,1.9904307760400328,2.2395458147474567,STOP
BTCUSDT,LONG,2023-10-24 03:00:00+00:00,2023-10-24 15:00:00+00:00,34604.01944999999,33592.20076626428,0.01895668176919986,-20.473498840210592,-2.923991778462931,STOP
SOLUSDT,LONG,2023-10-24 13:00:00+00:00,2023-10-24 21:00:00+00:00,31.921889999999998,29.986873109999998,6.08636890579583,-12.154026202274734,-6.061724070849184,STOP
SOLUSDT,LONG,2023-10-24 22:00:00+00:00,2023-10-25 10:00:00+00:00,30.450419999999998,32.37658243714285,2.939122818035885,5.476571693798368,6.325569358789962,TP1_HALF
SOLUSDT,LONG,2023-10-24 22:00:00+00:00,2023-10-25 21:00:00+00:00,30.450419999999998,31.90948714285714,2.939122818035885,4.105094106603686,4.791615822892248,STOP
XRPUSDT,LONG,2023-10-27 09:00:00+00:00,2023-10-27 17:00:00+00:00,0.5508502999999999,0.5335269532714284,687.1595560268105,-12.649043438827256,-3.144837486440777,STOP
XRPUSDT,LONG,2023-10-27 19:00:00+00:00,2023-10-29 17:00:00+00:00,0.5438432999999999,0.5587125995571428,372.8567988975525,5.133023971410605,2.734114690232081,TP1_HALF
SOLUSDT,LONG,2023-10-26 11:00:00+00:00,2023-10-30 09:00:00+00:00,32.22219,34.27930495285713,2.758142992556389,5.490396559807124,6.384156237850802,TP1_HALF
XRPUSDT,LONG,2023-10-27 19:00:00+00:00,2023-10-31 07:00:00+00:00,0.5438432999999999,0.5683025571428572,372.8567988975525,8.705129177496385,4.497482481232606,STOP
XRPUSDT,LONG,2023-10-31 09:00:00+00:00,2023-10-31 10:00:00+00:00,0.5738732999999999,0.5867538159857142,428.93300547215057,5.027047156692275,2.2444877616216496,TP1_HALF
XRPUSDT,LONG,2023-10-31 09:00:00+00:00,2023-10-31 12:00:00+00:00,0.5738732999999999,0.6072243107142857,428.93300547215057,13.798737513292854,5.811563408558262,STOP
XRPUSDT,LONG,2023-10-31 12:00:00+00:00,2023-10-31 15:00:00+00:00,0.6047040999999999,0.5849185958999998,604.2021533742464,-12.673216777380649,-3.2719315281639405,STOP
SOLUSDT,LONG,2023-10-26 11:00:00+00:00,2023-11-01 19:00:00+00:00,32.22219,44.76376285714286,2.758142992556389,34.379113025165786,38.92216158226012,STOP
XRPUSDT,LONG,2023-10-31 16:00:00+00:00,2023-11-02 10:00:00+00:00,0.5956950999999999,0.6170524298999999,263.2309056391831,5.30267666100453,3.5852787608962933,TP1_HALF
XRPUSDT,LONG,2023-10-31 16:00:00+00:00,2023-11-02 14:00:00+00:00,0.5956950999999999,0.603620775,263.2309056391831,1.7705856041281534,1.3304918909019081,STOP
SOLUSDT,LONG,2023-11-01 21:00:00+00:00,2023-11-02 16:00:00+00:00,42.172129999999996,39.54932679857143,4.511799950108392,-12.202274218056122,-6.219280841229901,STOP
XRPUSDT,LONG,2023-11-02 19:00:00+00:00,2023-11-05 10:00:00+00:00,0.6085078999999999,0.637066624242857,199.37581624136712,5.445581519271382,4.693238040600156,TP1_HALF
XRPUSDT,LONG,2023-11-02 19:00:00+00:00,2023-11-07 00:00:00+00:00,0.6085078999999999,0.7025003678571429,199.37581624136712,18.47844165605515,15.446384156580883,STOP
SOLUSDT,LONG,2023-11-02 18:00:00+00:00,2023-11-07 18:00:00+00:00,40.250209999999996,43.75177157571428,1.6418830439943348,5.611233149456278,8.699486476503559,TP1_HALF
BTCUSDT,LONG,2023-10-25 13:00:00+00:00,2023-11-08 23:00:00+00:00,34371.34701,35956.872359061425,0.005686845959850966,8.616692675368808,4.6129275893671995,TP1_HALF
BTCUSDT,LONG,2023-10-25 13:00:00+00:00,2023-11-09 16:00:00+00:00,34371.34701,36314.37106392857,0.005686845959850966,10.647699700729069,5.653034352605579,STOP
SOLUSDT,LONG,2023-11-02 18:00:00+00:00,2023-11-09 16:00:00+00:00,40.250209999999996,45.28930821428572,1.6418830439943348,8.133164030510379,12.519433350250164,STOP
XRPUSDT,LONG,2023-11-07 18:00:00+00:00,2023-11-09 16:00:00+00:00,0.6735729,0.6332532985285714,295.21861725825204,-12.288896418125415,-5.985929878032303,STOP
ETHUSDT,LONG,2023-11-09 16:00:00+00:00,2023-11-09 21:00:00+00:00,2037.0550199999998,2083.406670694286,0.1941276079139763,8.198239700630285,2.275424582998542,TP1_HALF
ETHUSDT,LONG,2023-11-09 16:00:00+00:00,2023-11-10 08:00:00+00:00,2037.0550199999998,2086.4643042857138,0.1941276079139763,8.791217224516629,2.425525270579776,STOP
SOLUSDT,LONG,2023-11-10 11:00:00+00:00,2023-11-10 16:00:00+00:00,49.369319999999995,52.359764965714284,1.9383438713692718,5.599324723576088,6.057294217773901,TP1_HALF
SOLUSDT,LONG,2023-11-10 11:00:00+00:00,2023-11-11 01:00:00+00:00,49.369319999999995,54.60248571428571,1.9383438713692718,9.942141577744037,10.600036043206028,STOP
SOLUSDT,LONG,2023-11-11 14:00:00+00:00,2023-11-12 00:00:00+00:00,59.73967999999999,54.83229281999999,2.438961494976202,-12.24836500307129,-8.214619127521273,STOP
SOLUSDT,LONG,2023-11-12 08:00:00+00:00,2023-11-13 14:00:00+00:00,61.14107999999999,54.98639570571427,1.935267362094978,-12.135697352305455,-10.066365027058266,STOP
XRPUSDT,LONG,2023-11-09 18:00:00+00:00,2023-11-13 20:00:00+00:00,0.663663,0.6946283905714286,185.62015436918443,5.495674320374453,4.665830484964295,TP1_HALF
XRPUSDT,LONG,2023-11-09 18:00:00+00:00,2023-11-13 21:00:00+00:00,0.663663,0.6904481464285714,185.62015436918443,4.720512694839535,4.035955963880977,STOP
XRPUSDT,LONG,2023-11-13 21:00:00+00:00,2023-11-13 22:00:00+00:00,0.7121114,0.6924004493142857,620.4506047861147,-13.101101500197013,-2.7679588735293748,STOP
BTCUSDT,LONG,2023-11-10 12:00:00+00:00,2023-11-14 15:00:00+00:00,37108.161089999994,36088.05726569571,0.01918122119578253,-20.97082995161958,-2.749001282575514,STOP
BTCUSDT,LONG,2023-11-14 15:00:00+00:00,2023-11-14 16:00:00+00:00,36631.40480999999,36080.49890876142,0.03640933939373,-22.705512312664382,-1.503916937109051,STOP
XRPUSDT,LONG,2023-11-14 00:00:00+00:00,2023-11-14 18:00:00+00:00,0.6708702,0.6411284298,404.360419665674,-12.55691499621876,-4.433312166794712,STOP
BTCUSDT,LONG,2023-11-14 17:00:00+00:00,2023-11-14 18:00:00+00:00,36305.1689,35696.127397885706,0.03253445324523241,-22.157355082943198,-1.677561406729311,STOP
SOLUSDT,LONG,2023-11-14 01:00:00+00:00,2023-11-15 05:00:00+00:00,52.85279999999999,58.51458398571427,1.0285099267765236,5.708658572623047,10.71236336715231,TP1_HALF
BTCUSDT,LONG,2023-11-14 20:00:00+00:00,2023-11-15 11:00:00+00:00,35329.283989999996,36028.48194350999,0.0125896932661873,7.904315381773462,1.9790889441968496,TP1_HALF
BTCUSDT,LONG,2023-11-14 20:00:00+00:00,2023-11-16 08:00:00+00:00,35329.283989999996,37207.492762500005,0.0125896932661873,22.732856565805402,5.316294474101535,STOP
SOLUSDT,LONG,2023-11-14 01:00:00+00:00,2023-11-16 13:00:00+00:00,52.85279999999999,62.41716321428572,1.0285099267765236,9.71848620776404,18.096228041439133,STOP
ETHUSDT,LONG,2023-11-16 12:00:00+00:00,2023-11-16 14:00:00+00:00,2070.67861,2013.9661992471426,0.34113455850182295,-20.739976707389296,-2.7388321142148286,STOP
SOLUSDT,LONG,2023-11-16 13:00:00+00:00,2023-11-16 19:00:00+00:00,64.30424,59.06368861714285,2.2553765457024255,-12.097657808139404,-8.149620278316238,STOP
BTCUSDT,LONG,2023-11-16 17:00:00+00:00,2023-11-16 19:00:00+00:00,36600.65408999999,35527.887781624275,0.017947073633811244,-20.547512180360282,-2.9310031064958886,STOP
SOLUSDT,LONG,2023-11-16 20:00:00+00:00,2023-11-16 23:00:00+00:00,62.402339999999995,56.87790516,2.1129601475066657,-11.924945058825264,-8.852928976701834,STOP
XRPUSDT,LONG,2023-11-14 20:00:00+00:00,2023-11-17 15:00:00+00:00,0.6233227,0.5875167380142858,328.55240551622626,-12.161959152282455,-5.744369968511364,STOP
XRPUSDT,LONG,2023-11-17 17:00:00+00:00,2023-11-17 22:00:00+00:00,0.5942936999999999,0.6149566991571428,270.04614441676506,5.253409846546477,3.4769002527105464,TP1_HALF
XRPUSDT,LONG,2023-11-17 17:00:00+00:00,2023-11-18 06:00:00+00:00,0.5942936999999999,0.5941267071428571,270.04614441676506,-0.3660241261116926,-0.02809938202993356,STOP
SOLUSDT,LONG,2023-11-17 17:00:00+00:00,2023-11-19 07:00:00+00:00,55.195139999999995,60.70152057428571,1.0321625150340585,5.563855433627023,9.976205467158362,TP1_HALF
XRPUSDT,LONG,2023-11-18 08:00:00+00:00,2023-11-19 12:00:00+00:00,0.6012006,0.6237619279714285,248.09696756581096,5.293487565397662,3.752712151556148,TP1_HALF
BTCUSDT,LONG,2023-11-16 21:00:00+00:00,2023-11-19 23:00:00+00:00,35990.96501,37059.07205606143,0.00836234238711228,8.321007403915122,2.9677088284925324,TP1_HALF
SOLUSDT,LONG,2023-11-17 17:00:00+00:00,2023-11-20 21:00:00+00:00,55.195139999999995,56.47632428571429,1.0321625150340585,1.2071272951303031,2.3211903905204334,STOP
BTCUSDT,LONG,2023-11-16 21:00:00+00:00,2023-11-21 14:00:00+00:00,35990.96501,36608.15198892857,0.00836234238711228,4.554030161321092,1.7148386511922853,STOP
XRPUSDT,LONG,2023-11-18 08:00:00+00:00,2023-11-21 14:00:00+00:00,0.6012006,0.6048088714285715,248.09696756581096,0.5959939068658864,0.6001776160189376,STOP
SOLUSDT,LONG,2023-11-21 10:00:00+00:00,2023-11-21 15:00:00+00:00,56.66660999999999,53.60223981857142,3.8381504878566237,-12.184742346549902,-5.407717492591447,STOP
SOLUSDT,LONG,2023-11-21 17:00:00+00:00,2023-11-21 18:00:00+00:00,55.57552,52.45444162285714,3.7600518604146624,-12.141614816656528,-5.615922940789142,STOP
XRPUSDT,LONG,2023-11-21 17:00:00+00:00,2023-11-21 18:00:00+00:00,0.6049042999999998,0.5874733814142855,685.0374381824168,-12.757655165345952,-2.8815993845165755,STOP
BTCUSDT,LONG,2023-11-21 16:00:00+00:00,2023-11-21 22:00:00+00:00,37012.01504,36275.83075424571,0.026377361240212435,-21.35173882774041,-1.989041355783172,STOP
SOLUSDT,LONG,2023-11-21 20:00:00+00:00,2023-11-21 22:00:00+00:00,54.86481,51.58174804714285,3.551289864589829,-12.037127220715366,-5.983912006360992,STOP
BTCUSDT,LONG,2023-11-22 01:00:00+00:00,2023-11-22 18:00:00+00:00,36144.27817,37004.11487111571,0.010161711343866588,7.994099504248815,2.3789012940625742,TP1_HALF
SOLUSDT,LONG,2023-11-22 01:00:00+00:00,2023-11-22 19:00:00+00:00,53.23318,56.76136182,1.5888796888060168,5.431088338835324,6.627787068140578,TP1_HALF
XRPUSDT,LONG,2023-11-22 07:00:00+00:00,2023-11-22 21:00:00+00:00,0.5940934999999999,0.614574738642857,270.0046439179753,5.203683509373978,3.4474773150787064,TP1_HALF
BTCUSDT,LONG,2023-11-22 01:00:00+00:00,2023-11-23 15:00:00+00:00,36144.27817,36927.257920714284,0.010161711343866588,7.213882357644431,2.1662619655361315,STOP
BTCUSDT,LONG,2023-11-24 02:00:00+00:00,2023-11-24 15:00:00+00:00,37433.36597,38256.72452188714,0.010637104871759144,7.953027833168113,2.1995311683886465,TP1_HALF
BTCUSDT,LONG,2023-11-24 02:00:00+00:00,2023-11-24 16:00:00+00:00,37433.36597,37514.79408214286,0.010637104871759144,0.06892792995290731,0.21752815979230178,STOP
SOLUSDT,LONG,2023-11-22 01:00:00+00:00,2023-11-25 00:00:00+00:00,53.23318,55.988955000000004,1.5888796888060168,4.205054092549883,5.1767995073749296,STOP
BTCUSDT,LONG,2023-11-24 16:00:00+00:00,2023-11-26 12:00:00+00:00,38259.33111,37510.151268175716,0.025804183821924318,-21.287144005492493,-1.9581624144716647,STOP
XRPUSDT,LONG,2023-11-22 07:00:00+00:00,2023-11-26 16:00:00+00:00,0.5940934999999999,0.6157871678571428,270.0046439179753,5.53071766613468,3.651557853627896,STOP
SOLUSDT,LONG,2023-11-25 02:00:00+00:00,2023-11-26 16:00:00+00:00,58.83877999999999,56.35558229142856,4.733603675854308,-12.299758257947122,-4.220341938720407,STOP
ETHUSDT,LONG,2023-11-26 13:00:00+00:00,2023-11-26 16:00:00+00:00,2091.0789899999995,2054.4999335099997,0.529937237112716,-21.581500773458085,-1.7492909959369807,STOP
BTCUSDT,LONG,2023-11-26 16:00:00+00:00,2023-11-27 10:00:00+00:00,37474.54711,36978.48018574715,0.03960635992211894,-22.59621854378371,-1.3237436140234982,STOP
SOLUSDT,LONG,2023-11-26 16:00:00+00:00,2023-11-27 10:00:00+00:00,57.15709999999999,55.07910861428571,5.6174740783606465,-12.30354673685094,-3.6355787569948173,STOP
BTCUSDT,LONG,2023-11-27 10:00:00+00:00,2023-11-27 11:00:00+00:00,37408.46108999999,37027.218592838566,0.05241981128608904,-23.886564037365332,-1.0191344044979678,STOP
XRPUSDT,LONG,2023-11-27 08:00:00+00:00,2023-11-27 19:00:00+00:00,0.6080074,0.5953899854571427,945.257670226813,-13.064228484001411,-2.0752073976167518,STOP
ETHUSDT,LONG,2023-11-27 14:00:00+00:00,2023-11-27 19:00:00+00:00,2025.6035799999997,1991.936078562857,0.5665989017361686,-21.352302896709226,-1.6620972518790134,STOP
SOLUSDT,LONG,2023-11-27 14:00:00+00:00,2023-11-28 16:00:00+00:00,54.85479999999999,56.64738162857142,3.032625422422624,5.098084267911066,3.267866492214777,TP1_HALF
ETHUSDT,LONG,2023-11-28 12:00:00+00:00,2023-11-28 17:00:00+00:00,2030.0980699999998,2071.4474062157137,0.2050595680677967,7.638015880521186,2.036814714853352,TP1_HALF
XRPUSDT,LONG,2023-11-28 07:00:00+00:00,2023-11-29 07:00:00+00:00,0.5999994,0.6138706291714284,384.183347570807,4.862746606678267,2.3118738404452444,TP1_HALF
SOLUSDT,LONG,2023-11-27 14:00:00+00:00,2023-11-29 14:00:00+00:00,54.85479999999999,59.870783571428575,3.032625422422624,14.863679575827568,9.144110581806132,STOP
ETHUSDT,LONG,2023-11-28 12:00:00+00:00,2023-11-29 15:00:00+00:00,2030.0980699999998,2030.2448657142857,0.2050595680677967,-0.8025103028390365,0.007230966644189429,STOP
XRPUSDT,LONG,2023-11-28 07:00:00+00:00,2023-11-30 08:00:00+00:00,0.5999994,0.6019117714285714,384.183347570807,0.27294699990517896,0.3187288901574714,STOP
BTCUSDT,LONG,2023-11-29 16:00:00+00:00,2023-12-01 09:00:00+00:00,37868.580749999994,38547.81506282142,0.012492802427641768,7.5308851370310625,1.7936619206977422,TP1_HALF
XRPUSDT,LONG,2023-11-30 12:00:00+00:00,2023-12-02 14:00:00+00:00,0.6062056,0.6157356765428571,552.4196391436074,4.589577085773587,1.5720865235915094,TP1_HALF
SOLUSDT,LONG,2023-11-30 07:00:00+00:00,2023-12-02 19:00:00+00:00,60.32025999999999,62.677876525714275,2.3156686784078797,5.174635812038241,3.9084986134248823,TP1_HALF
SOLUSDT,LONG,2023-11-30 07:00:00+00:00,2023-12-03 11:00:00+00:00,60.32025999999999,63.046533214285716,2.3156686784078797,6.027468872101886,4.519664229374554,STOP
XRPUSDT,LONG,2023-11-30 12:00:00+00:00,2023-12-03 12:00:00+00:00,0.6062056,0.6234295178571428,552.4196391436074,8.835555899197029,2.841266701782841,STOP
XRPUSDT,LONG,2023-12-03 12:00:00+00:00,2023-12-03 14:00:00+00:00,0.6289282999999999,0.6200897324142856,1373.906595210023,-13.85940041049268,-1.4053378716960774,STOP
XRPUSDT,LONG,2023-12-03 14:00:00+00:00,2023-12-03 17:00:00+00:00,0.6258251999999999,0.6169897355142856,1369.6903499743232,-13.804122067601547,-1.4118102763701845,STOP
XRPUSDT,LONG,2023-12-03 23:00:00+00:00,2023-12-04 07:00:00+00:00,0.6261254999999999,0.6342763030714285,638.6167906186191,4.4003259440727005,1.3017842383721057,TP1_HALF
XRPUSDT,LONG,2023-12-03 23:00:00+00:00,2023-12-04 09:00:00+00:00,0.6261254999999999,0.6344791714285715,638.6167906186191,4.529751528090281,1.3341848285322255,STOP
BTCUSDT,LONG,2023-11-29 16:00:00+00:00,2023-12-04 11:00:00+00:00,37868.580749999994,41342.79510642857,0.012492802427641768,42.41310147754281,9.174398109516101,STOP
SOLUSDT,LONG,2023-12-03 23:00:00+00:00,2023-12-04 11:00:00+00:00,63.80374,61.72766483142857,5.570912428800725,-12.26495742309935,-3.2538455717038395,STOP
XRPUSDT,LONG,2023-12-04 09:00:00+00:00,2023-12-04 11:00:00+00:00,0.6389383,0.6284520759857142,1140.66871886743,-13.406980268612777,-1.6411950910261264,STOP
XRPUSDT,LONG,2023-12-04 11:00:00+00:00,2023-12-04 12:00:00+00:00,0.6389383,0.6284520759857142,1144.914666204416,-13.456885496333113,-1.6411950910261264,STOP
BTCUSDT,LONG,2023-12-04 11:00:00+00:00,2023-12-04 15:00:00+00:00,42020.15818,41324.80165503428,0.027610406913812682,-21.500264859738905,-1.654816533500536,STOP
ETHUSDT,LONG,2023-12-05 09:00:00+00:00,2023-12-05 17:00:00+00:00,2203.7215199999996,2252.9484591942855,0.17401287400485244,7.790603216089067,2.2338094331576963,TP1_HALF
ETHUSDT,LONG,2023-12-05 09:00:00+00:00,2023-12-05 20:00:00+00:00,2203.7215199999996,2255.979619285714,0.17401287400485244,8.317536634288242,2.3713567622516196,STOP
SOLUSDT,LONG,2023-12-04 15:00:00+00:00,2023-12-06 00:00:00+00:00,61.081019999999995,63.46035326571428,2.292028123885198,5.168046431000457,3.8953725162321984,TP1_HALF
XRPUSDT,LONG,2023-12-04 13:00:00+00:00,2023-12-06 08:00:00+00:00,0.6237230999999999,0.6393045840428571,346.82349833517844,4.965977125123571,2.4981412493552346,TP1_HALF
SOLUSDT,LONG,2023-12-04 15:00:00+00:00,2023-12-06 10:00:00+00:00,61.081019999999995,64.17290571428572,2.292028123885198,6.799603492617582,5.061941850816698,STOP
XRPUSDT,LONG,2023-12-04 13:00:00+00:00,2023-12-06 11:00:00+00:00,0.6237230999999999,0.6246532928571428,346.82349833517844,-0.11035352696906692,0.1491355470308653,STOP
XRPUSDT,LONG,2023-12-06 22:00:00+00:00,2023-12-07 06:00:00+00:00,0.6365358999999999,0.653228446242857,325.15405217577324,5.008276948463763,2.6224045246870054,TP1_HALF
XRPUSDT,LONG,2023-12-06 22:00:00+00:00,2023-12-07 09:00:00+00:00,0.6365358999999999,0.6364165178571428,325.15405217577324,-0.45272322440061646,-0.018754974048929007,STOP
SOLUSDT,LONG,2023-12-07 10:00:00+00:00,2023-12-07 17:00:00+00:00,63.27320999999999,66.45847071857142,1.7362632347294327,5.305202731072112,5.034138016028322,TP1_HALF
XRPUSDT,LONG,2023-12-08 09:00:00+00:00,2023-12-08 16:00:00+00:00,0.6435428999999999,0.6643600178142857,263.1295920493802,5.133451756912226,3.2347676921438806,TP1_HALF
XRPUSDT,LONG,2023-12-08 09:00:00+00:00,2023-12-09 08:00:00+00:00,0.6435428999999999,0.6778393392857142,263.1295920493802,8.67671330843178,5.329316706891518,STOP
SOLUSDT,LONG,2023-12-07 10:00:00+00:00,2023-12-09 16:00:00+00:00,63.27320999999999,74.45368607142856,1.7362632347294327,19.17311940351137,17.670157830507694,STOP
BTCUSDT,LONG,2023-12-05 20:00:00+00:00,2023-12-11 02:00:00+00:00,43858.17436,42677.06493242572,0.015795596832092584,-20.023204084178793,-2.693020046569672,STOP
SOLUSDT,LONG,2023-12-10 11:00:00+00:00,2023-12-11 02:00:00+00:00,71.86179,67.57807285285715,2.7010057530556977,-11.946972530667049,-5.961049880809888,STOP
XRPUSDT,LONG,2023-12-10 11:00:00+00:00,2023-12-11 02:00:00+00:00,0.654654,0.6305906352857142,485.98343110535626,-12.319004145454038,-3.675737827048442,STOP
BTCUSDT,LONG,2023-12-11 04:00:00+00:00,2023-12-11 16:00:00+00:00,42351.889579999995,41456.72207399143,0.02113588560943252,-20.691527237282227,-2.1136424251334884,STOP
ETHUSDT,LONG,2023-12-11 17:00:00+00:00,2023-12-11 18:00:00+00:00,2222.5002799999997,2158.2259650771425,0.28915076980745724,-19.85165800487089,-2.8919823093501384,STOP
SOLUSDT,LONG,2023-12-11 04:00:00+00:00,2023-12-12 17:00:00+00:00,70.95087999999998,66.12112126285713,2.3673225858074987,-11.758090586910775,-6.807186517126851,STOP
BTCUSDT,LONG,2023-12-12 08:00:00+00:00,2023-12-12 17:00:00+00:00,41958.18626999999,40742.5258180157,0.015219364627939382,-19.760231974772214,-2.8973141121056534,STOP
XRPUSDT,LONG,2023-12-11 04:00:00+00:00,2023-12-13 06:00:00+00:00,0.6281274999999998,0.5985783224999998,389.5305779607742,-11.988147617866808,-4.704327942973374,STOP
BTCUSDT,LONG,2023-12-12 19:00:00+00:00,2023-12-13 19:00:00+00:00,41346.74544,42595.12553384571,0.006876283794873611,8.00700768206525,3.019294700370767,TP1_HALF
XRPUSDT,LONG,2023-12-13 08:00:00+00:00,2023-12-13 22:00:00+00:00,0.6055048999999999,0.628597102242857,233.26559064700754,5.098742663048386,3.813710218176136,TP1_HALF
SOLUSDT,LONG,2023-12-12 19:00:00+00:00,2023-12-14 11:00:00+00:00,68.29822999999999,72.91702569857142,1.1825728132326077,5.295064900803464,6.762687259349809,TP1_HALF
BTCUSDT,LONG,2023-12-12 19:00:00+00:00,2023-12-14 13:00:00+00:00,41346.74544,42141.99796071428,0.006876283794873611,4.894289727719319,1.923373925206051,STOP
SOLUSDT,LONG,2023-12-12 19:00:00+00:00,2023-12-14 13:00:00+00:00,68.29822999999999,69.10903607142858,1.1825728132326077,0.796343119678692,1.187155320758082,STOP
XRPUSDT,LONG,2023-12-13 08:00:00+00:00,2023-12-14 13:00:00+00:00,0.6055048999999999,0.6104674928571429,233.26559064700754,0.8739576355317957,0.8195793059879275,STOP
SOLUSDT,LONG,2023-12-14 17:00:00+00:00,2023-12-15 09:00:00+00:00,73.55348,77.74958116285714,1.3019870853869144,5.266274891403473,5.704830230815938,TP1_HALF
SOLUSDT,LONG,2023-12-14 17:00:00+00:00,2023-12-15 15:00:00+00:00,73.55348,75.15084535714286,1.3019870853869144,1.88613795448829,2.171706025524367,STOP
XRPUSDT,LONG,2023-12-14 18:00:00+00:00,2023-12-15 23:00:00+00:00,0.6316309999999999,0.6119791225714285,584.5387150937988,-12.214221444403522,-3.1112908373039705,STOP
BTCUSDT,LONG,2023-12-14 15:00:00+00:00,2023-12-16 00:00:00+00:00,42697.9553,41612.755176128565,0.017063669687494145,-19.956146573252532,-2.54157398462459,STOP
ETHUSDT,LONG,2023-12-16 01:00:00+00:00,2023-12-18 02:00:00+00:00,2230.4281999999994,2166.529145014285,0.2868385729683627,-19.589930716375925,-2.864878366661361,STOP
XRPUSDT,LONG,2023-12-16 01:00:00+00:00,2023-12-18 08:00:00+00:00,0.6169162999999999,0.5986598979857142,626.752289956475,-12.20410693452369,-2.959299667440407,STOP
SOLUSDT,LONG,2023-12-16 01:00:00+00:00,2023-12-18 09:00:00+00:00,72.99292,68.03374672285715,2.2626238200400213,-11.539833879957333,-6.794046980368584,STOP
ETHUSDT,LONG,2023-12-18 07:00:00+00:00,2023-12-18 10:00:00+00:00,2182.3701899999996,2134.740455524285,0.3874957286912651,-20.129180603466708,-2.182477321856857,STOP
XRPUSDT,LONG,2023-12-18 12:00:00+00:00,2023-12-18 19:00:00+00:00,0.5899894,0.6022115856,425.263044423668,4.690644837065959,2.0715940998262017,TP1_HALF
SOLUSDT,LONG,2023-12-18 09:00:00+00:00,2023-12-18 20:00:00+00:00,69.77970999999998,73.11152528999997,1.6091512541814577,5.131461142126007,4.774762305546987,TP1_HALF
BTCUSDT,LONG,2023-12-18 12:00:00+00:00,2023-12-18 20:00:00+00:00,41146.225119999996,41800.34329166571,0.012538641866611928,7.161716177581089,1.5897404190980513,TP1_HALF
SOLUSDT,LONG,2023-12-18 09:00:00+00:00,2023-12-19 14:00:00+00:00,69.77970999999998,72.892035,1.6091512541814577,4.778621259767342,4.460214867617007,STOP
BTCUSDT,LONG,2023-12-18 12:00:00+00:00,2023-12-19 14:00:00+00:00,41146.225119999996,42758.23860321428,0.012538641866611928,19.16041172853806,3.917767616623302,STOP
XRPUSDT,LONG,2023-12-18 12:00:00+00:00,2023-12-19 14:00:00+00:00,0.5899894,0.603271125,425.263044423668,5.140777205045867,2.251180275442244,STOP
SOLUSDT,LONG,2023-12-19 16:00:00+00:00,2023-12-20 09:00:00+00:00,73.74367,77.44507597285713,1.4585028483583165,5.1780019377014765,5.019286364317277,TP1_HALF
BTCUSDT,LONG,2023-12-19 16:00:00+00:00,2023-12-20 13:00:00+00:00,42529.34686,43478.76671385428,0.008881207228146254,7.668138588644889,2.232387572232475,TP1_HALF
BTCUSDT,LONG,2023-12-19 16:00:00+00:00,2023-12-20 20:00:00+00:00,42529.34686,43246.76779928571,0.008881207228146254,5.609768582093421,1.6868844509824177,STOP
SOLUSDT,LONG,2023-12-19 16:00:00+00:00,2023-12-20 20:00:00+00:00,73.74367,80.28071035714287,1.4585028483583165,9.309646983258625,8.864544383460803,STOP
SOLUSDT,LONG,2023-12-20 23:00:00+00:00,2023-12-21 06:00:00+00:00,81.71162999999999,85.92847265571426,1.288977264674659,5.219330030955067,5.16063950225234,TP1_HALF
SOLUSDT,LONG,2023-12-20 23:00:00+00:00,2023-12-21 18:00:00+00:00,81.71162999999999,90.95609571428571,1.288977264674659,11.693341356989885,11.313525032220895,STOP
XRPUSDT,LONG,2023-12-19 14:00:00+00:00,2023-12-22 01:00:00+00:00,0.6109102999999999,0.6259587146999999,351.6158268051795,4.856358055594254,2.463277292918442,TP1_HALF
SOLUSDT,LONG,2023-12-21 18:00:00+00:00,2023-12-22 01:00:00+00:00,92.59249999999999,97.22874535714284,1.1761575701416997,5.229695379137348,5.007149992864268,TP1_HALF
SOLUSDT,LONG,2023-12-21 18:00:00+00:00,2023-12-22 06:00:00+00:00,92.59249999999999,94.67166214285714,1.1761575701416997,2.22517013195292,2.2454973597830996,STOP
XRPUSDT,LONG,2023-12-19 14:00:00+00:00,2023-12-22 14:00:00+00:00,0.6109102999999999,0.615408975,351.6158268051795,1.1506120638465793,0.736388795540055,STOP
SOLUSDT,LONG,2023-12-22 19:00:00+00:00,2023-12-23 22:00:00+00:00,97.16706999999998,104.12141578714284,0.7911307862459492,5.342551532385493,7.157101461578352,TP1_HALF
SOLUSDT,LONG,2023-12-22 19:00:00+00:00,2023-12-24 05:00:00+00:00,97.16706999999998,110.93038714285714,0.7911307862459492,10.723951607695726,14.16459006416182,STOP
XRPUSDT,LONG,2023-12-23 12:00:00+00:00,2023-12-24 20:00:00+00:00,0.6159152999999999,0.6270626096999999,474.2465532109482,4.697095213407393,1.8098770561471689,TP1_HALF
XRPUSDT,LONG,2023-12-23 12:00:00+00:00,2023-12-24 21:00:00+00:00,0.6159152999999999,0.617107275,474.2465532109482,-0.019466670961412302,0.19352904530867132,STOP
BTCUSDT,LONG,2023-12-21 11:00:00+00:00,2023-12-24 22:00:00+00:00,44026.32233999999,43057.32227444571,0.01919105332215797,-20.26735879451049,-2.200956187235059,STOP
XRPUSDT,LONG,2023-12-25 09:00:00+00:00,2023-12-25 10:00:00+00:00,0.6257250999999999,0.6366378248999999,483.536721226749,4.666304388091122,1.7440126502836328,TP1_HALF
BTCUSDT,LONG,2023-12-25 00:00:00+00:00,2023-12-25 12:00:00+00:00,43034.4915,43569.54512742857,0.015441975984918928,6.924947811598053,1.2433134650343902,TP1_HALF
XRPUSDT,LONG,2023-12-25 09:00:00+00:00,2023-12-25 13:00:00+00:00,0.6257250999999999,0.6366127500000001,483.536721226749,4.654191877795057,1.7400053154332795,STOP
SOLUSDT,LONG,2023-12-25 13:00:00+00:00,2023-12-25 15:00:00+00:00,114.18406999999998,122.36515378714283,0.6750295319889972,5.362795448172418,7.164820615645295,TP1_HALF
SOLUSDT,LONG,2023-12-25 13:00:00+00:00,2023-12-25 20:00:00+00:00,114.18406999999998,117.93837214285713,0.6750295319889972,2.3775753149543193,3.2879386265151966,STOP
BTCUSDT,LONG,2023-12-25 00:00:00+00:00,2023-12-26 05:00:00+00:00,43034.4915,43180.429561071425,0.015441975984918928,0.9222432937838896,0.3391188230292608,STOP
SOLUSDT,LONG,2023-12-26 08:00:00+00:00,2023-12-26 17:00:00+00:00,113.51339999999999,103.11910624285713,1.0914284759981518,-11.58106708057584,-9.156886990560464,STOP
XRPUSDT,LONG,2023-12-26 08:00:00+00:00,2023-12-26 17:00:00+00:00,0.6222215999999999,0.6026219462571428,591.2673723610966,-12.31284579287536,-3.149947501478112,STOP
BTCUSDT,LONG,2023-12-26 11:00:00+00:00,2023-12-26 17:00:00+00:00,42687.52487999999,41972.6755469057,0.026709607835834516,-21.35458610136206,-1.6746094675290202,STOP
BTCUSDT,LONG,2023-12-26 19:00:00+00:00,2023-12-27 10:00:00+00:00,42205.69353,42876.24722075571,0.01246729660075689,7.299249958675962,1.5887754344779959,TP1_HALF
XRPUSDT,LONG,2023-12-26 17:00:00+00:00,2023-12-28 01:00:00+00:00,0.6248241999999999,0.6437012829428571,284.7856937711585,5.014665252531006,3.0211830692308705,TP1_HALF
XRPUSDT,LONG,2023-12-26 17:00:00+00:00,2023-12-28 06:00:00+00:00,0.6248241999999999,0.6382396928571429,284.7856937711585,3.460837913598852,2.147082788589638,STOP
BTCUSDT,LONG,2023-12-26 19:00:00+00:00,2023-12-28 06:00:00+00:00,42205.69353,43031.02304571428,0.01246729660075689,9.226956438944962,1.9554933154400933,STOP
SOLUSDT,LONG,2023-12-26 17:00:00+00:00,2023-12-28 07:00:00+00:00,112.06195,102.43334269285714,1.1672017412013294,-11.488886493351579,-8.592218239235406,STOP
BTCUSDT,LONG,2023-12-28 08:00:00+00:00,2023-12-29 01:00:00+00:00,43092.21917,42193.96618190142,0.02084562714569985,-20.502490892938443,-2.084489973827852,STOP
XRPUSDT,LONG,2023-12-28 10:00:00+00:00,2023-12-29 16:00:00+00:00,0.6414407999999999,0.6197775449142856,529.9959573074653,-12.14987824163556,-3.3772805044073206,STOP
BTCUSDT,LONG,2023-12-29 12:00:00+00:00,2023-12-29 16:00:00+00:00,42904.87201,42038.646282990005,0.02155227148364524,-20.499857801663875,-2.0189449039915597,STOP
ETHUSDT,LONG,2023-12-29 18:00:00+00:00,2024-01-02 00:00:00+00:00,2300.95866,2376.87940134,0.11259002450648466,8.021240226057492,3.299526526043728,TP1_HALF
SOLUSDT,LONG,2023-12-28 08:00:00+00:00,2024-01-02 09:00:00+00:00,105.95584999999998,115.1652123642857,0.5980191084406887,5.375140049824825,8.69169787631896,TP1_HALF
XRPUSDT,LONG,2023-12-29 23:00:00+00:00,2024-01-02 09:00:00+00:00,0.6200193999999999,0.6394899841714283,273.9770575031284,4.989416684182086,3.140318540263176,TP1_HALF
ETHUSDT,LONG,2023-12-29 18:00:00+00:00,2024-01-02 15:00:00+00:00,2300.95866,2350.647,0.11259002450648466,5.070687023032656,2.159462525936906,STOP
SOLUSDT,LONG,2023-12-28 08:00:00+00:00,2024-01-02 17:00:00+00:00,105.95584999999998,107.5177317857143,0.5980191084406887,0.8063738719274951,1.4740873540388,STOP
XRPUSDT,LONG,2023-12-29 23:00:00+00:00,2024-01-03 11:00:00+00:00,0.6200193999999999,0.6197688964285715,273.9770575031284,-0.4083057807762989,-0.0404025376348538,STOP
BTCUSDT,LONG,2024-01-02 17:00:00+00:00,2024-01-03 11:00:00+00:00,45403.19783999999,44458.70427537428,0.01969871024553823,-20.375468630221164,-2.0802357753612277,STOP
SOLUSDT,LONG,2024-01-02 17:00:00+00:00,2024-01-03 11:00:00+00:00,110.25013999999999,104.84269235999997,2.089656915268223,-11.749180579442568,-4.904708184497553,STOP
XRPUSDT,LONG,2024-01-03 14:00:00+00:00,2024-01-03 20:00:00+00:00,0.5689683999999999,0.5814791958857142,420.0409920356563,4.771811965530147,2.198856014800521,TP1_HALF
XRPUSDT,LONG,2024-01-03 14:00:00+00:00,2024-01-04 01:00:00+00:00,0.5689683999999999,0.5763302357142857,420.0409920356563,2.611200401509588,1.2938918425497326,STOP
BTCUSDT,LONG,2024-01-03 16:00:00+00:00,2024-01-04 20:00:00+00:00,43043.01001,44398.87668998999,0.006283793391882478,7.970519334175631,3.1500275646963116,TP1_HALF
BTCUSDT,LONG,2024-01-03 16:00:00+00:00,2024-01-05 01:00:00+00:00,43043.01001,43285.94073,0.006283793391882478,0.9840531628331172,0.5643906407650556,STOP
XRPUSDT,LONG,2024-01-04 15:00:00+00:00,2024-01-05 01:00:00+00:00,0.5849844,0.5556175120285715,382.41089156593034,-11.66639640577142,-5.02011471954269,STOP
SOLUSDT,LONG,2024-01-03 16:00:00+00:00,2024-01-06 05:00:00+00:00,102.16206,94.67978543999999,1.488876264735522,-11.433254150200787,-7.323926866784014,STOP
XRPUSDT,LONG,2024-01-05 03:00:00+00:00,2024-01-07 23:00:00+00:00,0.5749744,0.5454997827428572,380.61856611434865,-11.645059833986679,-5.126248622050456,STOP
SOLUSDT,LONG,2024-01-06 08:00:00+00:00,2024-01-07 23:00:00+00:00,94.5945,88.06598871428571,1.7052110617318716,-11.443964346938317,-6.901575975045359,STOP
XRPUSDT,SHORT,2024-01-07 23:00:00+00:00,2024-01-08 00:00:00+00:00,0.5500494,0.5637161244,833.6998611868171,-12.322492398245378,-2.4846358163466586,STOP
XRPUSDT,SHORT,2024-01-08 02:00:00+00:00,2024-01-08 03:00:00+00:00,0.5718276,0.5583496776,388.0685809180239,4.791771927187222,2.35699053351045,TP1_HALF
XRPUSDT,SHORT,2024-01-08 02:00:00+00:00,2024-01-08 04:00:00+00:00,0.5718276,0.55879395,388.0685809180239,4.619191359218369,2.27929711682332,STOP
BTCUSDT,LONG,2024-01-05 03:00:00+00:00,2024-01-08 12:00:00+00:00,43549.505999999994,44977.91377757142,0.00597829339113085,8.010197887905033,3.2799632160498637,TP1_HALF
SOLUSDT,LONG,2024-01-08 00:00:00+00:00,2024-01-08 14:00:00+00:00,89.52944,95.08497413142857,0.963917028825579,5.177120975957782,6.205259556441511,TP1_HALF
XRPUSDT,SHORT,2024-01-08 04:00:00+00:00,2024-01-08 18:00:00+00:00,0.5592402,0.5761014401999999,670.3523509465253,-12.064050945579552,-3.015026494876416,STOP
BTCUSDT,LONG,2024-01-05 03:00:00+00:00,2024-01-09 12:00:00+00:00,43549.505999999994,45729.78372642857,0.00597829339113085,12.500602135001387,5.006435036091061,STOP
SOLUSDT,LONG,2024-01-08 00:00:00+00:00,2024-01-09 12:00:00+00:00,89.52944,98.20098642857143,0.963917028825579,8.177694713888446,9.685692693455294,STOP
BTCUSDT,LONG,2024-01-09 14:00:00+00:00,2024-01-09 21:00:00+00:00,46880.833999999995,45672.244252071425,0.015095966251791906,-19.64200819278411,-2.578003940647833,STOP
ETHUSDT,LONG,2024-01-09 22:00:00+00:00,2024-01-10 00:00:00+00:00,2319.9776599999996,2385.1725998399997,0.1292946043689763,7.821003412129437,2.8101537770842233,TP1_HALF
SOLUSDT,LONG,2024-01-09 14:00:00+00:00,2024-01-10 12:00:00+00:00,100.88077999999999,94.61785314857141,1.778743451828596,-11.487882039814524,-6.20824586351193,STOP
ETHUSDT,LONG,2024-01-09 22:00:00+00:00,2024-01-10 12:00:00+00:00,2319.9776599999996,2361.0540825,0.1292946043689763,4.705727648845293,1.7705525017857493,STOP
XRPUSDT,SHORT,2024-01-10 13:00:00+00:00,2024-01-10 15:00:00+00:00,0.5529465,0.5717426714999999,599.4602399045741,-11.941763917242927,-3.399274884640713,STOP
SOLUSDT,LONG,2024-01-10 14:00:00+00:00,2024-01-10 21:00:00+00:00,93.80370999999998,100.01109878999998,0.8660454119905542,5.208028156092688,6.617423543269241,TP1_HALF
XRPUSDT,SHORT,2024-01-10 17:00:00+00:00,2024-01-10 21:00:00+00:00,0.5632362,0.5840375111999998,538.8953134589246,-11.827989545700861,-3.6931772496156645,STOP
BTCUSDT,LONG,2024-01-10 14:00:00+00:00,2024-01-10 22:00:00+00:00,45163.12801,46717.319283775716,0.005459321684901153,7.983225205078581,3.4412835032852085,TP1_HALF
SOLUSDT,LONG,2024-01-10 14:00:00+00:00,2024-01-11 01:00:00+00:00,93.80370999999998,99.11328750000001,0.8660454119905542,4.431260352903436,5.660306506000712,STOP
BTCUSDT,LONG,2024-01-10 14:00:00+00:00,2024-01-11 05:00:00+00:00,45163.12801,46048.879668214286,0.005459321684901153,4.337647543685356,1.961227437608315,STOP
SOLUSDT,LONG,2024-01-11 12:00:00+00:00,2024-01-12 12:00:00+00:00,104.53443,97.08617521285714,1.485584652232134,-11.364537474371925,-7.125168987043651,STOP
ETHUSDT,LONG,2024-01-11 05:00:00+00:00,2024-01-12 21:00:00+00:00,2617.6250099999997,2507.63985999,0.1625775503772654,-18.71436927409947,-4.201715279684004,STOP
SOLUSDT,LONG,2024-01-12 14:00:00+00:00,2024-01-12 22:00:00+00:00,98.18808999999999,91.46332083857142,1.642073824076531,-11.353989030376137,-6.848864420754664,STOP
BTCUSDT,LONG,2024-01-12 21:00:00+00:00,2024-01-12 22:00:00+00:00,43697.03337999999,41693.58627269142,0.00884569625679459,-18.477224062432576,-4.584858404198999,STOP
SOLUSDT,LONG,2024-01-13 00:00:00+00:00,2024-01-14 15:00:00+00:00,92.21212,99.47005038,0.731964906024102,5.172245706697486,7.870907186604104,TP1_HALF
SOLUSDT,LONG,2024-01-13 00:00:00+00:00,2024-01-14 20:00:00+00:00,92.21212,95.4169875,0.731964906024102,2.2085126164185795,3.4755382481175046,STOP
ETHUSDT,LONG,2024-01-13 20:00:00+00:00,2024-01-14 23:00:00+00:00,2574.4819099999995,2475.267022375714,0.17814648271017244,-18.57437827362365,-3.853780725314382,STOP
BTCUSDT,LONG,2024-01-15 01:00:00+00:00,2024-01-16 16:00:00+00:00,42322.029749999994,43378.549207392854,0.007813419342679666,7.58541500300626,2.4963818220293588,TP1_HALF
SOLUSDT,LONG,2024-01-14 21:00:00+00:00,2024-01-17 10:00:00+00:00,96.41631999999998,101.78621760857142,0.9859044241977307,5.098797051063884,5.569490319244119,TP1_HALF
BTCUSDT,LONG,2024-01-15 01:00:00+00:00,2024-01-17 12:00:00+00:00,42322.029749999994,42435.59050285714,0.007813419342679666,0.2250509534201418,0.26832539348411455,STOP
SOLUSDT,LONG,2024-01-14 21:00:00+00:00,2024-01-17 17:00:00+00:00,96.41631999999998,97.23088607142857,0.9859044241977307,0.6121666564234574,0.8448425239923951,STOP
BTCUSDT,LONG,2024-01-17 13:00:00+00:00,2024-01-18 16:00:00+00:00,42825.21242999999,41941.980251498564,0.020493647447796096,-19.837837842711213,-2.0624116691659533,STOP
SOLUSDT,LONG,2024-01-17 18:00:00+00:00,2024-01-18 16:00:00+00:00,99.20911,94.56088303285713,2.366644135372462,-11.459283709291153,-4.685282397093227,STOP
XRPUSDT,SHORT,2024-01-18 07:00:00+00:00,2024-01-18 16:00:00+00:00,0.565434,0.5564220089999999,563.1711968271547,4.443496766009312,1.593818376680578,TP1_HALF
XRPUSDT,SHORT,2024-01-18 07:00:00+00:00,2024-01-18 21:00:00+00:00,0.565434,0.5531204249999999,563.1711968271547,6.3047131357274155,2.1777210072263187,STOP
XRPUSDT,SHORT,2024-01-19 01:00:00+00:00,2024-01-19 15:00:00+00:00,0.5492501999999999,0.5397286751999999,533.0292925886988,4.494793989017866,1.7335496282022356,TP1_HALF
SOLUSDT,LONG,2024-01-18 21:00:00+00:00,2024-01-19 16:00:00+00:00,93.90381,88.65827726142857,2.079844195889398,-11.289591518245738,-5.586070190944781,STOP
XRPUSDT,SHORT,2024-01-19 01:00:00+00:00,2024-01-19 17:00:00+00:00,0.5492501999999999,0.5321923749999998,533.0292925886988,8.515879822124315,3.1056565841942496,STOP
XRPUSDT,SHORT,2024-01-19 17:00:00+00:00,2024-01-19 18:00:00+00:00,0.5258735999999999,0.5379395735999999,930.6975811802132,-12.219860791601425,-2.2944626997818407,STOP
ETHUSDT,LONG,2024-01-18 21:00:00+00:00,2024-01-22 09:00:00+00:00,2448.8964499999997,2390.7622231928567,0.30786091655367703,-19.387198102922497,-2.373894854032843,STOP
XRPUSDT,SHORT,2024-01-20 16:00:00+00:00,2024-01-22 09:00:00+00:00,0.5473521,0.5339033271,382.59743160863553,4.731780420506469,2.457060619663287,TP1_HALF
SOLUSDT,LONG,2024-01-19 18:00:00+00:00,2024-01-22 10:00:00+00:00,91.51141999999999,86.28540536571427,2.0816745809850663,-11.248976955992196,-5.710778648485315,STOP
BTCUSDT,LONG,2024-01-22 12:00:00+00:00,2024-01-22 15:00:00+00:00,40856.80598999999,40365.370570795705,0.037724537436943345,-21.60324290998988,-1.2028238803703184,STOP
SOLUSDT,LONG,2024-01-22 11:00:00+00:00,2024-01-22 18:00:00+00:00,87.81773,84.94163191285715,3.8101149241826304,-11.616497268352534,-3.275076783632247,STOP
BTCUSDT,LONG,2024-01-22 16:00:00+00:00,2024-01-22 18:00:00+00:00,40812.76198999999,40248.06506515285,0.03228107357089891,-20.845753498136308,-1.3836282998575422,STOP
XRPUSDT,SHORT,2024-01-20 16:00:00+00:00,2024-01-22 20:00:00+00:00,0.5473521,0.531413025,382.59743160863553,5.685516391083453,2.9120332232213997,STOP
BTCUSDT,LONG,2024-01-22 21:00:00+00:00,2024-01-22 22:00:00+00:00,40221.381199999996,39525.218202728574,0.025618962056260474,-19.877998516283427,-1.7308281727317243,STOP
XRPUSDT,SHORT,2024-01-22 20:00:00+00:00,2024-01-23 08:00:00+00:00,0.5250743999999999,0.5142738743999998,464.6052444995181,4.535094177963591,2.0569514720199855,TP1_HALF
SOLUSDT,LONG,2024-01-22 21:00:00+00:00,2024-01-23 08:00:00+00:00,85.77568999999998,82.09779573857142,2.9238566042401204,-11.244473425928275,-4.287804926347505,STOP
ETHUSDT,LONG,2024-01-23 11:00:00+00:00,2024-01-23 14:00:00+00:00,2225.5733499999997,2172.6995470071424,0.329691685759939,-18.882127247100545,-2.3757385031977107,STOP
XRPUSDT,SHORT,2024-01-22 20:00:00+00:00,2024-01-23 15:00:00+00:00,0.5250743999999999,0.5080218,464.6052444995181,7.442745479759947,3.2476540467408,STOP
SOLUSDT,LONG,2024-01-23 12:00:00+00:00,2024-01-24 00:00:00+00:00,80.30022,84.52168513714285,1.2130412477042278,4.920875567643123,5.257102828787841,TP1_HALF
BTCUSDT,LONG,2024-01-23 16:00:00+00:00,2024-01-24 00:00:00+00:00,39243.204,40204.67729207143,0.008320332735366028,7.33874489873217,2.450037698429086,TP1_HALF
BTCUSDT,LONG,2024-01-23 16:00:00+00:00,2024-01-24 20:00:00+00:00,39243.204,39513.72850392857,0.008320332735366028,1.5955700021061106,0.6893537641028846,STOP
SOLUSDT,LONG,2024-01-23 12:00:00+00:00,2024-01-25 17:00:00+00:00,80.30022,85.24859464285714,1.2130412477042278,5.801765010209069,6.16234257248256,STOP
SOLUSDT,LONG,2024-01-25 18:00:00+00:00,2024-01-26 10:00:00+00:00,86.16608,90.71027892,1.1291724326983803,4.931460240673223,5.273767728553969,TP1_HALF
BTCUSDT,LONG,2024-01-25 11:00:00+00:00,2024-01-26 11:00:00+00:00,40156.10599,41107.644339724284,0.008423942317619164,7.331143025788926,2.3695981626337126,TP1_HALF
XRPUSDT,SHORT,2024-01-24 07:00:00+00:00,2024-01-26 18:00:00+00:00,0.5132862,0.5308736862,612.5841356372057,-11.413450813213121,-3.4264482855763445,STOP
BTCUSDT,LONG,2024-01-25 11:00:00+00:00,2024-01-28 19:00:00+00:00,40156.10599,41808.14286428571,0.008423942317619164,13.226201231107257,4.11403654203204,STOP
SOLUSDT,LONG,2024-01-25 18:00:00+00:00,2024-01-28 19:00:00+00:00,86.16608,94.710195,1.1291724326983803,9.443538616345556,9.915868285989117,STOP
SOLUSDT,LONG,2024-01-28 21:00:00+00:00,2024-01-29 03:00:00+00:00,95.44534999999999,98.67871536428571,1.579497958693683,4.8004754276239385,3.387661488260796,TP1_HALF
XRPUSDT,SHORT,2024-01-28 01:00:00+00:00,2024-01-29 14:00:00+00:00,0.52947,0.5203469699999999,542.865624635034,4.382669834342723,1.7230494645589234,TP1_HALF
SOLUSDT,LONG,2024-01-28 21:00:00+00:00,2024-01-29 14:00:00+00:00,95.44534999999999,95.56219928571429,1.579497958693683,-0.11713282593132471,0.12242533105519815,STOP
XRPUSDT,SHORT,2024-01-28 01:00:00+00:00,2024-01-29 16:00:00+00:00,0.52947,0.5294717999999999,542.865624635034,-0.5758402598334581,-0.0003399626041122872,STOP
ETHUSDT,LONG,2024-01-29 02:00:00+00:00,2024-01-29 16:00:00+00:00,2266.7144499999995,2298.015205907142,0.2506164294014798,6.700487435468839,1.3808865914779256,TP1_HALF
SOLUSDT,LONG,2024-01-29 16:00:00+00:00,2024-01-30 08:00:00+00:00,100.01991999999998,103.81600007999998,1.3543849142173017,4.865281298380847,3.795324051448956,TP1_HALF
ETHUSDT,LONG,2024-01-29 02:00:00+00:00,2024-01-30 13:00:00+00:00,2266.7144499999995,2296.949679642857,0.2506164294014798,6.43371608606804,1.33387907077831,STOP
XRPUSDT,SHORT,2024-01-30 07:00:00+00:00,2024-01-30 18:00:00+00:00,0.5316678,0.5227400178,558.9525042801574,4.4008423280659335,1.6792031038930677,TP1_HALF
SOLUSDT,LONG,2024-01-29 16:00:00+00:00,2024-01-30 23:00:00+00:00,100.01991999999998,102.48741,1.3543849142173017,3.0676583592116415,2.466998573884105,STOP
BTCUSDT,LONG,2024-01-30 15:00:00+00:00,2024-01-30 23:00:00+00:00,43517.46399,42706.34953422428,0.02205711067192041,-19.792689516098267,-1.863882637926928,STOP
XRPUSDT,SHORT,2024-01-30 07:00:00+00:00,2024-01-31 04:00:00+00:00,0.5316678,0.5121616499999999,558.9525042801574,10.319560306245576,3.6688605177895073,STOP
XRPUSDT,SHORT,2024-01-31 10:00:00+00:00,2024-01-31 14:00:00+00:00,0.5055939,0.4936692189,426.2989230448506,4.657493919157799,2.3585492427816157,TP1_HALF
XRPUSDT,SHORT,2024-01-31 10:00:00+00:00,2024-01-31 15:00:00+00:00,0.5055939,0.49821557499999997,426.2989230448506,2.717449103240212,1.4593382159080792,STOP
ETHUSDT,LONG,2024-01-31 12:00:00+00:00,2024-02-01 01:00:00+00:00,2302.4801799999996,2250.238046605714,0.33886821822850655,-19.24597017332388,-2.2689504060914745,STOP
SOLUSDT,LONG,2024-01-31 14:00:00+00:00,2024-02-01 01:00:00+00:00,99.63954,95.16642117428572,2.42106620704626,-11.301354958569522,-4.489300959954534,STOP
XRPUSDT,SHORT,2024-01-31 15:00:00+00:00,2024-02-01 01:00:00+00:00,0.5042952,0.4920581952,416.61688706082657,4.683045196803709,2.426555874416425,TP1_HALF
XRPUSDT,SHORT,2024-01-31 15:00:00+00:00,2024-02-01 17:00:00+00:00,0.5042952,0.5032312999999999,416.61688706082657,0.023486152082772493,0.2109677030437962,STOP
SOLUSDT,LONG,2024-02-01 15:00:00+00:00,2024-02-02 10:00:00+00:00,96.81671999999999,101.79339613714285,1.0378130010601274,4.958739036523365,5.140306485432333,TP1_HALF
XRPUSDT,SHORT,2024-02-02 07:00:00+00:00,2024-02-03 10:00:00+00:00,0.5042952,0.5195785452,713.9711212678885,-11.642883395065374,-3.030634675880317,STOP
SOLUSDT,LONG,2024-02-01 15:00:00+00:00,2024-02-03 14:00:00+00:00,96.81671999999999,97.39393714285713,1.0378130010601274,0.39748911036462947,0.596195722037618,STOP
XRPUSDT,SHORT,2024-02-03 14:00:00+00:00,2024-02-04 19:00:00+00:00,0.5183811,0.5074880810999999,461.64723631699894,4.555142398056313,2.1013534058244354,TP1_HALF
SOLUSDT,LONG,2024-02-03 16:00:00+00:00,2024-02-05 01:00:00+00:00,98.09799999999998,94.20655628571427,2.7719676040704853,-11.32001790920287,-3.9668940389056995,STOP
SOLUSDT,LONG,2024-02-05 02:00:00+00:00,2024-02-05 10:00:00+00:00,95.34525,98.1366579642857,1.8183293435854253,4.723885180674409,2.9276843516438555,TP1_HALF
ETHUSDT,LONG,2024-02-01 07:00:00+00:00,2024-02-05 13:00:00+00:00,2276.7744999999995,2331.0511154999995,0.1489661177992278,7.398966804879512,2.383925834552336,TP1_HALF
XRPUSDT,SHORT,2024-02-03 14:00:00+00:00,2024-02-05 14:00:00+00:00,0.5183811,0.5088083,461.64723631699894,3.9450575161312726,1.8466722648646017,STOP
SOLUSDT,LONG,2024-02-05 02:00:00+00:00,2024-02-05 15:00:00+00:00,95.34525,95.71454678571429,1.8183293435854253,0.3240935470811533,0.3873258350198805,STOP
SOLUSDT,LONG,2024-02-05 17:00:00+00:00,2024-02-06 10:00:00+00:00,96.28618999999999,93.40697523857142,3.7870448024667547,-11.622091812933824,-2.9902676193009348,STOP
SOLUSDT,LONG,2024-02-06 12:00:00+00:00,2024-02-06 19:00:00+00:00,94.38429,97.25479499571428,1.7724184606829254,4.748071393851772,3.0412953211962357,TP1_HALF
SOLUSDT,LONG,2024-02-06 12:00:00+00:00,2024-02-07 10:00:00+00:00,94.38429,94.81723071428571,1.7724184606829254,0.4320078462779804,0.4586999746310827,STOP
SOLUSDT,LONG,2024-02-07 10:00:00+00:00,2024-02-07 21:00:00+00:00,95.86576999999998,98.75513030142857,1.762510778727803,4.749507240349112,3.0139645270971904,TP1_HALF
XRPUSDT,SHORT,2024-02-05 15:00:00+00:00,2024-02-08 02:00:00+00:00,0.5062932,0.5175352181999999,983.648000640719,-12.065275502158082,-2.220456091450562,STOP
SOLUSDT,LONG,2024-02-07 10:00:00+00:00,2024-02-08 18:00:00+00:00,95.86576999999998,101.88979392857142,1.762510778727803,10.268860792443862,6.283811133600081,STOP
XRPUSDT,SHORT,2024-02-08 02:00:00+00:00,2024-02-09 08:00:00+00:00,0.511488,0.521265888,1135.9045136342002,-12.27985691586204,-1.911655405405388,STOP
SOLUSDT,LONG,2024-02-09 03:00:00+00:00,2024-02-09 21:00:00+00:00,105.73562999999999,108.76497044142856,1.679442757422646,4.727362384250572,2.865013847677056,TP1_HALF
SOLUSDT,LONG,2024-02-09 03:00:00+00:00,2024-02-10 10:00:00+00:00,105.73562999999999,107.61406392857143,1.679442757422646,2.7964136583695947,1.776538266780503,STOP
XRPUSDT,SHORT,2024-02-09 11:00:00+00:00,2024-02-11 09:00:00+00:00,0.5221773000000001,0.5312794773,1226.1903341889397,-12.45274034314502,-1.7431200666899738,STOP
XRPUSDT,SHORT,2024-02-11 11:00:00+00:00,2024-02-11 18:00:00+00:00,0.5327667,0.5252664416999999,654.0735485187057,4.213689069645839,1.4077941245201897,TP1_HALF
SOLUSDT,LONG,2024-02-10 21:00:00+00:00,2024-02-12 02:00:00+00:00,109.40929999999999,105.33314712857143,2.6516670671733142,-11.378025804906096,-3.725599991434514,STOP
ETHUSDT,LONG,2024-02-01 07:00:00+00:00,2024-02-12 06:00:00+00:00,2276.7744999999995,2480.53698,0.1489661177992278,29.64502737640555,8.949611830244963,STOP
XRPUSDT,SHORT,2024-02-11 11:00:00+00:00,2024-02-12 14:00:00+00:00,0.5327667,0.522847325,654.0735485187057,5.7975515941399145,1.8618609233647776,STOP
BTCUSDT,LONG,2024-02-12 07:00:00+00:00,2024-02-12 15:00:00+00:00,48197.57943,48965.137421284286,0.01033988952246155,6.931813074017547,1.5925239407490466,TP1_HALF
SOLUSDT,LONG,2024-02-12 04:00:00+00:00,2024-02-12 17:00:00+00:00,106.37626999999999,109.78066515857142,1.491052587057113,4.75383085117412,3.200333268473732,TP1_HALF
XRPUSDT,SHORT,2024-02-12 17:00:00+00:00,2024-02-12 18:00:00+00:00,0.5270724,0.5370481974,1122.7322161768461,-12.394871599631536,-1.8926806639846694,STOP
BTCUSDT,LONG,2024-02-12 07:00:00+00:00,2024-02-12 19:00:00+00:00,48197.57943,49468.729609285714,0.01033988952246155,12.133693574738695,2.6373734828984086,STOP
ETHUSDT,LONG,2024-02-12 19:00:00+00:00,2024-02-13 00:00:00+00:00,2624.4718499999994,2665.778046364285,0.19278632476430527,6.943381952458468,1.5738860511796071,TP1_HALF
ETHUSDT,LONG,2024-02-12 19:00:00+00:00,2024-02-13 03:00:00+00:00,2624.4718499999994,2639.3833317857147,0.19278632476430527,1.8599304756699195,0.5681707649375367,STOP
SOLUSDT,LONG,2024-02-12 04:00:00+00:00,2024-02-13 13:00:00+00:00,106.37626999999999,111.52407857142857,1.491052587057113,7.350752409645295,4.839245229625533,STOP
XRPUSDT,SHORT,2024-02-12 20:00:00+00:00,2024-02-13 13:00:00+00:00,0.5305689,0.5209428938999999,522.2102116751141,4.477688486595586,1.8142801245983442,TP1_HALF
BTCUSDT,LONG,2024-02-13 12:00:00+00:00,2024-02-13 14:00:00+00:00,50038.10812,48932.73640188,0.016083674408329637,-19.370253653625294,-2.2090597739409468,STOP
XRPUSDT,SHORT,2024-02-12 20:00:00+00:00,2024-02-13 17:00:00+00:00,0.5305689,0.5246705749999999,522.2102116751141,2.5291087171709794,1.1116982167631906,STOP
BTCUSDT,LONG,2024-02-13 16:00:00+00:00,2024-02-14 08:00:00+00:00,48776.19747,49896.687978244285,0.007245355148155934,7.403431573801756,2.2972075855922203,TP1_HALF
SOLUSDT,LONG,2024-02-13 16:00:00+00:00,2024-02-14 08:00:00+00:00,110.42030999999999,114.69835397571427,1.2065371839461452,4.890005092369106,3.8743270832279686,TP1_HALF
XRPUSDT,SHORT,2024-02-14 12:00:00+00:00,2024-02-15 00:00:00+00:00,0.5310684,0.5433433433999999,906.6840956699706,-12.103647995970814,-2.3113676882299705,STOP
XRPUSDT,SHORT,2024-02-15 02:00:00+00:00,2024-02-15 03:00:00+00:00,0.5396598,0.5517502848,919.2153205443095,-12.116999731912797,-2.240390112437507,STOP
SOLUSDT,LONG,2024-02-13 16:00:00+00:00,2024-02-15 15:00:00+00:00,110.42030999999999,114.18284571428572,1.2065371839461452,4.268647186210174,3.4074670812694885,STOP
BTCUSDT,LONG,2024-02-13 16:00:00+00:00,2024-02-15 20:00:00+00:00,48776.19747,51594.53667428572,0.007245355148155934,19.692646847664772,5.7781035637703315,STOP
XRPUSDT,SHORT,2024-02-15 06:00:00+00:00,2024-02-15 20:00:00+00:00,0.5442551999999999,0.5572619051999999,849.5418246891405,-11.985524920279566,-2.389817350390011,STOP
SOLUSDT,LONG,2024-02-15 15:00:00+00:00,2024-02-15 21:00:00+00:00,116.94682999999999,112.71971174142857,2.5733427551186474,-11.468834877007984,-3.6145642071456097,STOP
XRPUSDT,SHORT,2024-02-15 23:00:00+00:00,2024-02-16 03:00:00+00:00,0.5602391999999999,0.5762863391999998,683.7159868033112,-11.74874629405932,-2.8643370902999843,STOP
SOLUSDT,LONG,2024-02-16 10:00:00+00:00,2024-02-17 13:00:00+00:00,111.29118,107.29449239142858,2.712243831428936,-11.432848954078699,-3.591198878987012,STOP
BTCUSDT,LONG,2024-02-16 11:00:00+00:00,2024-02-17 13:00:00+00:00,52352.299999999996,51151.300354285704,0.01467902925696753,-19.148841314849758,-2.2940723630371362,STOP
SOLUSDT,LONG,2024-02-17 15:00:00+00:00,2024-02-18 10:00:00+00:00,107.08698,111.02477266285713,1.2932108799673028,4.8103318230699195,3.6771908805880438,TP1_HALF
BTCUSDT,LONG,2024-02-17 16:00:00+00:00,2024-02-18 10:00:00+00:00,51035.544559999995,52004.89546472571,0.008202198084402668,7.105650034068461,1.899364282448479,TP1_HALF
SOLUSDT,LONG,2024-02-17 15:00:00+00:00,2024-02-20 00:00:00+00:00,107.08698,110.71025035714287,1.2932108799673028,4.403994898995574,3.3834835543432806,STOP
BTCUSDT,LONG,2024-02-17 16:00:00+00:00,2024-02-20 01:00:00+00:00,51035.544559999995,51415.894780714276,0.008202198084402668,2.279380852240105,0.7452653322178593,STOP
XRPUSDT,SHORT,2024-02-18 11:00:00+00:00,2024-02-20 03:00:00+00:00,0.5567427,0.5737086926999999,640.6465221215379,-11.593423970755026,-3.0473668895882877,STOP
BTCUSDT,LONG,2024-02-20 11:00:00+00:00,2024-02-20 13:00:00+00:00,52172.10998999999,52846.532700724274,0.011537943013202812,6.56975168845707,1.2926882022857633,TP1_HALF
BTCUSDT,LONG,2024-02-20 11:00:00+00:00,2024-02-20 14:00:00+00:00,52172.10998999999,52205.42017928571,0.011537943013202812,-0.8199709292144047,0.06384673591333101,STOP
SOLUSDT,LONG,2024-02-20 11:00:00+00:00,2024-02-20 14:00:00+00:00,110.10999999999999,106.24721785714284,2.7924800368741094,-11.390915232422058,-3.508112017852283,STOP
BTCUSDT,LONG,2024-02-20 14:00:00+00:00,2024-02-20 15:00:00+00:00,52892.970129999994,52093.75672737,0.02243577499377211,-20.286430654518178,-1.5110011796760414,STOP
SOLUSDT,LONG,2024-02-20 14:00:00+00:00,2024-02-20 15:00:00+00:00,110.72061,106.80262903285713,2.748741175759493,-11.36743069404179,-3.538619383638575,STOP
ETHUSDT,LONG,2024-02-20 18:00:00+00:00,2024-02-20 22:00:00+00:00,2920.2173,2994.1615698428573,0.10809795969880474,7.353892412715014,2.532149571295861,TP1_HALF
ETHUSDT,LONG,2024-02-20 18:00:00+00:00,2024-02-21 06:00:00+00:00,2920.2173,2953.192422857143,0.10809795969880474,2.9296398941586115,1.1292009966910044,STOP
SOLUSDT,LONG,2024-02-21 11:00:00+00:00,2024-02-23 16:00:00+00:00,103.55345,98.95546690714285,2.3166011576754606,-11.120825347231756,-4.440202709670372,STOP
XRPUSDT,SHORT,2024-02-22 11:00:00+00:00,2024-02-23 16:00:00+00:00,0.5457537,0.5265547287,264.1881657001433,4.788849814233649,3.5178820226047125,TP1_HALF
XRPUSDT,SHORT,2024-02-22 11:00:00+00:00,2024-02-24 09:00:00+00:00,0.5457537,0.545369825,264.1881657001433,-0.18684669051387312,0.07033850617962356,STOP
SOLUSDT,LONG,2024-02-23 17:00:00+00:00,2024-02-24 22:00:00+00:00,100.53043,104.68456921285714,1.2217149247172683,4.82445964838663,4.132220674732157,TP1_HALF
XRPUSDT,SHORT,2024-02-24 13:00:00+00:00,2024-02-26 11:00:00+00:00,0.5438556,0.5317546806,411.88285309122443,4.541135776311176,2.2250243263101543,TP1_HALF
SOLUSDT,LONG,2024-02-23 17:00:00+00:00,2024-02-26 12:00:00+00:00,100.53043,100.49048035714286,1.2217149247172683,-0.2943973212792639,-0.03973885604302563,STOP
BTCUSDT,LONG,2024-02-21 11:00:00+00:00,2024-02-26 15:00:00+00:00,51322.37109999999,52271.17759889999,0.008328367454273213,7.0392440263850675,1.8487191424793714,TP1_HALF
XRPUSDT,SHORT,2024-02-24 13:00:00+00:00,2024-02-26 15:00:00+00:00,0.5438556,0.541973575,411.88285309122443,0.3279394080203251,0.34605233447996264,STOP
SOLUSDT,LONG,2024-02-26 13:00:00+00:00,2024-02-26 15:00:00+00:00,101.50139999999999,103.94841895714283,2.0439655196974162,4.581690028469428,2.4108228626825268,TP1_HALF
BTCUSDT,LONG,2024-02-21 11:00:00+00:00,2024-02-27 03:00:00+00:00,51322.37109999999,56016.63729,0.008328367454273213,38.20161505444196,9.146627658440387,STOP
SOLUSDT,LONG,2024-02-26 13:00:00+00:00,2024-02-27 04:00:00+00:00,101.50139999999999,109.63917964285714,2.0439655196974162,16.20177693229665,8.017406304599884,STOP
XRPUSDT,SHORT,2024-02-27 04:00:00+00:00,2024-02-27 09:00:00+00:00,0.5522471999999999,0.5628058721999999,1059.826983656465,-12.372129043269922,-1.9119467151666791,STOP
BTCUSDT,LONG,2024-02-27 03:00:00+00:00,2024-02-27 12:00:00+00:00,56354.77847999999,57200.625596519996,0.009349061557948343,6.846240298009525,1.5009323775803551,TP1_HALF
XRPUSDT,SHORT,2024-02-27 11:00:00+00:00,2024-02-27 15:00:00+00:00,0.5590404,0.5699919653999999,1017.4734217145436,-12.291687144718468,-1.9589935539542136,STOP
SOLUSDT,LONG,2024-02-27 14:00:00+00:00,2024-02-27 15:00:00+00:00,110.40029,106.62498685285715,2.884139023688441,-11.514430203026592,-3.419649664998936,STOP
BTCUSDT,LONG,2024-02-27 03:00:00+00:00,2024-02-27 16:00:00+00:00,56354.77847999999,56457.311174999995,0.009349061557948343,-0.09610269340802435,0.18194143915655214,STOP
XRPUSDT,SHORT,2024-02-27 15:00:00+00:00,2024-02-27 17:00:00+00:00,0.5609385,0.5726534385,944.2061932658166,-12.131662014396001,-2.088453279637603,STOP
BTCUSDT,LONG,2024-02-27 17:00:00+00:00,2024-02-28 08:00:00+00:00,57097.05001,58334.70191499,0.006475445104571178,7.266874996415948,2.1676284585162353,TP1_HALF
SOLUSDT,LONG,2024-02-27 17:00:00+00:00,2024-02-28 09:00:00+00:00,106.98687999999999,111.06713026285713,1.2514331491538333,4.8332804190342085,3.813785636946454,TP1_HALF
SOLUSDT,LONG,2024-02-27 17:00:00+00:00,2024-02-28 11:00:00+00:00,106.98687999999999,110.15830285714284,1.2514331491538333,3.6970810134062346,2.964310069742071,STOP
XRPUSDT,SHORT,2024-02-27 21:00:00+00:00,2024-02-28 16:00:00+00:00,0.5803191,0.5972121440999999,643.7352372767662,-11.632666106861842,-2.9109922627051033,STOP
BTCUSDT,LONG,2024-02-27 17:00:00+00:00,2024-02-28 17:00:00+00:00,57097.05001,61120.773045,0.006475445104571178,25.28988460556649,7.047164493253666,STOP
SOLUSDT,LONG,2024-02-28 11:00:00+00:00,2024-02-28 17:00:00+00:00,114.34423,109.59202827,2.268191363331087,-11.286833207737734,-4.156048564934145,STOP
BTCUSDT,LONG,2024-02-28 17:00:00+00:00,2024-02-28 18:00:00+00:00,62474.422009999995,60499.33711298999,0.008805111966669102,-18.473641379890328,-3.161429643468905,STOP
SOLUSDT,LONG,2024-02-28 17:00:00+00:00,2024-02-28 18:00:00+00:00,116.19607999999998,110.93360677714284,2.0452587513156946,-11.227658392177615,-4.528959344288674,STOP
SOLUSDT,LONG,2024-02-28 22:00:00+00:00,2024-02-29 00:00:00+00:00,116.20608999999999,121.92761176714284,0.8951504440341375,4.908457261532551,4.923598898425063,TP1_HALF
SOLUSDT,LONG,2024-02-28 22:00:00+00:00,2024-02-29 12:00:00+00:00,116.20608999999999,126.96933214285714,0.8951504440341375,9.417042396316154,9.262201441298945,STOP
ETHUSDT,LONG,2024-02-29 01:00:00+00:00,2024-02-29 21:00:00+00:00,3452.8293799999997,3324.518319548571,0.13408549070945538,-18.11339549608297,-3.7161135500830556,STOP
SOLUSDT,LONG,2024-02-29 14:00:00+00:00,2024-02-29 21:00:00+00:00,132.90277,125.61131865857143,1.464971173653211,-11.060481717155929,-5.486305019397686,STOP
SOLUSDT,LONG,2024-03-01 02:00:00+00:00,2024-03-02 01:00:00+00:00,135.84571,127.09241893285713,1.2085026492644941,-10.896136869833393,-6.443553548465286,STOP
XRPUSDT,LONG,2024-03-01 18:00:00+00:00,2024-03-02 02:00:00+00:00,0.5938933,0.6272725424142858,153.27118508551413,4.928906506241455,5.620410672133502,TP1_HALF
XRPUSDT,LONG,2024-03-01 18:00:00+00:00,2024-03-03 07:00:00+00:00,0.5938933,0.6154767642857143,153.27118508551413,3.1227615663622905,3.6342326619469123,STOP
BTCUSDT,LONG,2024-02-29 21:00:00+00:00,2024-03-04 08:00:00+00:00,61996.66473,64710.96684455571,0.0030008889883756736,7.765083790359802,4.37814215712522,TP1_HALF
XRPUSDT,LONG,2024-03-03 09:00:00+00:00,2024-03-04 08:00:00+00:00,0.6162156,0.6442528451142857,181.60287141143516,4.86273953026426,4.549908362314392,TP1_HALF
XRPUSDT,LONG,2024-03-03 09:00:00+00:00,2024-03-04 18:00:00+00:00,0.6162156,0.6366805392857143,181.60287141143516,3.488962201071825,3.3210680297146578,STOP
BTCUSDT,LONG,2024-02-29 21:00:00+00:00,2024-03-05 05:00:00+00:00,61996.66473,65841.81442071429,0.0030008889883756736,11.15523828114658,6.20218798456369,STOP
ETHUSDT,LONG,2024-03-05 05:00:00+00:00,2024-03-05 14:00:00+00:00,3699.3456499999998,3790.672611492857,0.08818790229848952,7.393404158691571,2.468732855305289,TP1_HALF
SOLUSDT,LONG,2024-03-02 01:00:00+00:00,2024-03-05 15:00:00+00:00,130.48035,140.69808250714283,0.5018737334436031,4.991914228336101,7.830859211477326,TP1_HALF
SOLUSDT,LONG,2024-03-02 01:00:00+00:00,2024-03-05 16:00:00+00:00,130.48035,132.22906714285713,0.5018737334436031,0.7457882452302678,1.3402149387682805,STOP
XRPUSDT,LONG,2024-03-04 19:00:00+00:00,2024-03-05 16:00:00+00:00,0.6510503999999999,0.6191770317428571,334.61170957326715,-11.090235214863203,-4.89568369163782,STOP
ETHUSDT,LONG,2024-03-05 05:00:00+00:00,2024-03-05 16:00:00+00:00,3699.3456499999998,3723.191652857143,0.08818790229848952,1.4483509757039736,0.6446005621870698,STOP
SOLUSDT,LONG,2024-03-05 16:00:00+00:00,2024-03-05 17:00:00+00:00,139.31918,132.33920831999998,1.5325917659978274,-11.113788532769503,-5.010057969046333,STOP
BTCUSDT,LONG,2024-03-05 18:00:00+00:00,2024-03-05 19:00:00+00:00,65640.77519999999,63277.11831265713,0.00728013764808057,-18.14628750276244,-3.6008972778597825,STOP
SOLUSDT,LONG,2024-03-05 18:00:00+00:00,2024-03-05 19:00:00+00:00,135.15502,128.17921248000002,1.528534157917225,-11.065275442670425,-5.161338084223576,STOP
BTCUSDT,LONG,2024-03-05 21:00:00+00:00,2024-03-06 05:00:00+00:00,61948.20631999999,64986.42448689428,0.0026793955885587406,7.80048026363625,4.904448970160735,TP1_HALF
SOLUSDT,LONG,2024-03-05 22:00:00+00:00,2024-03-06 06:00:00+00:00,121.22109999999998,131.07025568571427,0.5207032468979943,4.997118416685426,8.124951584925633,TP1_HALF
XRPUSDT,LONG,2024-03-05 21:00:00+00:00,2024-03-06 07:00:00+00:00,0.5703697999999999,0.6099378230571427,129.3426865294619,4.965170243973128,6.937257732990565,TP1_HALF
BTCUSDT,LONG,2024-03-05 21:00:00+00:00,2024-03-08 16:00:00+00:00,61948.20631999999,66819.84362678572,0.0026793955885587406,12.708022963885131,7.864049011557772,STOP
SOLUSDT,LONG,2024-03-05 22:00:00+00:00,2024-03-08 16:00:00+00:00,121.22109999999998,142.5169832142857,0.5207032468979943,10.951506258978732,17.567802316829084,STOP
BTCUSDT,LONG,2024-03-08 17:00:00+00:00,2024-03-10 10:00:00+00:00,67878.4106,69782.66736582857,0.004253934495037598,7.514982335383988,2.8053938638165077,TP1_HALF
XRPUSDT,LONG,2024-03-05 21:00:00+00:00,2024-03-10 22:00:00+00:00,0.5703697999999999,0.5986222071428572,129.3426865294619,3.503041674045992,4.953349062811041,STOP
BTCUSDT,LONG,2024-03-08 17:00:00+00:00,2024-03-11 00:00:00+00:00,67878.4106,67845.58721357143,0.004253934495037598,-0.7169895318760109,-0.04835615056162368,STOP
SOLUSDT,LONG,2024-03-08 17:00:00+00:00,2024-03-11 00:00:00+00:00,148.51836999999998,139.60362662999998,1.1962580608937323,-11.009001878150887,-6.002451663050168,STOP
BTCUSDT,LONG,2024-03-11 00:00:00+00:00,2024-03-11 01:00:00+00:00,69024.83588,67640.97683733428,0.012758900390225598,-19.40022517069454,-2.004871181543355,STOP
SOLUSDT,LONG,2024-03-11 00:00:00+00:00,2024-03-11 01:00:00+00:00,144.53438999999997,138.42582560999998,1.7580225403418788,-11.236444323812114,-4.226374352844331,STOP
BTCUSDT,LONG,2024-03-11 02:00:00+00:00,2024-03-11 07:00:00+00:00,68367.46917,69613.93590761571,0.006332895226178986,7.01992147071996,1.8231868939250884,TP1_HALF
XRPUSDT,LONG,2024-03-11 02:00:00+00:00,2024-03-11 07:00:00+00:00,0.5996990999999999,0.6147373187571429,332.7931564897694,4.6004601590189385,2.5076273679822014,TP1_HALF
SOLUSDT,LONG,2024-03-11 03:00:00+00:00,2024-03-11 07:00:00+00:00,139.17904,145.00389095999998,0.872596557127701,4.834767846327821,4.1851495455062615,TP1_HALF
XRPUSDT,LONG,2024-03-11 02:00:00+00:00,2024-03-11 16:00:00+00:00,0.5996990999999999,0.6790666821428571,332.7931564897694,25.987423683232077,13.234567492740478,STOP
XRPUSDT,LONG,2024-03-11 16:00:00+00:00,2024-03-11 17:00:00+00:00,0.6939932999999999,0.7185704388428572,208.03152696603334,4.818961930407481,3.541408662426182,TP1_HALF
XRPUSDT,LONG,2024-03-11 16:00:00+00:00,2024-03-11 21:00:00+00:00,0.6939932999999999,0.7179848678571428,208.03152696603334,4.697266521328607,3.457031625109752,STOP
BTCUSDT,LONG,2024-03-11 02:00:00+00:00,2024-03-12 03:00:00+00:00,68367.46917,71412.36579321428,0.006332895226178986,18.39780023980763,4.45372142655005,STOP
SOLUSDT,LONG,2024-03-11 03:00:00+00:00,2024-03-12 08:00:00+00:00,139.17904,148.88097,0.872596557127701,8.214510542521788,6.970826929112328,STOP
BTCUSDT,LONG,2024-03-12 12:00:00+00:00,2024-03-12 16:00:00+00:00,72095.84382,70204.45337760857,0.009326353588466377,-18.966918926996986,-2.6234389420749515,STOP
SOLUSDT,LONG,2024-03-12 13:00:00+00:00,2024-03-12 17:00:00+00:00,151.49133999999998,144.36754223142856,1.5209623316265928,-11.28501827947386,-4.70244554478918,STOP
BTCUSDT,LONG,2024-03-12 16:00:00+00:00,2024-03-12 17:00:00+00:00,71775.11340999999,69716.51674980429,0.00850181684769785,-18.70474769336722,-2.8681203865696614,STOP
BTCUSDT,LONG,2024-03-12 18:00:00+00:00,2024-03-13 07:00:00+00:00,71163.64254999999,73079.3004542357,0.004220749926468687,7.476699567363253,2.691905354464885,TP1_HALF
BTCUSDT,LONG,2024-03-12 18:00:00+00:00,2024-03-13 13:00:00+00:00,71163.64254999999,71589.77820321429,0.004220749926468687,1.1960855368226444,0.5988109067279535,STOP
SOLUSDT,LONG,2024-03-12 18:00:00+00:00,2024-03-13 14:00:00+00:00,147.67753,154.80721068428568,0.7202027035923921,4.916964976536743,4.827871027017916,TP1_HALF
SOLUSDT,LONG,2024-03-12 18:00:00+00:00,2024-03-14 13:00:00+00:00,147.67753,166.6185717857143,0.7202027035923921,13.415032600693293,12.825947038601138,STOP
BTCUSDT,LONG,2024-03-13 15:00:00+00:00,2024-03-14 16:00:00+00:00,72425.1528,70232.46467541427,0.00793583562993403,-18.532919948063494,-3.0275229527520153,STOP
BTCUSDT,LONG,2024-03-14 17:00:00+00:00,2024-03-14 18:00:00+00:00,71408.96763,69323.45692308428,0.008343971424426048,-18.575709072800496,-2.9205165347322093,STOP
XRPUSDT,LONG,2024-03-12 18:00:00+00:00,2024-03-14 19:00:00+00:00,0.6880873999999999,0.6431293411714284,236.78231052827175,-10.960481622083616,-6.533771557010271,STOP
SOLUSDT,LONG,2024-03-14 15:00:00+00:00,2024-03-14 19:00:00+00:00,168.79862999999997,160.08731101285713,1.234974003638555,-11.164418073837444,-5.160775882566615,STOP
BTCUSDT,LONG,2024-03-14 21:00:00+00:00,2024-03-15 02:00:00+00:00,70815.64489999998,68525.75412295714,0.007499956844532662,-18.219136485843713,-3.233594469522161,STOP
SOLUSDT,LONG,2024-03-15 00:00:00+00:00,2024-03-15 09:00:00+00:00,176.82664999999997,165.79105013571427,0.9579217305109384,-10.899441859440516,-6.240914400790665,STOP
BTCUSDT,LONG,2024-03-15 10:00:00+00:00,2024-03-15 18:00:00+00:00,67867.10930999999,70417.82813640428,0.0031556363419998307,7.6127640526674965,3.7584020482635427,TP1_HALF
SOLUSDT,LONG,2024-03-15 10:00:00+00:00,2024-03-15 18:00:00+00:00,173.25307999999998,185.39963763428568,0.4192081931607792,4.9415863212605045,7.010875439724185,TP1_HALF
BTCUSDT,LONG,2024-03-15 10:00:00+00:00,2024-03-15 20:00:00+00:00,67867.10930999999,67960.76406428571,0.0031556363419998307,-0.13308302725133403,0.13799726441556803,STOP
SOLUSDT,LONG,2024-03-15 10:00:00+00:00,2024-03-15 20:00:00+00:00,173.25307999999998,176.47120928571428,0.4192081931607792,1.2024588758061778,1.8574730594770994,STOP
BTCUSDT,LONG,2024-03-16 15:00:00+00:00,2024-03-16 23:00:00+00:00,68262.3942,64880.48698187142,0.00500387071572331,-17.58885625623985,-4.954275714707612,STOP
XRPUSDT,LONG,2024-03-15 10:00:00+00:00,2024-03-17 07:00:00+00:00,0.6234227999999999,0.5888797593428571,304.51791121997866,-10.888142431237664,-5.540868998878912,STOP
SOLUSDT,LONG,2024-03-16 06:00:00+00:00,2024-03-18 10:00:00+00:00,192.42222999999996,208.04433455571424,0.3276467445374032,4.9873201343299645,8.118658928188438,TP1_HALF
XRPUSDT,LONG,2024-03-17 08:00:00+00:00,2024-03-18 22:00:00+00:00,0.6009002999999998,0.6367450604142855,141.19698929235682,4.8864204537008336,5.965175989142568,TP1_HALF
SOLUSDT,LONG,2024-03-16 06:00:00+00:00,2024-03-19 00:00:00+00:00,192.42222999999996,194.15529321428573,0.3276467445374032,0.4411716532457701,0.9006564440531495,STOP
XRPUSDT,LONG,2024-03-17 08:00:00+00:00,2024-03-19 00:00:00+00:00,0.6009002999999998,0.6314857392857143,141.19698929235682,4.144562744933976,5.089935765669362,STOP
XRPUSDT,LONG,2024-03-19 00:00:00+00:00,2024-03-19 01:00:00+00:00,0.6459453,0.6135311547,325.10962755314443,-10.94761862703597,-5.018094457843403,STOP
XRPUSDT,LONG,2024-03-19 04:00:00+00:00,2024-03-19 07:00:00+00:00,0.6158151999999999,0.5817614276571428,308.0572760023757,-10.859434539265772,-5.529868756545331,STOP
BTCUSDT,LONG,2024-03-16 23:00:00+00:00,2024-03-19 09:00:00+00:00,66427.47111,62970.87577174714,0.004870191056668587,-17.464474374612596,-5.203563044766435,STOP
SOLUSDT,LONG,2024-03-19 04:00:00+00:00,2024-03-19 22:00:00+00:00,184.39421,168.76135114714285,0.6667850968138451,-10.65923616870937,-8.477955383120294,STOP
BTCUSDT,LONG,2024-03-19 10:00:00+00:00,2024-03-19 23:00:00+00:00,64205.981839999986,61620.31198887427,0.006491509732652785,-17.601703615023208,-4.027147902775086,STOP
BTCUSDT,LONG,2024-03-20 01:00:00+00:00,2024-03-20 19:00:00+00:00,63293.25001999999,65890.11323640856,0.0030553045916220795,7.539513585989104,4.10290704867895,TP1_HALF
SOLUSDT,LONG,2024-03-20 00:00:00+00:00,2024-03-20 20:00:00+00:00,169.98981999999998,186.49599446571426,0.30461097524667713,4.91937240998702,9.710095854983724,TP1_HALF
XRPUSDT,LONG,2024-03-19 08:00:00+00:00,2024-03-21 15:00:00+00:00,0.6000995,0.6345750040714286,146.45057402689338,4.868138571269593,5.744964638602212,TP1_HALF
SOLUSDT,LONG,2024-03-20 00:00:00+00:00,2024-03-21 18:00:00+00:00,169.98981999999998,178.8081557142857,0.30461097524667713,2.579914150434782,5.187566946235789,STOP
BTCUSDT,LONG,2024-03-20 01:00:00+00:00,2024-03-21 18:00:00+00:00,63293.25001999999,65512.07306357143,0.0030553045916220795,6.385640737978084,3.5056234951915233,STOP
XRPUSDT,LONG,2024-03-19 08:00:00+00:00,2024-03-22 01:00:00+00:00,0.6000995,0.6188697964285713,146.45057402689338,2.5704019334360924,3.1278640339762465,STOP
XRPUSDT,LONG,2024-03-22 08:00:00+00:00,2024-03-22 13:00:00+00:00,0.6357350999999999,0.6058358006142857,349.63514796126645,-10.887942790203075,-4.70310659042017,STOP
BTCUSDT,LONG,2024-03-21 20:00:00+00:00,2024-03-22 21:00:00+00:00,65288.96373999999,62240.91480768856,0.005484934038445332,-17.417840311446934,-4.668551555588573,STOP
BTCUSDT,LONG,2024-03-23 15:00:00+00:00,2024-03-24 23:00:00+00:00,65313.24799999999,67431.31133271428,0.003722995666570445,7.391333190060543,3.2429306420563853,TP1_HALF
SOLUSDT,LONG,2024-03-21 21:00:00+00:00,2024-03-25 14:00:00+00:00,179.71953999999997,194.12343653142855,0.35056981066971205,4.918513218426217,8.014652458730186,TP1_HALF
XRPUSDT,LONG,2024-03-22 16:00:00+00:00,2024-03-25 14:00:00+00:00,0.6113107,0.6404767250142857,171.34471145609677,4.782956985250635,4.771064045547657,TP1_HALF
XRPUSDT,LONG,2024-03-22 16:00:00+00:00,2024-03-26 14:00:00+00:00,0.6113107,0.6324597642857144,171.34471145609677,3.4106668262815227,3.4596260601547524,STOP
BTCUSDT,LONG,2024-03-23 15:00:00+00:00,2024-03-26 14:00:00+00:00,65313.24799999999,69306.16231928572,0.003722995666570445,14.36441522643288,6.1134830092751224,STOP
SOLUSDT,LONG,2024-03-21 21:00:00+00:00,2024-03-27 14:00:00+00:00,179.71953999999997,181.7898139285714,0.35056981066971205,0.5990412734116561,1.1519470440283897,STOP
XRPUSDT,LONG,2024-03-27 10:00:00+00:00,2024-03-29 14:00:00+00:00,0.6210203999999999,0.6385526367428571,282.26227940444767,4.593159149669861,2.8231337880135987,TP1_HALF
XRPUSDT,LONG,2024-03-27 10:00:00+00:00,2024-03-29 15:00:00+00:00,0.6210203999999999,0.6267012428571428,282.26227940444767,1.251302898820504,0.9147594599376863,STOP
SOLUSDT,LONG,2024-03-27 17:00:00+00:00,2024-03-29 22:00:00+00:00,183.15296999999998,191.2383259585714,0.6197886265611763,4.779168197702585,4.414537180899347,TP1_HALF
SOLUSDT,LONG,2024-03-27 17:00:00+00:00,2024-04-01 05:00:00+00:00,183.15296999999998,195.98703107142856,0.6197886265611763,7.719418424124514,7.007290720662951,STOP
XRPUSDT,LONG,2024-03-29 15:00:00+00:00,2024-04-01 05:00:00+00:00,0.6352346,0.6155791189714286,539.6382306405927,-11.281835906814727,-3.094208191520331,STOP
XRPUSDT,LONG,2024-04-01 05:00:00+00:00,2024-04-01 06:00:00+00:00,0.6279272999999999,0.616531579842857,953.5000440839993,-12.052411268995519,-1.8148152114333738,STOP
SOLUSDT,LONG,2024-04-01 07:00:00+00:00,2024-04-01 14:00:00+00:00,198.40821,191.92680536142856,1.6293165503448104,-11.196239147813532,-3.2667018358622513,STOP
XRPUSDT,LONG,2024-04-01 07:00:00+00:00,2024-04-01 14:00:00+00:00,0.6139132999999999,0.602531593842857,950.704587527241,-11.977119998533238,-1.8539598599904616,STOP
BTCUSDT,LONG,2024-03-27 10:00:00+00:00,2024-04-01 15:00:00+00:00,70127.65759999999,68146.99810097142,0.008582288351166657,-18.18530391302448,-2.824362836024008,STOP
BTCUSDT,LONG,2024-04-01 17:00:00+00:00,2024-04-01 19:00:00+00:00,68634.72615999999,69676.59339169714,0.0073002639818067145,6.59619668098396,1.5179884731649773,TP1_HALF
BTCUSDT,LONG,2024-04-01 17:00:00+00:00,2024-04-02 02:00:00+00:00,68634.72615999999,68719.59804214285,0.0073002639818067145,-0.3831356814426192,0.12365734795096728,STOP
SOLUSDT,LONG,2024-04-01 17:00:00+00:00,2024-04-02 02:00:00+00:00,189.59940999999998,182.32190558999997,1.429716793021066,-10.936512416843383,-3.83835815206387,STOP
XRPUSDT,LONG,2024-04-01 17:00:00+00:00,2024-04-02 02:00:00+00:00,0.6048041999999999,0.5897281672285712,700.2651333864994,-11.393709467095533,-2.4927129757744138,STOP
XRPUSDT,LONG,2024-04-02 02:00:00+00:00,2024-04-02 03:00:00+00:00,0.6159152999999999,0.6009137847,701.6352600189924,-11.379362279436505,-2.4356458266258207,STOP
XRPUSDT,LONG,2024-04-02 05:00:00+00:00,2024-04-02 10:00:00+00:00,0.6001995999999999,0.5825486111142856,590.2966760412131,-11.117492405692042,-2.940853157135459,STOP
BTCUSDT,LONG,2024-04-02 06:00:00+00:00,2024-04-02 11:00:00+00:00,66831.41464999999,65153.76316784999,0.009997416289810443,-18.09169102300077,-2.510273785069428,STOP
SOLUSDT,LONG,2024-04-02 06:00:00+00:00,2024-04-02 13:00:00+00:00,184.69450999999998,176.8417769185714,1.3125943675790819,-10.782003706669837,-4.251741473760406,STOP
XRPUSDT,LONG,2024-04-02 12:00:00+00:00,2024-04-03 00:00:00+00:00,0.5891886,0.5698039399714285,531.6213717541547,-10.921444759329512,-3.2900602673866075,STOP
SOLUSDT,LONG,2024-04-02 15:00:00+00:00,2024-04-03 03:00:00+00:00,180.62043999999997,188.59272991714283,0.6111404279476195,4.6465475770181195,4.413835951868372,TP1_HALF
SOLUSDT,LONG,2024-04-02 15:00:00+00:00,2024-04-03 20:00:00+00:00,180.62043999999997,183.65508964285715,0.6111404279476195,1.6319735783300433,1.6801252631524877,STOP
XRPUSDT,LONG,2024-04-03 02:00:00+00:00,2024-04-04 04:00:00+00:00,0.5845839999999999,0.5626886052857141,466.32998032390327,-10.745486597746039,-3.745465957721361,STOP
BTCUSDT,LONG,2024-04-02 15:00:00+00:00,2024-04-04 14:00:00+00:00,65768.01230999999,67491.8257819757,0.0044547381996827805,7.085500031506118,2.6210514981819033,TP1_HALF
BTCUSDT,LONG,2024-04-02 15:00:00+00:00,2024-04-04 20:00:00+00:00,65768.01230999999,67451.0186057143,0.0044547381996827805,6.903896529880193,2.5590043496850567,STOP
SOLUSDT,LONG,2024-04-04 05:00:00+00:00,2024-04-05 08:00:00+00:00,182.19200999999998,172.19571334714283,1.0114742053531827,-10.469450254282844,-5.486682238621309,STOP
BTCUSDT,LONG,2024-04-05 13:00:00+00:00,2024-04-06 22:00:00+00:00,66950.87399,68630.67532958141,0.0045503900020139295,7.026802294519516,2.509005841854006,TP1_HALF
SOLUSDT,LONG,2024-04-05 13:00:00+00:00,2024-04-07 01:00:00+00:00,172.90272999999996,181.03151726999997,0.5984025397713542,4.652491795150624,4.701364327792867,TP1_HALF
XRPUSDT,LONG,2024-04-05 11:00:00+00:00,2024-04-07 13:00:00+00:00,0.5784778999999999,0.5992530470999999,232.6421101988279,4.559184248255265,3.5913467221479145,TP1_HALF
BTCUSDT,LONG,2024-04-05 13:00:00+00:00,2024-04-09 01:00:00+00:00,66950.87399,70978.43979642857,0.0045503900020139295,17.69936300758738,6.01570310647499,STOP
SOLUSDT,LONG,2024-04-05 13:00:00+00:00,2024-04-09 06:00:00+00:00,172.90272999999996,176.19363,0.5984025397713542,1.7603827696846446,1.9033244877047606,STOP
XRPUSDT,LONG,2024-04-05 11:00:00+00:00,2024-04-09 08:00:00+00:00,0.5784778999999999,0.6045198749999999,232.6421101988279,5.783244919008616,4.501809835777659,STOP
XRPUSDT,LONG,2024-04-09 09:00:00+00:00,2024-04-09 11:00:00+00:00,0.6099092999999999,0.6230748871285713,364.38268420149143,4.348033889313554,2.1586139330178167,TP1_HALF
XRPUSDT,LONG,2024-04-09 09:00:00+00:00,2024-04-09 13:00:00+00:00,0.6099092999999999,0.6286814035714285,364.38268420149143,6.38890848227121,3.077851669326681,STOP
BTCUSDT,LONG,2024-04-09 09:00:00+00:00,2024-04-09 14:00:00+00:00,70570.51000999998,69015.92464320427,0.01082372423299961,-18.337248382207246,-2.202882431451081,STOP
XRPUSDT,LONG,2024-04-09 13:00:00+00:00,2024-04-09 14:00:00+00:00,0.6309302999999999,0.6144794911285714,636.2830282056897,-11.259803598401904,-2.607389258596171,STOP
ETHUSDT,LONG,2024-04-09 16:00:00+00:00,2024-04-10 12:00:00+00:00,3533.4499199999996,3420.3054765085712,0.14585400650626487,-17.51680348199184,-3.2020955738189194,STOP
SOLUSDT,LONG,2024-04-09 16:00:00+00:00,2024-04-10 12:00:00+00:00,172.64246999999997,166.36665110142852,1.637180527696477,-10.829667627869497,-3.6351535624875253,STOP
SOLUSDT,LONG,2024-04-10 14:00:00+00:00,2024-04-10 17:00:00+00:00,166.07590999999996,172.3780023042857,0.7669255008275953,4.573666360525049,3.7947058693134528,TP1_HALF
BTCUSDT,LONG,2024-04-10 14:00:00+00:00,2024-04-10 19:00:00+00:00,68328.02977,70011.2512945157,0.0045313962234553185,7.000473563657936,2.4634422069268247,TP1_HALF
SOLUSDT,LONG,2024-04-10 14:00:00+00:00,2024-04-12 12:00:00+00:00,166.07590999999996,169.67551178571426,0.7669255008275953,2.5031300749822587,2.167443662186952,STOP
XRPUSDT,LONG,2024-04-10 07:00:00+00:00,2024-04-12 13:00:00+00:00,0.613613,0.5916350584285714,467.69555956539904,-10.842674846446767,-3.581726849240241,STOP
BTCUSDT,LONG,2024-04-10 14:00:00+00:00,2024-04-12 14:00:00+00:00,68328.02977,69483.03455571429,0.0045313962234553185,4.609307787622665,1.690382101755561,STOP
BTCUSDT,LONG,2024-04-12 16:00:00+00:00,2024-04-12 17:00:00+00:00,69416.6473,67646.20623698572,0.009350409177072888,-17.83594212662344,-2.55045602442151,STOP
XRPUSDT,LONG,2024-04-12 17:00:00+00:00,2024-04-12 18:00:00+00:00,0.5946940999999999,0.5785792273285714,637.6377134414518,-11.023573884289458,-2.709775104785561,STOP
XRPUSDT,LONG,2024-04-12 20:00:00+00:00,2024-04-13 17:00:00+00:00,0.5369364,0.5124127600285715,411.4245949354911,-10.521356694699433,-4.567326776770675,STOP
SOLUSDT,LONG,2024-04-12 21:00:00+00:00,2024-04-13 17:00:00+00:00,152.68252999999999,143.39220854142854,1.0800076341225626,-10.353381076605402,-6.08473114676017,STOP
BTCUSDT,LONG,2024-04-12 20:00:00+00:00,2024-04-13 19:00:00+00:00,66910.82397999999,64737.56054566285,0.007496347764139568,-17.27842055987103,-3.2479998079036343,STOP
BTCUSDT,LONG,2024-04-13 19:00:00+00:00,2024-04-13 20:00:00+00:00,67223.42627,65255.52363980143,0.008227317702075822,-17.280506555139553,-2.927406024046686,STOP
SOLUSDT,LONG,2024-04-13 19:00:00+00:00,2024-04-13 20:00:00+00:00,143.69355,134.34692573571428,1.0619912929051243,-10.22131015103371,-6.504553798194634,STOP
BTCUSDT,LONG,2024-04-13 22:00:00+00:00,2024-04-13 23:00:00+00:00,62990.93801,65109.903288775706,0.0035581819381703913,7.083857882776175,3.3639208205461513,TP1_HALF
BTCUSDT,LONG,2024-04-13 22:00:00+00:00,2024-04-14 00:00:00+00:00,62990.93801,63360.52569321429,0.0035581819381703913,0.8654787229731561,0.5867315123258221,STOP
SOLUSDT,LONG,2024-04-13 22:00:00+00:00,2024-04-14 06:00:00+00:00,133.55341999999996,144.16197086571424,0.45171533632674965,4.666596821057536,7.943301538601011,TP1_HALF
SOLUSDT,LONG,2024-04-13 22:00:00+00:00,2024-04-14 17:00:00+00:00,133.55341999999996,134.7122957142857,0.45171533632674965,0.4023021950406649,0.8677244763074743,STOP
XRPUSDT,SHORT,2024-04-14 01:00:00+00:00,2024-04-15 06:00:00+00:00,0.473526,0.511365426,260.774359438306,-10.124386507394615,-7.9909922580808646,STOP
BTCUSDT,LONG,2024-04-14 04:00:00+00:00,2024-04-15 06:00:00+00:00,63500.98755,66114.99137744999,0.002905570862618152,7.218564944109689,4.116477441223654,TP1_HALF
BTCUSDT,LONG,2024-04-14 04:00:00+00:00,2024-04-15 14:00:00+00:00,63500.98755,64122.69811500001,0.002905570862618152,1.4356044401977315,0.9790565296492026,STOP
BTCUSDT,LONG,2024-04-15 16:00:00+00:00,2024-04-16 10:00:00+00:00,64633.37880999999,61603.85186404713,0.0052527147872696925,-16.576329155704105,-4.687248294505276,STOP
SOLUSDT,LONG,2024-04-14 19:00:00+00:00,2024-04-16 16:00:00+00:00,142.50236,126.75405049714287,0.623951036616472,-9.994176855710073,-11.051262240749649,STOP
XRPUSDT,SHORT,2024-04-15 08:00:00+00:00,2024-04-17 15:00:00+00:00,0.5131863000000001,0.4754541363,127.45970083502273,4.6833184828159125,7.352527473940773,TP1_HALF
BTCUSDT,LONG,2024-04-16 17:00:00+00:00,2024-04-17 15:00:00+00:00,62793.6309,60138.231041957144,0.005966029232999367,-16.575608260398784,-4.228772599997644,STOP
ETHUSDT,LONG,2024-04-17 17:00:00+00:00,2024-04-18 14:00:00+00:00,2954.1612099999998,3087.424980218571,0.056600635427080506,7.200856456425729,4.51105274036725,TP1_HALF
ETHUSDT,LONG,2024-04-17 17:00:00+00:00,2024-04-19 01:00:00+00:00,2954.1612099999998,2955.087668571429,0.056600635427080506,-0.2820290975841554,0.031361137919394544,STOP
SOLUSDT,LONG,2024-04-16 17:00:00+00:00,2024-04-19 06:00:00+00:00,132.28215,144.59598070714284,0.38836333676847495,4.6747110671084595,9.308762147533024,TP1_HALF
BTCUSDT,LONG,2024-04-19 03:00:00+00:00,2024-04-19 06:00:00+00:00,61420.93958,63751.93704149143,0.0032284675995735168,7.1214332025953055,3.795118533566777,TP1_HALF
XRPUSDT,SHORT,2024-04-15 08:00:00+00:00,2024-04-19 16:00:00+00:00,0.5131863000000001,0.50521185,127.45970083502273,0.8866162877939161,1.553909369755213,STOP
BTCUSDT,LONG,2024-04-19 03:00:00+00:00,2024-04-19 23:00:00+00:00,61420.93958,62992.13159892857,0.0032284675995735168,4.6708789565547955,2.558072262769784,STOP
XRPUSDT,SHORT,2024-04-20 00:00:00+00:00,2024-04-20 09:00:00+00:00,0.502497,0.5252109719999999,437.50192369757247,-10.387030659562091,-4.520220419226373,STOP
XRPUSDT,SHORT,2024-04-20 19:00:00+00:00,2024-04-22 16:00:00+00:00,0.5247747,0.5454839247,480.1502887834426,-10.457425207908837,-3.946307758358003,STOP
XRPUSDT,SHORT,2024-04-22 18:00:00+00:00,2024-04-22 20:00:00+00:00,0.5432562,0.5575703562,701.8713221250711,-10.819334327629253,-2.6348813322333076,STOP
XRPUSDT,SHORT,2024-04-22 22:00:00+00:00,2024-04-23 09:00:00+00:00,0.5584410000000001,0.545056941,345.64548702518584,4.244720508180607,2.3966827292408843,TP1_HALF
SOLUSDT,LONG,2024-04-16 17:00:00+00:00,2024-04-24 19:00:00+00:00,132.28215,147.39388714285715,0.38836333676847495,5.76022874216912,11.423867198149672,STOP
SOLUSDT,LONG,2024-04-24 20:00:00+00:00,2024-04-25 10:00:00+00:00,149.97983,143.42804409857143,1.506458375562443,-10.311999495490747,-4.368444677813388,STOP
XRPUSDT,SHORT,2024-04-22 22:00:00+00:00,2024-04-25 17:00:00+00:00,0.5584410000000001,0.5281562,345.64548702518584,10.092227027066183,5.423097516120789,STOP
BTCUSDT,LONG,2024-04-20 16:00:00+00:00,2024-04-29 03:00:00+00:00,64873.15834999999,62259.86330736428,0.00607259310139117,-16.641504558084897,-4.028314805541933,STOP
XRPUSDT,SHORT,2024-04-26 01:00:00+00:00,2024-04-29 03:00:00+00:00,0.5222772,0.5060148522,287.84711635184203,4.38507901734744,3.1137387961794993,TP1_HALF
XRPUSDT,SHORT,2024-04-26 01:00:00+00:00,2024-04-29 17:00:00+00:00,0.5222772,0.5158832249999998,287.84711635184203,1.5416557811289633,1.2242493066900395,STOP
BTCUSDT,LONG,2024-04-29 05:00:00+00:00,2024-04-29 22:00:00+00:00,62604.541999999994,63562.45127978571,0.007535729445530769,6.267784839515825,1.530095499757378,TP1_HALF
BTCUSDT,LONG,2024-04-29 05:00:00+00:00,2024-04-30 01:00:00+00:00,62604.541999999994,63648.75217821429,0.007535729445530769,6.917474720758349,1.667946357972383,STOP
BTCUSDT,LONG,2024-04-30 01:00:00+00:00,2024-04-30 02:00:00+00:00,64644.579999999994,63416.22921964285,0.01326750760782177,-17.9962010840476,-1.9001605089817963,STOP
XRPUSDT,SHORT,2024-04-30 02:00:00+00:00,2024-04-30 08:00:00+00:00,0.5110884000000001,0.5005098384,433.9162515547081,4.151260880626765,2.069810545494699,TP1_HALF
BTCUSDT,LONG,2024-04-30 03:00:00+00:00,2024-04-30 08:00:00+00:00,63844.69091,62617.140018732855,0.013205711237303347,-17.880701020953776,-1.9227141266884407,STOP
XRPUSDT,SHORT,2024-04-30 02:00:00+00:00,2024-04-30 14:00:00+00:00,0.5110884000000001,0.49937745,433.9162515547081,4.6431139721886145,2.291374642821109,STOP
BTCUSDT,LONG,2024-04-30 11:00:00+00:00,2024-04-30 14:00:00+00:00,61843.97218999999,60502.85127530999,0.011969812552277049,-17.51743450202393,-2.168555587874832,STOP
BTCUSDT,LONG,2024-04-30 15:00:00+00:00,2024-04-30 19:00:00+00:00,61309.117869999995,59826.08225891571,0.010734314576100202,-17.219674121360335,-2.4189478867220338,STOP
BTCUSDT,LONG,2024-04-30 21:00:00+00:00,2024-05-01 07:00:00+00:00,60018.57861999999,58336.101980665706,0.009363847343370152,-16.86270957103067,-2.8032597206053,STOP
XRPUSDT,SHORT,2024-04-30 16:00:00+00:00,2024-05-01 08:00:00+00:00,0.4956039,0.4822857038999999,345.9360497122547,4.268956881499333,2.6872662019003624,TP1_HALF
XRPUSDT,SHORT,2024-04-30 16:00:00+00:00,2024-05-01 10:00:00+00:00,0.4956039,0.492492,345.9360497122547,0.7347004007166906,0.6279006279006238,STOP
BTCUSDT,LONG,2024-05-01 13:00:00+00:00,2024-05-03 12:00:00+00:00,58027.94998,60078.01290037714,0.0035921271330293858,6.9398350068690435,3.5328887563385036,TP1_HALF
XRPUSDT,SHORT,2024-05-01 20:00:00+00:00,2024-05-03 16:00:00+00:00,0.5100894,0.5284137144,532.4179577943376,-10.309111758161242,-3.5923731016562765,STOP
XRPUSDT,SHORT,2024-05-04 12:00:00+00:00,2024-05-06 08:00:00+00:00,0.5338655999999999,0.5459073905999998,823.4483348752086,-10.804929689638634,-2.2555846640053057,STOP
BTCUSDT,LONG,2024-05-01 13:00:00+00:00,2024-05-06 12:00:00+00:00,58027.94998,63326.40912964286,0.0035921271330293858,18.59681858861079,9.130874262263333,STOP
XRPUSDT,SHORT,2024-05-06 10:00:00+00:00,2024-05-06 12:00:00+00:00,0.5415579,0.5335087329,549.961868327202,3.835489322787945,1.4862985287445785,TP1_HALF
XRPUSDT,SHORT,2024-05-06 10:00:00+00:00,2024-05-06 14:00:00+00:00,0.5415579,0.533815425,549.961868327202,3.666651693510432,1.4296670771490994,STOP
XRPUSDT,SHORT,2024-05-06 17:00:00+00:00,2024-05-06 23:00:00+00:00,0.5526468,0.5400827718,362.6854743668536,4.160473384572562,2.273428200434713,TP1_HALF
XRPUSDT,SHORT,2024-05-06 17:00:00+00:00,2024-05-09 22:00:00+00:00,0.5526468,0.522325375,362.6854743668536,10.607263616382935,5.486582931449169,STOP
XRPUSDT,SHORT,2024-05-10 10:00:00+00:00,2024-05-10 14:00:00+00:00,0.5153841,0.5044237340999999,416.1562970100652,4.136825834918546,2.1266402863418077,TP1_HALF
XRPUSDT,SHORT,2024-05-10 10:00:00+00:00,2024-05-12 04:00:00+00:00,0.5153841,0.5089727500000001,416.1562970100652,2.2418311213225564,1.2439945275766084,STOP
XRPUSDT,SHORT,2024-05-12 08:00:00+00:00,2024-05-13 02:00:00+00:00,0.5036958,0.4953191957999999,538.6852831469384,3.9741987294063477,1.6630283992838835,TP1_HALF
XRPUSDT,SHORT,2024-05-12 08:00:00+00:00,2024-05-13 06:00:00+00:00,0.5036958,0.4959669,538.6852831469384,3.62494110031346,1.5344380477264274,STOP
XRPUSDT,SHORT,2024-05-13 09:00:00+00:00,2024-05-13 16:00:00+00:00,0.5026967999999999,0.5118867467999999,1103.5011870595954,-11.260711351079419,-1.8281291625488638,STOP
XRPUSDT,SHORT,2024-05-14 07:00:00+00:00,2024-05-15 16:00:00+00:00,0.5029965,0.5137525964999999,932.2264248985493,-10.974957761307806,-2.1384038457524124,STOP
XRPUSDT,SHORT,2024-05-15 16:00:00+00:00,2024-05-16 08:00:00+00:00,0.5102892,0.5227256892,799.143560004836,-10.764067449342948,-2.437145289377085,STOP
XRPUSDT,SHORT,2024-05-16 09:00:00+00:00,2024-05-17 16:00:00+00:00,0.5165829,0.5280711578999999,866.2131211996074,-10.85617278477241,-2.2238943449347515,STOP
XRPUSDT,SHORT,2024-05-17 17:00:00+00:00,2024-05-19 12:00:00+00:00,0.5245749000000001,0.5155863999,498.0850710282307,3.9589488958042875,1.7134826885541132,TP1_HALF
BTCUSDT,LONG,2024-05-19 03:00:00+00:00,2024-05-19 19:00:00+00:00,67278.82161,66163.05518267571,0.014432532153015893,-18.029239014982483,-1.6584214774035821,STOP
XRPUSDT,SHORT,2024-05-17 17:00:00+00:00,2024-05-20 04:00:00+00:00,0.5245749000000001,0.516319375,498.0850710282307,3.5934998571041006,1.5737552444846425,STOP
SOLUSDT,LONG,2024-05-19 16:00:00+00:00,2024-05-20 04:00:00+00:00,168.45828999999998,174.06654920999998,0.8194614329687256,4.315066233120245,3.3291678373323252,TP1_HALF
XRPUSDT,SHORT,2024-05-20 06:00:00+00:00,2024-05-20 07:00:00+00:00,0.5149845,0.5093004344999998,763.1186681637723,3.5559655390798763,1.1037352580514748,TP1_HALF
XRPUSDT,SHORT,2024-05-20 06:00:00+00:00,2024-05-20 08:00:00+00:00,0.5149845,0.51500735,763.1186681637723,-0.8034432703590964,-0.00443702674546298,STOP
BTCUSDT,LONG,2024-05-20 02:00:00+00:00,2024-05-20 15:00:00+00:00,66586.92039999999,67369.08066852855,0.008881388002725157,5.756953604334786,1.1746455067000783,TP1_HALF
XRPUSDT,SHORT,2024-05-20 10:00:00+00:00,2024-05-20 15:00:00+00:00,0.5102892,0.5179316142,1327.5299783358812,-11.510527912559262,-1.4976633250321614,STOP
SOLUSDT,LONG,2024-05-19 16:00:00+00:00,2024-05-20 21:00:00+00:00,168.45828999999998,182.3549625,0.8194614329687256,11.100309229749033,8.249325396808915,STOP
BTCUSDT,LONG,2024-05-20 02:00:00+00:00,2024-05-20 21:00:00+00:00,66586.92039999999,69502.07157107144,0.008881388002725157,24.681929496289378,4.377963650458083,STOP
BTCUSDT,LONG,2024-05-20 22:00:00+00:00,2024-05-20 23:00:00+00:00,69787.50778999999,70859.39104006713,0.006673860370608038,6.214941380190739,1.5359242420471375,TP1_HALF
XRPUSDT,SHORT,2024-05-20 21:00:00+00:00,2024-05-21 00:00:00+00:00,0.5307687,0.5408554436999999,998.6690504573725,-11.143516619121913,-1.900402887359398,STOP
BTCUSDT,LONG,2024-05-20 22:00:00+00:00,2024-05-21 01:00:00+00:00,69787.50778999999,70765.35024214286,0.006673860370608038,5.587953840858058,1.4011711882380595,STOP
XRPUSDT,SHORT,2024-05-21 02:00:00+00:00,2024-05-21 09:00:00+00:00,0.5366628,0.5471093628,963.1688084032879,-11.105658986610848,-1.9465785219322074,STOP
SOLUSDT,LONG,2024-05-20 22:00:00+00:00,2024-05-21 14:00:00+00:00,185.02483999999998,178.12225373142854,1.4178045314810768,-10.301389685606248,-3.7306268004725474,STOP
BTCUSDT,LONG,2024-05-21 03:00:00+00:00,2024-05-21 15:00:00+00:00,71355.0838,69929.92173548571,0.011258131733920842,-17.635267468834623,-1.9972817473087767,STOP
XRPUSDT,SHORT,2024-05-21 10:00:00+00:00,2024-05-21 15:00:00+00:00,0.5415579,0.5534250579,840.3188054303317,-10.892330721530161,-2.191299933026536,STOP
XRPUSDT,SHORT,2024-05-21 16:00:00+00:00,2024-05-22 04:00:00+00:00,0.5419575,0.5292540824999998,355.59374953982467,4.136339717623214,2.343987766568434,TP1_HALF
SOLUSDT,LONG,2024-05-22 06:00:00+00:00,2024-05-23 10:00:00+00:00,181.68149999999997,173.9313231428571,1.2435040408676048,-10.079582221858221,-4.265804089652969,STOP
XRPUSDT,SHORT,2024-05-21 16:00:00+00:00,2024-05-23 13:00:00+00:00,0.5419575,0.5331647749999999,355.59374953982467,2.7443312904415382,1.6224012030463753,STOP
BTCUSDT,LONG,2024-05-22 15:00:00+00:00,2024-05-23 13:00:00+00:00,70184.74463,68386.23279965571,0.00871266059549627,-16.8771450495053,-2.5625395373676807,STOP
XRPUSDT,SHORT,2024-05-23 13:00:00+00:00,2024-05-23 14:00:00+00:00,0.5236758,0.5373590507999999,712.00664077854,-10.498029296905251,-2.6129240266592246,STOP
SOLUSDT,LONG,2024-05-23 12:00:00+00:00,2024-05-23 20:00:00+00:00,175.84566999999996,168.52733111571425,1.3141462682137721,-10.069924228597596,-4.161796468622581,STOP
BTCUSDT,LONG,2024-05-23 16:00:00+00:00,2024-05-23 20:00:00+00:00,68144.07599999999,66529.15132435712,0.009645598373723089,-16.875918687529936,-2.369868036134004,STOP
XRPUSDT,SHORT,2024-05-23 19:00:00+00:00,2024-05-23 20:00:00+00:00,0.5195799,0.5037545798999998,285.8210656384474,4.230719303501999,3.0457914365047856,TP1_HALF
XRPUSDT,SHORT,2024-05-23 19:00:00+00:00,2024-05-23 21:00:00+00:00,0.5195799,0.5195476,285.8210656384474,-0.2877725089640981,0.006216560725302855,STOP
XRPUSDT,SHORT,2024-05-23 21:00:00+00:00,2024-05-24 01:00:00+00:00,0.5167826999999999,0.5342664326999998,547.2915711995057,-10.143929871058393,-3.383188465867737,STOP
SOLUSDT,LONG,2024-05-23 21:00:00+00:00,2024-05-24 08:00:00+00:00,172.39221999999998,164.60423670857142,1.2168872320978488,-9.88718411656167,-4.517595568656496,STOP
XRPUSDT,SHORT,2024-05-24 07:00:00+00:00,2024-05-24 13:00:00+00:00,0.5183811,0.5366386311,522.0364864980086,-10.081856181181612,-3.522028696648083,STOP
BTCUSDT,LONG,2024-05-23 21:00:00+00:00,2024-05-25 11:00:00+00:00,67870.69288999999,69431.80408460999,0.004551218456540283,6.480064423260766,2.300125618490645,TP1_HALF
SOLUSDT,LONG,2024-05-26 00:00:00+00:00,2024-05-26 17:00:00+00:00,168.51834999999997,161.66866236428567,1.3782456279456232,-9.895630842911935,-4.064653870462354,STOP
SOLUSDT,LONG,2024-05-26 17:00:00+00:00,2024-05-27 11:00:00+00:00,163.16299999999998,167.65053878571428,0.9873324976221454,4.104069919979022,2.750340938640683,TP1_HALF
SOLUSDT,LONG,2024-05-26 17:00:00+00:00,2024-05-27 19:00:00+00:00,163.16299999999998,167.4570182142857,0.9873324976221454,3.9131918399983228,2.631735267361912,STOP
BTCUSDT,LONG,2024-05-23 21:00:00+00:00,2024-05-28 01:00:00+00:00,67870.69288999999,68987.8905525,0.004551218456540283,4.461737310274242,1.6460678607048917,STOP
BTCUSDT,LONG,2024-05-28 03:00:00+00:00,2024-05-28 04:00:00+00:00,68748.68,67536.69034821427,0.012896310817629071,-17.38777375308502,-1.7629278871764908,STOP
SOLUSDT,LONG,2024-05-28 03:00:00+00:00,2024-05-29 06:00:00+00:00,168.97880999999998,173.60182011857142,0.961473874115891,4.115521123142684,2.7358519796484737,TP1_HALF
SOLUSDT,LONG,2024-05-28 03:00:00+00:00,2024-05-29 08:00:00+00:00,168.97880999999998,168.96408107142855,0.961473874115891,-0.3390847407235194,-0.008716435256839183,STOP
XRPUSDT,SHORT,2024-05-24 16:00:00+00:00,2024-05-31 16:00:00+00:00,0.5321672999999999,0.5130512672999998,234.38561843110392,4.235538946046437,3.5921096053816326,TP1_HALF
BTCUSDT,LONG,2024-05-28 09:00:00+00:00,2024-05-31 16:00:00+00:00,68228.14998999999,66828.04005500999,0.011017576434292672,-16.91381012191016,-2.0521001011975515,STOP
SOLUSDT,LONG,2024-05-29 13:00:00+00:00,2024-06-02 17:00:00+00:00,168.95878999999996,162.6074483528571,1.4849856789535127,-9.924022503726663,-3.7591069675291133,STOP
SOLUSDT,LONG,2024-06-02 19:00:00+00:00,2024-06-03 08:00:00+00:00,163.23306999999997,166.2584308585714,1.4307718355795773,3.857173949417545,1.8533994726506187,TP1_HALF
SOLUSDT,LONG,2024-06-02 19:00:00+00:00,2024-06-03 14:00:00+00:00,163.23306999999997,163.8541960714286,1.4307718355795773,0.4207024412725345,0.3805148499802291,STOP
XRPUSDT,SHORT,2024-05-24 16:00:00+00:00,2024-06-04 13:00:00+00:00,0.5321672999999999,0.5281562,234.38561843110392,0.6916195748044529,0.7537291374347777,STOP
SOLUSDT,LONG,2024-06-03 16:00:00+00:00,2024-06-04 16:00:00+00:00,164.99483,168.16720874142857,1.3685888883838042,3.8857204310113103,1.9227140277235044,TP1_HALF
SOLUSDT,LONG,2024-06-03 16:00:00+00:00,2024-06-05 14:00:00+00:00,164.99483,171.34776642857145,1.3685888883838042,8.23424346458926,3.8503851475657935,STOP
ETHUSDT,LONG,2024-05-31 17:00:00+00:00,2024-06-05 18:00:00+00:00,3757.9141599999994,3846.265829768571,0.07946261947723475,6.416407054034944,2.3510827019149305,TP1_HALF
ETHUSDT,LONG,2024-05-31 17:00:00+00:00,2024-06-06 19:00:00+00:00,3757.9141599999994,3791.472946071428,0.07946261947723475,2.066774972815759,0.8930163021985793,STOP
SOLUSDT,LONG,2024-06-05 15:00:00+00:00,2024-06-06 19:00:00+00:00,172.99281999999997,168.69360039428568,2.2216378735993936,-10.310412595418455,-2.485201181016816,STOP
XRPUSDT,SHORT,2024-06-04 15:00:00+00:00,2024-06-06 20:00:00+00:00,0.5261733,0.5185913732999999,564.5591327360636,3.690614524348891,1.4409561830674433,TP1_HALF
XRPUSDT,SHORT,2024-06-04 15:00:00+00:00,2024-06-07 04:00:00+00:00,0.5261733,0.5250244999999999,564.5591327360636,0.0551022133851663,0.21833110878108908,STOP
BTCUSDT,LONG,2024-06-06 21:00:00+00:00,2024-06-07 12:00:00+00:00,70790.73000999998,71858.34544856142,0.006445246525775281,5.961636238247796,1.508128872820813,TP1_HALF
BTCUSDT,LONG,2024-06-06 21:00:00+00:00,2024-06-07 15:00:00+00:00,70790.73000999998,70786.61681142857,0.006445246525775281,-0.93901148153154,-0.005810363264846519,STOP
SOLUSDT,LONG,2024-06-06 21:00:00+00:00,2024-06-07 17:00:00+00:00,170.62044999999998,166.52161883571426,2.3348125064366534,-10.357165782910144,-2.402309432594807,STOP
XRPUSDT,SHORT,2024-06-07 06:00:00+00:00,2024-06-07 17:00:00+00:00,0.5235759,0.5172783759,673.6549111991981,3.541181443557557,1.2027910566548172,TP1_HALF
XRPUSDT,SHORT,2024-06-07 06:00:00+00:00,2024-06-07 19:00:00+00:00,0.5235759,0.45807189999999987,673.6549111991981,43.46579944165446,12.510889061165752,STOP
XRPUSDT,SHORT,2024-06-07 19:00:00+00:00,2024-06-07 20:00:00+00:00,0.4900095,0.49815715949999995,1213.743160148196,-11.088546513396038,-1.6627554159664104,STOP
SOLUSDT,LONG,2024-06-07 20:00:00+00:00,2024-06-09 03:00:00+00:00,162.17200999999997,156.68267048999996,1.7360363448382896,-10.083236212569261,-3.384887139278847,STOP
BTCUSDT,LONG,2024-06-07 20:00:00+00:00,2024-06-11 02:00:00+00:00,69324.25499999999,67974.20453892856,0.011553640553241637,-17.184294805983978,-1.9474431583454077,STOP
SOLUSDT,LONG,2024-06-09 04:00:00+00:00,2024-06-11 04:00:00+00:00,157.93777999999998,152.45053400571427,1.7306136447273606,-10.033465041068595,-3.474308676673621,STOP
BTCUSDT,LONG,2024-06-11 04:00:00+00:00,2024-06-11 05:00:00+00:00,68532.46399999999,67735.35441385715,0.020104934682453463,-18.765491752690487,-1.1631123990271885,STOP
XRPUSDT,SHORT,2024-06-08 17:00:00+00:00,2024-06-11 15:00:00+00:00,0.4918077,0.47636215769999996,290.7218333869507,4.20888825905119,3.1405653673173606,TP1_HALF
SOLUSDT,LONG,2024-06-11 10:00:00+00:00,2024-06-11 15:00:00+00:00,154.23408,149.77808056285716,2.1173005930243383,-10.078375378625022,-2.889114673710802,STOP
ETHUSDT,LONG,2024-06-11 11:00:00+00:00,2024-06-11 15:00:00+00:00,3532.9293999999995,3469.3943898857137,0.2428750532195872,-17.13175872594345,-1.7983662541993017,STOP
SOLUSDT,LONG,2024-06-11 15:00:00+00:00,2024-06-11 16:00:00+00:00,152.13197999999997,147.6459719485714,2.0883579920289566,-9.99443444829297,-2.9487607085824874,STOP
BTCUSDT,LONG,2024-06-11 17:00:00+00:00,2024-06-11 19:00:00+00:00,66553.95747,67505.49511610143,0.0070922683959159585,5.797774756219295,1.4297236141522562,TP1_HALF
SOLUSDT,LONG,2024-06-11 17:00:00+00:00,2024-06-12 10:00:00+00:00,147.87772999999999,152.68025405571427,0.9116152608301877,4.104060974663685,3.247631712844301,TP1_HALF
XRPUSDT,SHORT,2024-06-08 17:00:00+00:00,2024-06-12 12:00:00+00:00,0.4918077,0.48710804999999996,290.7218333869507,1.0816986827056372,0.9555869092736979,STOP
XRPUSDT,SHORT,2024-06-12 12:00:00+00:00,2024-06-12 13:00:00+00:00,0.48111839999999995,0.4934291933999999,766.8240625244117,-10.187519152581064,-2.5587866521006086,STOP
BTCUSDT,LONG,2024-06-11 17:00:00+00:00,2024-06-12 18:00:00+00:00,66553.95747,68910.90939642856,0.0070922683959159585,15.755382464468797,3.541415140476034,STOP
SOLUSDT,LONG,2024-06-11 17:00:00+00:00,2024-06-12 18:00:00+00:00,147.87772999999999,156.72775821428573,0.9116152608301877,7.790137767331846,5.984693039503486,STOP
XRPUSDT,SHORT,2024-06-12 14:00:00+00:00,2024-06-13 15:00:00+00:00,0.49170780000000003,0.4803698328,382.33447559481465,3.96323695174918,2.3058343186746266,TP1_HALF
BTCUSDT,LONG,2024-06-12 21:00:00+00:00,2024-06-13 15:00:00+00:00,68172.07397,66429.51973995856,0.008682860439849985,-16.299082041485015,-2.5561115110100285,STOP
SOLUSDT,LONG,2024-06-13 13:00:00+00:00,2024-06-14 15:00:00+00:00,150.20005,143.2220417357143,1.3308101706896256,-9.67689347325459,-4.645809548189705,STOP
ETHUSDT,LONG,2024-06-13 15:00:00+00:00,2024-06-14 16:00:00+00:00,3511.3077999999996,3409.153448271428,0.1468844833869531,-16.02139755463214,-2.9092964088358153,STOP
XRPUSDT,SHORT,2024-06-12 14:00:00+00:00,2024-06-14 21:00:00+00:00,0.49170780000000003,0.4723897749999999,382.33447559481465,7.01733921714271,3.9287611463556416,STOP
SOLUSDT,LONG,2024-06-15 16:00:00+00:00,2024-06-16 22:00:00+00:00,145.33518999999998,149.71425445285712,0.9956074701594521,4.066075850610618,3.0130792500131065,TP1_HALF
SOLUSDT,LONG,2024-06-15 16:00:00+00:00,2024-06-17 03:00:00+00:00,145.33518999999998,147.11381035714285,0.9956074701594521,1.4796433047528783,1.223805712259285,STOP
XRPUSDT,SHORT,2024-06-15 21:00:00+00:00,2024-06-17 09:00:00+00:00,0.49120830000000004,0.5030787333,793.2955280610735,-10.205525110163196,-2.4165783232897198,STOP
XRPUSDT,SHORT,2024-06-17 09:00:00+00:00,2024-06-17 13:00:00+00:00,0.4950045,0.5064068294999999,826.5479520321367,-10.252286580160554,-2.3034799683639084,STOP
XRPUSDT,SHORT,2024-06-17 14:00:00+00:00,2024-06-17 15:00:00+00:00,0.501498,0.5139900479999999,749.7379848073745,-10.127112856340428,-2.4909467236160276,STOP
BTCUSDT,LONG,2024-06-14 18:00:00+00:00,2024-06-17 18:00:00+00:00,65481.426009999996,67069.18611613286,0.004350980149152871,6.3315876212820665,2.4247488224987457,TP1_HALF
BTCUSDT,LONG,2024-06-14 18:00:00+00:00,2024-06-18 00:00:00+00:00,65481.426009999996,65578.26965785713,0.004350980149152871,-0.14887334480690262,0.14789483638055767,STOP
XRPUSDT,SHORT,2024-06-17 16:00:00+00:00,2024-06-18 01:00:00+00:00,0.5088906,0.4951888655999999,315.4128581188039,4.005003634265455,2.6924715056635073,TP1_HALF
XRPUSDT,SHORT,2024-06-17 16:00:00+00:00,2024-06-18 02:00:00+00:00,0.5088906,0.4836796249999999,315.4128581188039,7.6387962691608635,4.954105066982983,STOP
XRPUSDT,SHORT,2024-06-18 02:00:00+00:00,2024-06-18 07:00:00+00:00,0.48301649999999996,0.5011314164999999,510.95109123487885,-9.758687805175903,-3.750372192254292,STOP
XRPUSDT,SHORT,2024-06-18 07:00:00+00:00,2024-06-18 08:00:00+00:00,0.48861089999999996,0.5086190108999998,460.2893224371431,-9.668534089410374,-4.094896552655669,STOP
BTCUSDT,LONG,2024-06-18 03:00:00+00:00,2024-06-18 14:00:00+00:00,65532.89742999999,64555.58829292713,0.015777622758938264,-17.472101936616912,-1.4913259986967353,STOP
XRPUSDT,SHORT,2024-06-18 10:00:00+00:00,2024-06-18 19:00:00+00:00,0.4972023,0.4771933022999999,218.48079904499684,4.158695075809088,4.024317204485994,TP1_HALF
ETHUSDT,LONG,2024-06-18 15:00:00+00:00,2024-06-19 01:00:00+00:00,3404.5911899999996,3495.778340952857,0.07526138925592216,6.3435402657227815,2.67835830688552,TP1_HALF
XRPUSDT,SHORT,2024-06-18 10:00:00+00:00,2024-06-19 02:00:00+00:00,0.4972023,0.4972825,218.48079904499684,-0.23479799382551925,-0.01613025523012901,STOP
ETHUSDT,LONG,2024-06-18 15:00:00+00:00,2024-06-20 13:00:00+00:00,3404.5911899999996,3527.7422978571426,0.07526138925592216,8.74678641665301,3.6172069122091255,STOP
BTCUSDT,LONG,2024-06-20 17:00:00+00:00,2024-06-21 08:00:00+00:00,64952.88799999999,63686.92482449999,0.01191845968245393,-16.62151948937533,-1.9490483248412294,STOP
BTCUSDT,LONG,2024-06-21 10:00:00+00:00,2024-06-24 00:00:00+00:00,64164.09999999999,63061.107197142854,0.013715228563395788,-16.872721190700393,-1.7190185833778404,STOP
SOLUSDT,SHORT,2024-06-24 00:00:00+00:00,2024-06-24 05:00:00+00:00,128.56131,125.48738630999999,1.3864954473362252,3.909743840808453,2.3910177097604235,TP1_HALF
ETHUSDT,LONG,2024-06-24 01:00:00+00:00,2024-06-24 05:00:00+00:00,3427.6542299999996,3376.233902198571,0.295469050769148,-17.203453813686785,-1.5001608782875597,STOP
ETHUSDT,LONG,2024-06-24 05:00:00+00:00,2024-06-24 06:00:00+00:00,3410.61721,3361.2294017185714,0.30726600972696133,-17.25595306666053,-1.4480607245111687,STOP
SOLUSDT,SHORT,2024-06-24 00:00:00+00:00,2024-06-24 08:00:00+00:00,128.56131,126.53569499999998,1.3864954473362252,2.454815139494384,1.5756023332369695,STOP
XRPUSDT,SHORT,2024-06-19 07:00:00+00:00,2024-06-24 09:00:00+00:00,0.4908087,0.46755435869999995,188.29934217343967,4.1983180359501215,4.737964363712388,TP1_HALF
ETHUSDT,LONG,2024-06-24 07:00:00+00:00,2024-06-24 09:00:00+00:00,3377.2438699999993,3327.8894350585706,0.30576624893584975,-17.141123899691696,-1.4613820275119371,STOP
ETHUSDT,LONG,2024-06-24 09:00:00+00:00,2024-06-24 10:00:00+00:00,3387.97459,3337.3474732671425,0.2967107911739007,-17.0170874909508,-1.4943180767143072,STOP
ETHUSDT,LONG,2024-06-24 11:00:00+00:00,2024-06-24 15:00:00+00:00,3321.8185,3271.257539357143,0.2952713009856962,-16.87594676774158,-1.5220867920043513,STOP
SOLUSDT,SHORT,2024-06-24 16:00:00+00:00,2024-06-24 18:00:00+00:00,126.18369,129.93385118999998,2.3987311451433757,-9.609985568630906,-2.971985674218258,STOP
ETHUSDT,LONG,2024-06-24 18:00:00+00:00,2024-06-25 03:00:00+00:00,3297.6843899999994,3361.0774481099998,0.10378145941585135,5.887968066028071,1.9223506743773155,TP1_HALF
ETHUSDT,LONG,2024-06-24 18:00:00+00:00,2024-06-26 15:00:00+00:00,3297.6843899999994,3360.7583775,0.10378145941585135,5.854887566079135,1.9126750786481628,STOP
ETHUSDT,LONG,2024-06-26 18:00:00+00:00,2024-06-27 13:00:00+00:00,3375.4320599999996,3462.9278086542854,0.07642384259939432,6.164147585031252,2.5921347874584555,TP1_HALF
ETHUSDT,LONG,2024-06-26 18:00:00+00:00,2024-06-28 16:00:00+00:00,3375.4320599999996,3393.341119285714,0.07642384259939432,0.8513834719099094,0.5305708711469181,STOP
ETHUSDT,LONG,2024-06-28 16:00:00+00:00,2024-07-01 01:00:00+00:00,3417.0236099999997,3481.944608532857,0.10182825935808608,5.90828235132974,1.8999282985011856,TP1_HALF
ETHUSDT,LONG,2024-06-28 16:00:00+00:00,2024-07-01 13:00:00+00:00,3417.0236099999997,3453.077037857143,0.10182825935808608,2.9716874119990613,1.055112049903073,STOP
XRPUSDT,SHORT,2024-06-19 07:00:00+00:00,2024-07-02 10:00:00+00:00,0.4908087,0.48620715,188.29934217343967,0.6824973961301692,0.9375445056291842,STOP
XRPUSDT,SHORT,2024-07-02 10:00:00+00:00,2024-07-02 12:00:00+00:00,0.48131820000000003,0.48784841819999997,1444.8530553355558,-10.835509067713263,-1.356736188243035,STOP
XRPUSDT,SHORT,2024-07-02 14:00:00+00:00,2024-07-03 03:00:00+00:00,0.4860135,0.47969986349999993,640.6694304101868,3.426250869738948,1.2990660753250838,TP1_HALF
XRPUSDT,SHORT,2024-07-02 14:00:00+00:00,2024-07-03 07:00:00+00:00,0.4860135,0.48437674999999997,640.6694304101868,0.4269163214807874,0.3367704806553795,STOP
XRPUSDT,SHORT,2024-07-03 11:00:00+00:00,2024-07-03 12:00:00+00:00,0.483516,0.4759879409999999,544.3560308599297,3.575632560402199,1.5569410319410504,TP1_HALF
XRPUSDT,SHORT,2024-07-03 11:00:00+00:00,2024-07-04 00:00:00+00:00,0.483516,0.469572675,544.3560308599297,7.071313485809482,2.8837360087360153,STOP
XRPUSDT,SHORT,2024-07-04 02:00:00+00:00,2024-07-04 13:00:00+00:00,0.4543452,0.44544734519999996,467.74781967632924,3.7410761813182685,1.9583908446705434,TP1_HALF
XRPUSDT,SHORT,2024-07-04 02:00:00+00:00,2024-07-04 22:00:00+00:00,0.4543452,0.44658899999999996,467.74781967632924,3.2065356312517284,1.7071160870633317,STOP
BTCUSDT,SHORT,2024-07-05 00:00:00+00:00,2024-07-05 03:00:00+00:00,56992.95999,55226.796257489994,0.0038466594793425354,6.362159274591705,3.0989156078573554,TP1_HALF
BTCUSDT,SHORT,2024-07-05 00:00:00+00:00,2024-07-05 10:00:00+00:00,56992.95999,55362.572622499996,0.0038466594793425354,5.83935154761377,2.8606820347391593,STOP
BTCUSDT,SHORT,2024-07-05 13:00:00+00:00,2024-07-06 13:00:00+00:00,54997.75719,57263.334032189996,0.006367101223341184,-15.139934814735824,-4.119398604497904,STOP
BTCUSDT,SHORT,2024-07-07 04:00:00+00:00,2024-07-07 23:00:00+00:00,57905.486549999994,56155.60641404999,0.003876112389370922,6.340618459286751,3.0219591272046875,TP1_HALF
BTCUSDT,SHORT,2024-07-07 04:00:00+00:00,2024-07-08 08:00:00+00:00,57905.486549999994,56122.205782499994,0.003876112389370922,6.470212525652259,3.0796404170789216,STOP
BTCUSDT,SHORT,2024-07-08 10:00:00+00:00,2024-07-08 14:00:00+00:00,57454.62786,56163.505972859995,0.005215000746420933,6.140682952410212,2.2472025931245976,TP1_HALF
BTCUSDT,SHORT,2024-07-08 10:00:00+00:00,2024-07-08 15:00:00+00:00,57454.62786,56203.37651499999,0.005215000746420933,5.932550120482918,2.1778077617158,STOP
BTCUSDT,SHORT,2024-07-08 15:00:00+00:00,2024-07-09 06:00:00+00:00,56129.05476,57712.666199759995,0.009240038660010668,-15.684532828607846,-2.821375571940954,STOP
BTCUSDT,SHORT,2024-07-09 13:00:00+00:00,2024-07-10 04:00:00+00:00,57280.67199,59206.56083198999,0.007519605044025674,-15.357861433953511,-3.362196662647765,STOP
BTCUSDT,SHORT,2024-07-10 12:00:00+00:00,2024-07-12 01:00:00+00:00,58433.508,56722.984675499996,0.003954223835831794,6.308437553295912,2.927298707618242,TP1_HALF
BTCUSDT,SHORT,2024-07-10 12:00:00+00:00,2024-07-12 16:00:00+00:00,58433.508,58367.969302499994,0.003954223835831794,-0.2027045057860129,0.11215944368769826,STOP
BTCUSDT,SHORT,2024-07-12 17:00:00+00:00,2024-07-13 22:00:00+00:00,58057.893990000004,59564.61088149,0.00967387764999556,-15.713660582468657,-2.5951972900524423,STOP
XRPUSDT,SHORT,2024-07-14 10:00:00+00:00,2024-07-16 02:00:00+00:00,0.5276718,0.5573714717999999,298.9003239709319,-9.201561308313813,-5.628436425823757,STOP
XRPUSDT,LONG,2024-07-18 12:00:00+00:00,2024-07-19 10:00:00+00:00,0.5795789999999998,0.539685203142857,220.76282336754548,-9.054159154614222,-6.883237118174213,STOP
XRPUSDT,LONG,2024-07-19 11:00:00+00:00,2024-07-19 16:00:00+00:00,0.5482476999999999,0.5838240058714285,119.81469823598772,4.126925522515927,6.489093501245624,TP1_HALF
SOLUSDT,LONG,2024-07-20 17:00:00+00:00,2024-07-21 15:00:00+00:00,169.82966,175.44189962571429,0.7494559074245688,3.9473603313466437,3.304628664812914,TP1_HALF
SOLUSDT,LONG,2024-07-20 17:00:00+00:00,2024-07-21 18:00:00+00:00,169.82966,171.31066071428572,0.7494559074245688,0.8542751056014108,0.8720506855432353,STOP
SOLUSDT,LONG,2024-07-21 19:00:00+00:00,2024-07-21 20:00:00+00:00,175.17499999999998,180.32806285714284,0.8144159742702505,3.907209333982982,2.9416656812575104,TP1_HALF
SOLUSDT,LONG,2024-07-21 19:00:00+00:00,2024-07-22 05:00:00+00:00,175.17499999999998,179.65659214285714,0.8144159742702505,3.3608997144900186,2.558351444473894,STOP
SOLUSDT,LONG,2024-07-22 16:00:00+00:00,2024-07-23 13:00:00+00:00,180.05987999999996,173.5251097628571,1.3685841941970205,-9.427294087557584,-3.6292205888079354,STOP
XRPUSDT,LONG,2024-07-19 11:00:00+00:00,2024-07-23 16:00:00+00:00,0.5482476999999999,0.5861525464285714,119.81469823598772,4.405639913316083,6.913817682877932,STOP
SOLUSDT,LONG,2024-07-23 15:00:00+00:00,2024-07-23 16:00:00+00:00,178.39821999999998,170.97885570857142,1.1978251798093227,-9.305594024983163,-4.158877981758202,STOP
XRPUSDT,LONG,2024-07-23 18:00:00+00:00,2024-07-24 08:00:00+00:00,0.5893887999999999,0.6137387326285713,173.6449380933375,4.019325537943528,4.131387062083869,TP1_HALF
SOLUSDT,LONG,2024-07-23 18:00:00+00:00,2024-07-24 14:00:00+00:00,173.97379999999998,181.40257298571427,0.5696082018266586,4.029064725383102,4.270052723866624,TP1_HALF
XRPUSDT,LONG,2024-07-23 18:00:00+00:00,2024-07-24 23:00:00+00:00,0.5893887999999999,0.6071279785714286,173.6449380933375,2.872549482919721,3.0097583414256723,STOP
SOLUSDT,LONG,2024-07-23 18:00:00+00:00,2024-07-25 01:00:00+00:00,173.97379999999998,174.7147532142857,0.5696082018266586,0.2234371682330459,0.4258993102902453,STOP
BTCUSDT,LONG,2024-07-24 09:00:00+00:00,2024-07-25 01:00:00+00:00,66503.44700999999,65032.560066561426,0.009879024797646158,-15.830376064456239,-2.2117454200793363,STOP
XRPUSDT,LONG,2024-07-25 13:00:00+00:00,2024-07-25 20:00:00+00:00,0.6214208,0.5944257792000001,327.95942033818596,-9.252019712919852,-4.344080661606419,STOP
BTCUSDT,LONG,2024-07-25 05:00:00+00:00,2024-07-25 21:00:00+00:00,64284.219999999994,65664.11087357142,0.004791369471324236,5.988936539991903,2.146546809732519,TP1_HALF
SOLUSDT,LONG,2024-07-25 15:00:00+00:00,2024-07-26 09:00:00+00:00,171.48130999999998,179.25187868999998,0.5445363960332128,4.040370483042636,4.531437676794048,TP1_HALF
SOLUSDT,LONG,2024-07-25 15:00:00+00:00,2024-07-27 17:00:00+00:00,171.48130999999998,180.19961999999998,0.5445363960332128,4.555934040724512,5.084116747183698,STOP
BTCUSDT,LONG,2024-07-25 05:00:00+00:00,2024-07-27 19:00:00+00:00,64284.219999999994,67886.41491642858,0.004791369471324236,16.626168407191155,5.603544565724805,STOP
BTCUSDT,LONG,2024-07-27 19:00:00+00:00,2024-07-27 20:00:00+00:00,68611.30275999999,67186.3595040257,0.010268063505868468,-16.025786864678444,-2.0768345719344383,STOP
BTCUSDT,LONG,2024-07-27 22:00:00+00:00,2024-07-28 00:00:00+00:00,68928.85999999999,67425.53268857142,0.009664583486216936,-15.846840720262563,-2.1809838599224918,STOP
SOLUSDT,LONG,2024-07-27 19:00:00+00:00,2024-07-29 00:00:00+00:00,181.38119999999998,188.0126420142857,0.6388184362321253,4.000311821020669,3.6560801308436197,TP1_HALF
BTCUSDT,LONG,2024-07-28 19:00:00+00:00,2024-07-29 03:00:00+00:00,68304.24600999999,69634.62667899,0.004933040838155276,5.882364078276159,1.947727625593343,TP1_HALF
SOLUSDT,LONG,2024-07-27 19:00:00+00:00,2024-07-29 14:00:00+00:00,181.38119999999998,186.97319678571426,0.6388184362321253,3.336959062331194,3.083007933410009,STOP
BTCUSDT,LONG,2024-07-28 19:00:00+00:00,2024-07-29 14:00:00+00:00,68304.24600999999,68611.225095,0.004933040838155276,0.838930752428373,0.44942899297222283,STOP
SOLUSDT,LONG,2024-07-29 18:00:00+00:00,2024-07-30 02:00:00+00:00,186.83665,179.65609977857142,1.2382296524134642,-9.344972394987304,-3.843223597419765,STOP
XRPUSDT,LONG,2024-07-26 09:00:00+00:00,2024-07-30 10:00:00+00:00,0.6017010999999999,0.628543356042857,157.61961364124724,4.03695537088882,4.4610614876484656,TP1_HALF
BTCUSDT,LONG,2024-07-29 18:00:00+00:00,2024-07-30 20:00:00+00:00,67082.09508,65402.713683848575,0.008593762727676757,-15.570748259338009,-2.5034718938766742,STOP
XRPUSDT,LONG,2024-07-26 09:00:00+00:00,2024-07-31 16:00:00+00:00,0.6017010999999999,0.6304974428571428,157.61961364124724,4.34464977716931,4.785821873542018,STOP
SOLUSDT,LONG,2024-07-30 03:00:00+00:00,2024-07-31 20:00:00+00:00,181.03085,173.98882986428572,1.258781218920636,-9.311254795458447,-3.8899558476990337,STOP
BTCUSDT,LONG,2024-07-30 21:00:00+00:00,2024-07-31 20:00:00+00:00,66252.19600999999,64668.654764704275,0.009076903375673748,-15.562006787286231,-2.3901717085071272,STOP
XRPUSDT,LONG,2024-07-31 18:00:00+00:00,2024-08-01 02:00:00+00:00,0.6393386999999999,0.6137279291571428,345.13557419723986,-9.271665971044971,-4.005822085047739,STOP
SOLUSDT,LONG,2024-07-31 22:00:00+00:00,2024-08-01 04:00:00+00:00,174.04387,166.57748291571428,1.1733414554031814,-9.160286642050838,-4.289945451273702,STOP
BTCUSDT,LONG,2024-07-31 22:00:00+00:00,2024-08-01 15:00:00+00:00,65042.977999999996,63311.686509857136,0.008216213644477947,-15.279250109758594,-2.661765410161354,STOP
SOLUSDT,LONG,2024-08-01 06:00:00+00:00,2024-08-01 15:00:00+00:00,169.20904,161.95299631714286,1.200871083859134,-9.111255955447024,-4.288212782755063,STOP
XRPUSDT,LONG,2024-08-01 08:00:00+00:00,2024-08-01 16:00:00+00:00,0.6094088,0.5807560340571428,303.47203993249354,-9.056495080434376,-4.701731570475709,STOP
BTCUSDT,LONG,2024-08-01 17:00:00+00:00,2024-08-01 20:00:00+00:00,62970.907999999996,64447.40394128572,0.004379095745905518,5.907740107558516,2.344727094114196,TP1_HALF
BTCUSDT,LONG,2024-08-01 17:00:00+00:00,2024-08-02 02:00:00+00:00,62970.907999999996,64054.65337071428,0.004379095745905518,4.1895676471199685,1.7210254784864931,STOP
XRPUSDT,LONG,2024-08-01 17:00:00+00:00,2024-08-02 15:00:00+00:00,0.5870865,0.5556303135,272.9862844506996,-8.899053492719945,-5.35801564164734,STOP
SOLUSDT,LONG,2024-08-01 18:00:00+00:00,2024-08-02 15:00:00+00:00,162.41224999999997,154.9264541785714,1.150675890610662,-8.978878769807816,-4.609132513975133,STOP
BTCUSDT,LONG,2024-08-02 13:00:00+00:00,2024-08-02 15:00:00+00:00,64910.84599999999,63020.72148042856,0.007409156801168232,-14.952093982519221,-2.9118778078650043,STOP
BTCUSDT,LONG,2024-08-02 16:00:00+00:00,2024-08-02 21:00:00+00:00,63479.426009999996,61373.16034363285,0.006555803663485814,-14.626773214856938,-3.3180288461262086,STOP
SOLUSDT,LONG,2024-08-02 21:00:00+00:00,2024-08-03 17:00:00+00:00,153.43328,143.46895314857144,0.8494165717047757,-8.716058030498834,-6.4942409178951,STOP
XRPUSDT,LONG,2024-08-02 16:00:00+00:00,2024-08-04 14:00:00+00:00,0.5623617999999999,0.5316153667714285,277.30076006196157,-8.829370003313349,-5.46737584746535,STOP
ETHUSDT,SHORT,2024-08-03 01:00:00+00:00,2024-08-04 15:00:00+00:00,2959.4376,2850.7894700999996,0.059854144479755136,6.155274693975892,3.6712424651224485,TP1_HALF
ETHUSDT,SHORT,2024-08-03 01:00:00+00:00,2024-08-04 19:00:00+00:00,2959.4376,2744.2375675,0.059854144479755136,12.539225239761885,7.271652982309895,STOP
SOLUSDT,LONG,2024-08-03 21:00:00+00:00,2024-08-05 00:00:00+00:00,141.01086999999998,130.56767162999998,0.8067963457151308,-8.644642857455942,-7.405952725488474,STOP
XRPUSDT,LONG,2024-08-04 18:00:00+00:00,2024-08-05 00:00:00+00:00,0.5250244999999999,0.49901427192857134,325.87884383815,-8.809895622925252,-4.954097965224202,STOP
BTCUSDT,LONG,2024-08-04 19:00:00+00:00,2024-08-05 00:00:00+00:00,58829.370599999995,56850.589174757144,0.006947177973295011,-14.550595999911287,-3.363594417314486,STOP
BTCUSDT,SHORT,2024-08-07 12:00:00+00:00,2024-08-08 21:00:00+00:00,56906.416619999996,60247.39096661999,0.004030611895956208,-13.938372476086261,-5.870997587020432,STOP
XRPUSDT,LONG,2024-08-09 00:00:00+00:00,2024-08-09 13:00:00+00:00,0.6172166,0.5723187084,185.67154816970987,-8.557123905240976,-7.2742521183001285,STOP
SOLUSDT,LONG,2024-08-09 00:00:00+00:00,2024-08-09 14:00:00+00:00,163.29313,152.92826294142859,0.8059208842493885,-8.608112249589155,-6.347399341644932,STOP
SOLUSDT,LONG,2024-08-09 23:00:00+00:00,2024-08-11 19:00:00+00:00,155.91575999999998,146.16088138285713,0.8520494792692136,-8.569023491060609,-6.256505831830506,STOP
ETHUSDT,SHORT,2024-08-09 00:00:00+00:00,2024-08-11 20:00:00+00:00,2679.8175,2548.3876275,0.04914258627542886,6.201876326956073,4.904433697443967,TP1_HALF
ETHUSDT,SHORT,2024-08-09 00:00:00+00:00,2024-08-12 11:00:00+00:00,2679.8175,2646.66974,0.04914258627542886,1.367209296900553,1.2369409484041416,STOP
BTCUSDT,SHORT,2024-08-12 14:00:00+00:00,2024-08-12 15:00:00+00:00,58099.39245,59487.17305244999,0.009858198015453524,-14.840207627637614,-2.388631866751978,STOP
BTCUSDT,SHORT,2024-08-12 16:00:00+00:00,2024-08-12 18:00:00+00:00,60147.162630000006,58630.82702763,0.00413859281051727,5.783921888255107,2.5210426162541766,TP1_HALF
BTCUSDT,SHORT,2024-08-12 16:00:00+00:00,2024-08-13 16:00:00+00:00,60147.162630000006,60027.75564499999,0.00413859281051727,-0.0031781631308057667,0.1985247180063321,STOP
BTCUSDT,SHORT,2024-08-13 19:00:00+00:00,2024-08-14 16:00:00+00:00,60734.614590000005,58816.23385209,0.00330248223167734,5.940603747777898,3.158628322350243,TP1_HALF
BTCUSDT,SHORT,2024-08-13 19:00:00+00:00,2024-08-15 14:00:00+00:00,60734.614590000005,59750.70923249999,0.00330248223167734,2.8514293196942413,1.6200075758149524,STOP
BTCUSDT,SHORT,2024-08-15 15:00:00+00:00,2024-08-15 18:00:00+00:00,59356.93365,57787.079428649995,0.004022557122911519,5.843609795808212,2.644769742666797,TP1_HALF
BTCUSDT,SHORT,2024-08-15 15:00:00+00:00,2024-08-15 22:00:00+00:00,59356.93365,57763.82969499999,0.004022557122911519,5.937226700889521,2.6839391070869523,STOP
BTCUSDT,SHORT,2024-08-15 23:00:00+00:00,2024-08-16 18:00:00+00:00,57559.742640000004,59551.044550139995,0.006802540981398481,-14.342563779289131,-3.4595392870227615,STOP
BTCUSDT,SHORT,2024-08-17 16:00:00+00:00,2024-08-20 05:00:00+00:00,59328.72189,61092.72822939,0.007682938159129546,-14.477942172145818,-2.9732754780401383,STOP
ETHUSDT,SHORT,2024-08-20 12:00:00+00:00,2024-08-20 15:00:00+00:00,2639.80755,2575.6102300499997,0.09754281432911353,5.7532607321414,2.431893944314245,TP1_HALF
ETHUSDT,SHORT,2024-08-20 12:00:00+00:00,2024-08-21 14:00:00+00:00,2639.80755,2605.5933474999993,0.09754281432911353,2.825698436049656,1.2960870007361236,STOP
BTCUSDT,SHORT,2024-08-21 15:00:00+00:00,2024-08-21 18:00:00+00:00,59350.99959000001,60820.18186959,0.009272962924015278,-14.738015717468148,-2.4754128653926344,STOP
BTCUSDT,SHORT,2024-08-21 21:00:00+00:00,2024-08-23 17:00:00+00:00,61174.764,62895.83414399999,0.007840435204792386,-14.466706432502491,-2.813366217481428,STOP
ETHUSDT,SHORT,2024-08-23 19:00:00+00:00,2024-08-23 22:00:00+00:00,2722.53474,2790.90928974,0.19734927375905298,-14.581741909971624,-2.5114298354187437,STOP
XRPUSDT,LONG,2024-08-09 15:00:00+00:00,2024-08-24 13:00:00+00:00,0.5791786,0.6249779964000001,88.17424105800018,3.9321514244819578,7.907646518707723,TP1_HALF
XRPUSDT,LONG,2024-08-09 15:00:00+00:00,2024-08-26 17:00:00+00:00,0.5791786,0.583990425,88.17424105800018,0.32171747147736196,0.830801586937091,STOP
ETHUSDT,SHORT,2024-08-23 23:00:00+00:00,2024-08-26 18:00:00+00:00,2757.10014,2689.2202451399994,0.09129771295098923,5.700042560910032,2.4620032430160754,TP1_HALF
XRPUSDT,LONG,2024-08-26 19:00:00+00:00,2024-08-27 15:00:00+00:00,0.5827822,0.5970773820857144,271.2064120997103,3.5569595597397097,2.4529201622345953,TP1_HALF
XRPUSDT,LONG,2024-08-26 19:00:00+00:00,2024-08-27 21:00:00+00:00,0.5827822,0.5848217357142856,271.2064120997103,0.23647348926204842,0.3499653411318304,STOP
ETHUSDT,SHORT,2024-08-23 23:00:00+00:00,2024-08-27 22:00:00+00:00,2757.10014,2491.054995,0.09129771295098923,23.810168719176822,9.649455278762565,STOP
ETHUSDT,SHORT,2024-08-27 22:00:00+00:00,2024-08-28 00:00:00+00:00,2488.1193900000003,2431.40229189,0.11019613659399262,5.707892807309813,2.2795167441703956,TP1_HALF
ETHUSDT,SHORT,2024-08-27 22:00:00+00:00,2024-08-28 03:00:00+00:00,2488.1193900000003,2480.4240175,0.11019613659399262,0.3004860311456362,0.30928469634249334,STOP
BTCUSDT,SHORT,2024-08-28 08:00:00+00:00,2024-08-28 09:00:00+00:00,58542.37902,60113.85746651999,0.008640437820934715,-14.60350363752297,-2.684343330125216,STOP
BTCUSDT,SHORT,2024-08-28 14:00:00+00:00,2024-08-29 14:00:00+00:00,59274.666,60955.15955099999,0.00802726745298097,-14.454888152409776,-2.8350957743059846,STOP
BTCUSDT,SHORT,2024-08-29 16:00:00+00:00,2024-08-29 22:00:00+00:00,60719.210009999995,58823.88870500999,0.003311812847996237,5.8810450787332496,3.121452510132894,TP1_HALF
BTCUSDT,SHORT,2024-08-29 16:00:00+00:00,2024-09-02 20:00:00+00:00,60719.210009999995,59141.16851499999,0.003311812847996237,4.829222956247418,2.5989163804010507,STOP
BTCUSDT,SHORT,2024-09-03 03:00:00+00:00,2024-09-03 14:00:00+00:00,59251.698990000004,58115.87466399,0.005438551129317671,5.53892912068702,1.9169481135075994,TP1_HALF
BTCUSDT,SHORT,2024-09-03 03:00:00+00:00,2024-09-04 02:00:00+00:00,59251.698990000004,56856.68202499999,0.005438551129317671,12.393960853043449,4.042106818581237,STOP
BTCUSDT,SHORT,2024-09-04 02:00:00+00:00,2024-09-04 15:00:00+00:00,56727.22599,58054.91397848999,0.010284162822236018,-14.834597667278715,-2.3404775490415197,STOP
BTCUSDT,SHORT,2024-09-05 04:00:00+00:00,2024-09-06 07:00:00+00:00,57078.28458,55596.791902079996,0.004228394403083451,5.787900684762228,2.5955452039620575,TP1_HALF
BTCUSDT,SHORT,2024-09-05 04:00:00+00:00,2024-09-06 12:00:00+00:00,57078.28458,56873.85096249999,0.004228394403083451,0.3825913918918156,0.35816356256025417,STOP
BTCUSDT,SHORT,2024-09-06 14:00:00+00:00,2024-09-06 15:00:00+00:00,55840.113990000005,54457.14923649,0.00453017523011624,5.765406740656597,2.476651021446108,TP1_HALF
BTCUSDT,SHORT,2024-09-06 14:00:00+00:00,2024-09-07 00:00:00+00:00,55840.113990000005,54041.35486749999,0.00453017523011624,7.650911713228153,3.221266924387267,STOP
BTCUSDT,SHORT,2024-09-07 18:00:00+00:00,2024-09-09 13:00:00+00:00,54079.866,55655.3289435,0.008603878586606465,-14.499240177543067,-2.9132153239802783,STOP
BTCUSDT,SHORT,2024-09-09 15:00:00+00:00,2024-09-09 16:00:00+00:00,54785.16999,55796.249784989996,0.013627327796448586,-15.285245050165145,-1.8455355622233993,STOP
BTCUSDT,SHORT,2024-09-10 01:00:00+00:00,2024-09-11 14:00:00+00:00,56925.02799,55737.977427989994,0.005213341124995851,5.601148832964977,2.085287621147125,TP1_HALF
BTCUSDT,SHORT,2024-09-10 01:00:00+00:00,2024-09-11 15:00:00+00:00,56925.02799,56844.71078,0.005213341124995851,-0.17439944397174234,0.14109296531942261,STOP
BTCUSDT,SHORT,2024-09-11 19:00:00+00:00,2024-09-13 15:00:00+00:00,57442.5,58957.44211499999,0.008914079135608904,-14.541912194370049,-2.637319258388815,STOP
SOLUSDT,SHORT,2024-09-15 11:00:00+00:00,2024-09-15 17:00:00+00:00,135.81404999999998,133.26003404999994,1.5026554991164829,3.4334804600312987,1.88052410630567,TP1_HALF
SOLUSDT,SHORT,2024-09-15 11:00:00+00:00,2024-09-16 08:00:00+00:00,135.81404999999998,132.06908,1.5026554991164829,5.224863706111169,2.7574245816246346,STOP
BTCUSDT,SHORT,2024-09-13 17:00:00+00:00,2024-09-16 13:00:00+00:00,59392.85769,58110.562700189985,0.004820063443185957,5.6143692626916835,2.1590053748599347,TP1_HALF
BTCUSDT,SHORT,2024-09-13 17:00:00+00:00,2024-09-17 08:00:00+00:00,59392.85769,58892.4811475,0.004820063443185957,1.8417038427365107,0.8424860529724021,STOP
BTCUSDT,SHORT,2024-09-17 12:00:00+00:00,2024-09-17 14:00:00+00:00,59021.909009999996,60186.98086400999,0.011752238926749927,-15.093174151148915,-1.9739650471362946,STOP
BTCUSDT,SHORT,2024-09-17 14:00:00+00:00,2024-09-17 15:00:00+00:00,58907.034,60071.990978999995,0.011697600282650359,-15.018970163049666,-1.9776194791949475,STOP
BTCUSDT,SHORT,2024-09-17 17:00:00+00:00,2024-09-18 10:00:00+00:00,60812.98614,59524.840801139995,0.004773310618296736,5.574307996769013,2.118207673430994,TP1_HALF
SOLUSDT,SHORT,2024-09-18 01:00:00+00:00,2024-09-18 15:00:00+00:00,131.17869,127.63977369,1.0965310666962147,3.5967291902822502,2.697782932578452,TP1_HALF
BTCUSDT,SHORT,2024-09-17 17:00:00+00:00,2024-09-18 18:00:00+00:00,60812.98614,60582.933124999996,0.004773310618296736,0.5186540688251841,0.3782958700143224,STOP
SOLUSDT,SHORT,2024-09-18 01:00:00+00:00,2024-09-18 18:00:00+00:00,131.17869,130.86716499999997,1.0965310666962147,0.05425541964608577,0.23748140799394468,STOP
SOLUSDT,SHORT,2024-09-18 20:00:00+00:00,2024-09-18 23:00:00+00:00,129.36051,133.61792300999997,1.9556753691985165,-8.840418204230328,-3.2911226231250756,STOP
XRPUSDT,LONG,2024-09-18 12:00:00+00:00,2024-09-19 00:00:00+00:00,0.5734729,0.5866107021,293.4295604655735,3.514616674219178,2.2909194314151726,TP1_HALF
ETHUSDT,SHORT,2024-09-18 20:00:00+00:00,2024-09-19 00:00:00+00:00,2312.8748100000003,2380.18225731,0.19873980946968067,-14.309366521667418,-2.910120643754155,STOP
SOLUSDT,SHORT,2024-09-19 02:00:00+00:00,2024-09-19 12:00:00+00:00,135.30456,139.94972706000001,1.779210250636024,-8.754464098137474,-3.4331193715865904,STOP
ETHUSDT,SHORT,2024-09-19 02:00:00+00:00,2024-09-19 16:00:00+00:00,2387.9196899999997,2459.9203671899995,0.18442581795922122,-14.1728506522663,-3.0152051382431377,STOP
XRPUSDT,LONG,2024-09-18 12:00:00+00:00,2024-09-20 01:00:00+00:00,0.5734729,0.5801942250000001,293.4295604655735,1.6337154030839716,1.1720388182249186,STOP
SOLUSDT,SHORT,2024-09-19 14:00:00+00:00,2024-09-20 04:00:00+00:00,140.33952,145.05192701999997,1.7502115930163844,-8.747204816537868,-3.357861719920363,STOP
ETHUSDT,SHORT,2024-09-19 19:00:00+00:00,2024-09-20 04:00:00+00:00,2472.68484,2544.2082923399994,0.18459735113116324,-14.129145028857993,-2.8925421947424423,STOP
XRPUSDT,LONG,2024-09-20 05:00:00+00:00,2024-09-21 16:00:00+00:00,0.5902896999999999,0.6039137531571428,277.80556811526594,3.453081458603128,2.3080282710578937,TP1_HALF
XRPUSDT,LONG,2024-09-20 05:00:00+00:00,2024-09-21 21:00:00+00:00,0.5902896999999999,0.5979728571428571,277.80556811526594,1.8043178802331286,1.3015909210100096,STOP
ETHUSDT,SHORT,2024-09-20 08:00:00+00:00,2024-09-22 00:00:00+00:00,2558.439,2632.2403964999994,0.17772329659063898,-14.038732132863856,-2.8846259965549237,STOP
XRPUSDT,LONG,2024-09-22 01:00:00+00:00,2024-09-22 12:00:00+00:00,0.6020014,0.588640741457143,617.2840698508479,-8.9822861080369,-2.2193733341578703,STOP
ETHUSDT,SHORT,2024-09-22 02:00:00+00:00,2024-09-22 22:00:00+00:00,2598.18921,2538.39578421,0.10118645597857615,5.5305320151112625,2.3013499386366876,TP1_HALF
ETHUSDT,SHORT,2024-09-22 02:00:00+00:00,2024-09-22 23:00:00+00:00,2598.18921,2589.4961949999997,0.10118645597857615,0.3546918787548966,0.33457975141080176,STOP
BTCUSDT,LONG,2024-09-23 02:00:00+00:00,2024-09-24 00:00:00+00:00,63890.6268,62967.88053141428,0.014657608121868962,-15.384695488235398,-1.4442592204866544,STOP
XRPUSDT,LONG,2024-09-22 23:00:00+00:00,2024-09-26 00:00:00+00:00,0.5900894999999999,0.5770725640714286,633.1438100019291,-8.980573844502555,-2.2059256991645015,STOP
XRPUSDT,LONG,2024-09-26 02:00:00+00:00,2024-09-26 10:00:00+00:00,0.5816810999999998,0.5901653438999998,430.57540371975693,3.1485384868195427,1.4585730738027936,TP1_HALF
XRPUSDT,LONG,2024-09-26 02:00:00+00:00,2024-09-26 23:00:00+00:00,0.5816810999999998,0.5867376750000001,430.57540371975693,1.67414443630496,0.8693036442133373,STOP
ETHUSDT,SHORT,2024-09-24 01:00:00+00:00,2024-09-27 15:00:00+00:00,2625.36201,2701.8429395099997,0.1699583697792187,-13.903977167417425,-2.913157470043526,STOP
XRPUSDT,LONG,2024-09-27 13:00:00+00:00,2024-09-28 07:00:00+00:00,0.5896890999999999,0.5992678037571426,384.4842245175424,3.22572531282246,1.6243650691767586,TP1_HALF
XRPUSDT,LONG,2024-09-27 13:00:00+00:00,2024-09-28 08:00:00+00:00,0.5896890999999999,0.6013195071428572,384.4842245175424,4.013784050433753,1.972294746987413,STOP
XRPUSDT,LONG,2024-09-28 08:00:00+00:00,2024-09-28 11:00:00+00:00,0.6086079999999999,0.6205546812857142,310.7267621891259,3.3302198546558137,1.9629517334169622,TP1_HALF
XRPUSDT,LONG,2024-09-28 08:00:00+00:00,2024-09-28 21:00:00+00:00,0.6086079999999999,0.6127188107142857,310.7267621891259,0.8978399777543613,0.6754447385321605,STOP
XRPUSDT,LONG,2024-09-29 07:00:00+00:00,2024-09-29 14:00:00+00:00,0.6251245,0.6409293576428571,237.76922846577185,3.4568801588256353,2.528273590757868,TP1_HALF
XRPUSDT,LONG,2024-09-29 07:00:00+00:00,2024-09-29 20:00:00+00:00,0.6251245,0.6478051178571429,237.76922846577185,5.090089515890758,3.6281761244588706,STOP
BTCUSDT,LONG,2024-09-27 15:00:00+00:00,2024-09-30 00:00:00+00:00,66308.90265999999,65120.88516019713,0.011103701080853174,-14.650748273708924,-1.7916410197503008,STOP
ETHUSDT,SHORT,2024-09-30 01:00:00+00:00,2024-09-30 02:00:00+00:00,2646.03132,2608.9154863199997,0.15720500973911322,5.008691031273708,1.4026981993546572,TP1_HALF
ETHUSDT,SHORT,2024-09-30 01:00:00+00:00,2024-09-30 06:00:00+00:00,2646.03132,2643.4829849999996,0.15720500973911322,-0.43092711933911665,0.09630781694603963,STOP
BTCUSDT,LONG,2024-09-30 06:00:00+00:00,2024-09-30 09:00:00+00:00,64590.51598999999,63835.76454008142,0.018104246125885456,-15.989267004943322,-1.1685174492729322,STOP
XRPUSDT,LONG,2024-09-30 01:00:00+00:00,2024-09-30 14:00:00+00:00,0.6481474999999999,0.6240585310714285,332.66087506095255,-8.436670654648692,-3.7165874941385124,STOP
SOLUSDT,LONG,2024-09-28 10:00:00+00:00,2024-09-30 23:00:00+00:00,157.02686999999997,152.0264770585714,1.610972340542961,-8.553371114351272,-3.1844186548636966,STOP
ETHUSDT,SHORT,2024-09-30 10:00:00+00:00,2024-10-01 04:00:00+00:00,2604.393,2648.2929329999997,0.30162669118157087,-14.825741811669332,-1.6856109273830633,STOP
BTCUSDT,LONG,2024-10-01 08:00:00+00:00,2024-10-01 13:00:00+00:00,64109.96591999999,63093.47785693713,0.012919043885075983,-14.775400767852034,-1.5855382988836597,STOP
SOLUSDT,LONG,2024-10-01 01:00:00+00:00,2024-10-01 15:00:00+00:00,154.32416999999998,149.92909082999998,1.8220602959339138,-8.562467039609952,-2.847952572821222,STOP
XRPUSDT,LONG,2024-10-01 08:00:00+00:00,2024-10-01 15:00:00+00:00,0.6291284999999999,0.6019866250714284,290.044791882503,-8.229437995193177,-4.314202095211305,STOP
ETHUSDT,SHORT,2024-10-01 14:00:00+00:00,2024-10-01 15:00:00+00:00,2578.1193,2528.4001742999994,0.11730336835740252,5.233208981477084,1.9285036848372572,TP1_HALF
XRPUSDT,LONG,2024-10-01 16:00:00+00:00,2024-10-01 17:00:00+00:00,0.6126119999999999,0.5839667344285713,271.97263341021454,-8.116164981681607,-4.675923026553297,STOP
ETHUSDT,SHORT,2024-10-01 14:00:00+00:00,2024-10-01 18:00:00+00:00,2578.1193,2483.0655850000003,0.11730336835740252,10.556426909494432,3.686940127247007,STOP
ETHUSDT,SHORT,2024-10-01 18:00:00+00:00,2024-10-01 20:00:00+00:00,2503.4840099999997,2442.2370215099995,0.09594262833413662,5.401691578510741,2.4464701290422886,TP1_HALF
XRPUSDT,LONG,2024-10-01 19:00:00+00:00,2024-10-01 21:00:00+00:00,0.6210203999999999,0.5923667260285713,272.19004251667616,-8.12951662996503,-4.613966621938436,STOP
ETHUSDT,SHORT,2024-10-01 18:00:00+00:00,2024-10-02 01:00:00+00:00,2503.4840099999997,2480.1644724999996,0.09594262833413662,1.7591933851819825,0.9314833810342593,STOP
SOLUSDT,LONG,2024-10-02 14:00:00+00:00,2024-10-02 19:00:00+00:00,146.12597999999997,139.94089901999996,1.2630976733351833,-8.173691804536126,-4.232704533444364,STOP
XRPUSDT,LONG,2024-10-02 13:00:00+00:00,2024-10-02 21:00:00+00:00,0.5875869999999999,0.5558413165714284,244.8092433169745,-8.05155855969584,-5.4027205211435,STOP
ETHUSDT,SHORT,2024-10-02 13:00:00+00:00,2024-10-02 22:00:00+00:00,2432.89467,2355.36625467,0.07646759024579795,5.562264321482843,3.1866737301043946,TP1_HALF
XRPUSDT,LONG,2024-10-02 23:00:00+00:00,2024-10-03 08:00:00+00:00,0.5456451,0.5139520620428571,244.0383770512274,-7.992899918637113,-5.808361141178187,STOP
SOLUSDT,LONG,2024-10-02 21:00:00+00:00,2024-10-03 15:00:00+00:00,140.99084999999997,133.8507937928571,1.0840400910598837,-8.038046541528093,-5.0641982845999305,STOP
ETHUSDT,SHORT,2024-10-02 13:00:00+00:00,2024-10-04 08:00:00+00:00,2432.89467,2392.2713099999996,0.07646759024579795,2.737401631860973,1.6697541616136014,STOP
BTCUSDT,LONG,2024-10-04 08:00:00+00:00,2024-10-07 00:00:00+00:00,61505.08363999999,62952.941611002854,0.00401120647586866,5.3084304325641005,2.354046015899147,TP1_HALF
SOLUSDT,LONG,2024-10-05 15:00:00+00:00,2024-10-07 00:00:00+00:00,143.27312999999998,147.73881472714282,0.8210053995500093,3.427428895717751,3.116903167497531,TP1_HALF
SOLUSDT,LONG,2024-10-05 15:00:00+00:00,2024-10-07 10:00:00+00:00,143.27312999999998,146.24004214285716,0.8210053995500093,2.1981590117060987,2.070808492043952,STOP
SOLUSDT,LONG,2024-10-07 12:00:00+00:00,2024-10-07 14:00:00+00:00,147.57743,151.0005639985714,1.0635508408849894,3.323124166055692,2.3195511661718404,TP1_HALF
SOLUSDT,LONG,2024-10-07 12:00:00+00:00,2024-10-07 15:00:00+00:00,147.57743,148.67688857142858,1.0635508408849894,0.854248558528628,0.7450045521382176,STOP
BTCUSDT,LONG,2024-10-04 08:00:00+00:00,2024-10-07 18:00:00+00:00,61505.08363999999,62904.34875535714,0.00401120647586866,5.113709371294306,2.275039773211751,STOP
SOLUSDT,LONG,2024-10-07 15:00:00+00:00,2024-10-07 18:00:00+00:00,150.64049,146.91913808142857,2.130023505218429,-8.560376059764337,-2.470353036272932,STOP
XRPUSDT,SHORT,2024-10-07 04:00:00+00:00,2024-10-07 23:00:00+00:00,0.5401593,0.5311756593,399.2613835974475,3.1590781374779158,1.663146538437832,TP1_HALF
XRPUSDT,SHORT,2024-10-07 04:00:00+00:00,2024-10-08 18:00:00+00:00,0.5401593,0.5309446999999999,399.2613835974475,3.251383480280308,1.7059041656785512,STOP
ETHUSDT,SHORT,2024-10-07 19:00:00+00:00,2024-10-09 01:00:00+00:00,2422.6449300000004,2469.53127993,0.2739241137010206,-14.183386881625342,-1.9353372567889826,STOP
SOLUSDT,LONG,2024-10-08 14:00:00+00:00,2024-10-09 13:00:00+00:00,145.17503,140.41447497,1.6477475355882059,-8.314772221718721,-3.2791830867884175,STOP
ETHUSDT,SHORT,2024-10-09 04:00:00+00:00,2024-10-09 20:00:00+00:00,2444.33322,2380.93999572,0.09226161064094852,5.403573497130741,2.593477180660342,TP1_HALF
XRPUSDT,SHORT,2024-10-09 08:00:00+00:00,2024-10-10 13:00:00+00:00,0.5303691,0.5434691691,604.05967282593,-8.56188584804355,-2.469991011919803,STOP
SOLUSDT,LONG,2024-10-09 15:00:00+00:00,2024-10-10 14:00:00+00:00,141.46131999999997,136.85111760857137,1.6910606539726556,-8.266775083746625,-3.258984428696554,STOP
ETHUSDT,SHORT,2024-10-09 04:00:00+00:00,2024-10-10 16:00:00+00:00,2444.33322,2419.6089774999996,0.09226161064094852,1.8323432937216042,1.0114923079104776,STOP
BTCUSDT,LONG,2024-10-10 16:00:00+00:00,2024-10-10 17:00:00+00:00,60850.149359999996,59742.44175885428,0.011513245563422814,-14.14172173914147,-1.820386002000307,STOP
XRPUSDT,SHORT,2024-10-10 14:00:00+00:00,2024-10-10 18:00:00+00:00,0.5360634,0.5263141884,366.7111414488208,3.1855588159702655,1.8186676426706239,TP1_HALF
ETHUSDT,SHORT,2024-10-10 17:00:00+00:00,2024-10-10 18:00:00+00:00,2390.31729,2334.81727479,0.10381900157398923,5.271397413624186,2.321868123624715,TP1_HALF
XRPUSDT,SHORT,2024-10-10 14:00:00+00:00,2024-10-11 00:00:00+00:00,0.5360634,0.5351095749999999,366.7111414488208,-0.043032809858930265,0.17793137901227496,STOP
ETHUSDT,SHORT,2024-10-10 17:00:00+00:00,2024-10-11 00:00:00+00:00,2390.31729,2390.8809924999996,0.10381900157398923,-0.554902262751146,-0.023582747878614363,STOP
SOLUSDT,SHORT,2024-10-11 08:00:00+00:00,2024-10-11 15:00:00+00:00,141.02883,144.96865383,1.9828163540321715,-8.379027610279831,-2.7936300896774124,STOP
BTCUSDT,LONG,2024-10-11 13:00:00+00:00,2024-10-11 17:00:00+00:00,61440.37899999999,62520.81809849999,0.005266589634798704,5.037376601435152,1.7585163309295382,TP1_HALF
BTCUSDT,LONG,2024-10-11 13:00:00+00:00,2024-10-13 14:00:00+00:00,61440.37899999999,62274.6405225,0.005266589634798704,3.7421568476237916,1.357839154117202,STOP
XRPUSDT,SHORT,2024-10-11 11:00:00+00:00,2024-10-13 15:00:00+00:00,0.537462,0.5262984869999999,321.86688936672635,3.2507759247331096,2.0770794958527405,TP1_HALF
ETHUSDT,SHORT,2024-10-13 15:00:00+00:00,2024-10-13 22:00:00+00:00,2444.61294,2482.9466204399996,0.33621158573613447,-14.544930101459297,-1.5680879296989803,STOP
XRPUSDT,SHORT,2024-10-11 11:00:00+00:00,2024-10-14 03:00:00+00:00,0.537462,0.537426175,321.86688936672635,-0.33444003199276784,0.006665587520604532,STOP
SOLUSDT,SHORT,2024-10-11 19:00:00+00:00,2024-10-14 03:00:00+00:00,145.66419,149.76737918999996,1.90117570197688,-8.362550909583062,-2.8168825776602846,STOP
BTCUSDT,LONG,2024-10-13 22:00:00+00:00,2024-10-14 03:00:00+00:00,62958.00510999999,63879.012511675704,0.00608969082621069,4.836252102222095,1.4628916530416314,TP1_HALF
SOLUSDT,LONG,2024-10-14 03:00:00+00:00,2024-10-14 04:00:00+00:00,148.56841999999997,151.25522765142856,1.319122050314888,3.148723233131357,1.8084648483362553,TP1_HALF
XRPUSDT,SHORT,2024-10-14 09:00:00+00:00,2024-10-14 14:00:00+00:00,0.5372621999999999,0.5453820371999999,989.5411093982443,-9.106233690583618,-1.5113360292237088,STOP
SOLUSDT,LONG,2024-10-14 03:00:00+00:00,2024-10-14 16:00:00+00:00,148.56841999999997,155.10652392857142,1.319122050314888,8.223972744764673,4.400735989903803,STOP
XRPUSDT,SHORT,2024-10-14 17:00:00+00:00,2024-10-15 01:00:00+00:00,0.5461533,0.5556441032999999,838.6087571429282,-8.883047710705688,-1.7377544546558488,STOP
BTCUSDT,LONG,2024-10-13 22:00:00+00:00,2024-10-15 03:00:00+00:00,62958.00510999999,65449.53459321429,0.00608969082621069,14.390682020616618,3.9574466803087294,STOP
SOLUSDT,LONG,2024-10-14 16:00:00+00:00,2024-10-15 11:00:00+00:00,156.86670999999998,152.88973864714282,1.959651732858501,-8.400493564510624,-2.5352551557033087,STOP
XRPUSDT,SHORT,2024-10-15 01:00:00+00:00,2024-10-15 11:00:00+00:00,0.5475519,0.5388116018999999,402.61373690802526,3.0815792105907054,1.5962501636831328,TP1_HALF
XRPUSDT,SHORT,2024-10-15 01:00:00+00:00,2024-10-15 13:00:00+00:00,0.5475519,0.54412215,402.61373690802526,0.941341495404285,0.6263789788694019,STOP
ETHUSDT,SHORT,2024-10-15 12:00:00+00:00,2024-10-15 13:00:00+00:00,2583.6137999999996,2644.2668537999994,0.20669141197210392,-13.617023364297493,-2.347605272893327,STOP
BTCUSDT,LONG,2024-10-15 13:00:00+00:00,2024-10-15 14:00:00+00:00,65867.81201,67048.90705834715,0.004782749339343231,5.013174211872101,1.793129318107356,TP1_HALF
SOLUSDT,LONG,2024-10-15 13:00:00+00:00,2024-10-15 14:00:00+00:00,153.67352,158.13094505142857,0.8083636014517831,3.351168787456481,2.900581083473952,TP1_HALF
BTCUSDT,LONG,2024-10-15 13:00:00+00:00,2024-10-15 15:00:00+00:00,65867.81201,66635.08713964284,0.004782749339343231,3.0359564660248006,1.1648711354285801,STOP
SOLUSDT,LONG,2024-10-15 13:00:00+00:00,2024-10-15 15:00:00+00:00,153.67352,154.9591714285714,0.8083636014517831,0.7897863850426602,0.8366122078621085,STOP
ETHUSDT,SHORT,2024-10-15 15:00:00+00:00,2024-10-16 01:00:00+00:00,2565.4419900000003,2626.0768719899997,0.20665792918911058,-13.60354768604445,-2.3635257482473637,STOP
XRPUSDT,SHORT,2024-10-15 15:00:00+00:00,2024-10-16 13:00:00+00:00,0.5385609,0.5502856359,670.4989763911279,-8.59149390717429,-2.177049225073713,STOP
SOLUSDT,LONG,2024-10-15 16:00:00+00:00,2024-10-17 18:00:00+00:00,153.44328999999996,147.85350278142855,1.3769057538412077,-8.111467471593675,-3.642901047397651,STOP
XRPUSDT,SHORT,2024-10-17 06:00:00+00:00,2024-10-17 18:00:00+00:00,0.5568426,0.5449691675999999,299.46142766934054,3.225684892891044,2.132278026142409,TP1_HALF
XRPUSDT,SHORT,2024-10-17 06:00:00+00:00,2024-10-18 07:00:00+00:00,0.5568426,0.5526699749999999,299.46142766934054,0.9172840199022081,0.7493365270545116,STOP
SOLUSDT,LONG,2024-10-18 02:00:00+00:00,2024-10-19 14:00:00+00:00,152.57241999999997,156.7440904371428,0.8576875908446807,3.312693034385699,2.7342231558907137,TP1_HALF
BTCUSDT,LONG,2024-10-16 11:00:00+00:00,2024-10-21 00:00:00+00:00,67801.27353999998,69436.77119110285,0.003499730207990916,5.243504403831836,2.4121931133608943,TP1_HALF
SOLUSDT,LONG,2024-10-18 02:00:00+00:00,2024-10-21 08:00:00+00:00,152.57241999999997,167.26399714285714,0.8576875908446807,12.326463679282291,9.629248289341664,STOP
BTCUSDT,LONG,2024-10-16 11:00:00+00:00,2024-10-21 13:00:00+00:00,67801.27353999998,67746.70155535714,0.003499730207990916,-0.6653685662377856,-0.08048814099435031,STOP
SOLUSDT,LONG,2024-10-21 10:00:00+00:00,2024-10-21 13:00:00+00:00,167.09693,162.76935485571428,1.7959820614044202,-8.36468125877975,-2.589859157966401,STOP
ETHUSDT,SHORT,2024-10-21 14:00:00+00:00,2024-10-22 00:00:00+00:00,2669.37795,2631.60442545,0.14765519438692193,4.794739527020742,1.4150684263350644,TP1_HALF
ETHUSDT,SHORT,2024-10-21 14:00:00+00:00,2024-10-22 02:00:00+00:00,2669.37795,2656.5463924999995,0.14765519438692193,1.1082457228676779,0.4806946689583813,STOP
SOLUSDT,LONG,2024-10-21 15:00:00+00:00,2024-10-22 05:00:00+00:00,164.42425999999998,168.6397371685714,0.8504291491227494,3.3017173298990836,2.563780532490423,TP1_HALF
XRPUSDT,SHORT,2024-10-18 10:00:00+00:00,2024-10-22 09:00:00+00:00,0.5482511999999999,0.5360688761999999,292.00741631865196,3.240699393681634,2.2220332212679272,TP1_HALF
SOLUSDT,LONG,2024-10-21 15:00:00+00:00,2024-10-22 09:00:00+00:00,164.42425999999998,164.41113857142858,0.8504291491227494,-0.29081005354378664,-0.007980226623127695,STOP
BTCUSDT,LONG,2024-10-22 10:00:00+00:00,2024-10-23 15:00:00+00:00,67026.98002,65952.05872890857,0.011874177998923797,-14.342823521483014,-1.6037143412558574,STOP
SOLUSDT,LONG,2024-10-22 11:00:00+00:00,2024-10-23 19:00:00+00:00,166.59643,171.79981535571426,0.6964593253837373,3.3882670337995417,3.123347454512837,TP1_HALF
XRPUSDT,SHORT,2024-10-18 10:00:00+00:00,2024-10-23 22:00:00+00:00,0.5482511999999999,0.5249422749999999,292.00741631865196,6.492998512570459,4.251504602269918,STOP
BTCUSDT,LONG,2024-10-23 19:00:00+00:00,2024-10-24 00:00:00+00:00,66123.84778999999,67267.88471292428,0.004926676824518922,4.979122237460472,1.7301426961080502,TP1_HALF
SOLUSDT,LONG,2024-10-22 11:00:00+00:00,2024-10-25 04:00:00+00:00,166.59643,173.75071821428574,0.6964593253837373,4.7456327980806705,4.2943826673151,STOP
BTCUSDT,LONG,2024-10-23 19:00:00+00:00,2024-10-25 05:00:00+00:00,66123.84778999999,67570.98922928571,0.004926676824518922,6.470926935629194,2.188531804564131,STOP
XRPUSDT,SHORT,2024-10-24 02:00:00+00:00,2024-10-25 17:00:00+00:00,0.5282712,0.5180637462000001,349.1249011411532,3.1983747141752756,1.9322374189620795,TP1_HALF
BTCUSDT,LONG,2024-10-25 09:00:00+00:00,2024-10-25 18:00:00+00:00,67726.15849999999,66516.91678542856,0.010525310802248377,-14.140594971336762,-1.7854869393949535,STOP
SOLUSDT,LONG,2024-10-25 09:00:00+00:00,2024-10-25 18:00:00+00:00,172.51234,166.6712162314286,1.3247077971219565,-8.187101301776258,-3.385916490710983,STOP
BTCUSDT,LONG,2024-10-25 19:00:00+00:00,2024-10-25 23:00:00+00:00,67093.63660999999,65761.56600231856,0.009437614689690246,-13.82540534653461,-1.9853903812435236,STOP
SOLUSDT,LONG,2024-10-25 19:00:00+00:00,2024-10-25 23:00:00+00:00,169.52936,163.23203599714287,1.2176449624315047,-8.073090086405571,-3.7145919756065404,STOP
XRPUSDT,SHORT,2024-10-24 02:00:00+00:00,2024-10-26 00:00:00+00:00,0.5282712,0.4972217249999999,349.1249011411532,10.482119773798185,5.877563456043067,STOP
XRPUSDT,SHORT,2024-10-26 00:00:00+00:00,2024-10-26 05:00:00+00:00,0.5016978,0.5150587727999999,579.1809174352796,-8.327306488774429,-2.663151562554167,STOP
SOLUSDT,LONG,2024-10-26 00:00:00+00:00,2024-10-26 19:00:00+00:00,165.0649,172.13330867142858,0.5137895235312969,3.4584254164488804,4.282199711403556,TP1_HALF
BTCUSDT,LONG,2024-10-26 00:00:00+00:00,2024-10-27 22:00:00+00:00,66765.02833,68160.72223595572,0.004066010035686304,5.126295972488487,2.0904565471869585,TP1_HALF
XRPUSDT,SHORT,2024-10-27 09:00:00+00:00,2024-10-29 02:00:00+00:00,0.5125869,0.5255619368999999,596.6453078783944,-8.360901518349769,-2.53128530986646,STOP
BTCUSDT,LONG,2024-10-26 00:00:00+00:00,2024-10-29 20:00:00+00:00,66765.02833,72084.04094571427,0.004066010035686304,21.062596966315507,7.966764560368245,STOP
ETHUSDT,SHORT,2024-10-29 20:00:00+00:00,2024-10-30 09:00:00+00:00,2622.1152599999996,2689.7029902599993,0.1842273483460133,-13.430090517666711,-2.577603330068712,STOP
SOLUSDT,LONG,2024-10-26 00:00:00+00:00,2024-10-30 11:00:00+00:00,165.0649,175.9631464285714,0.5137895235312969,5.424188202377019,6.602400891147298,STOP
XRPUSDT,SHORT,2024-10-29 04:00:00+00:00,2024-10-31 13:00:00+00:00,0.5228766,0.5153021016,458.6404678547418,2.997820724522349,1.4486206496905796,TP1_HALF
ETHUSDT,SHORT,2024-10-30 11:00:00+00:00,2024-10-31 13:00:00+00:00,2679.52779,2612.70824529,0.08587443632609337,5.283622951102291,2.4937059790673066,TP1_HALF
SOLUSDT,LONG,2024-10-30 14:00:00+00:00,2024-10-31 14:00:00+00:00,176.60643,170.62634714142854,1.2829097538655414,-8.117374944842,-3.38610709619771,STOP
XRPUSDT,SHORT,2024-10-29 04:00:00+00:00,2024-10-31 23:00:00+00:00,0.5228766,0.5117004749999999,458.6404678547418,4.651324285093328,2.1374307054475405,STOP
SOLUSDT,LONG,2024-10-31 16:00:00+00:00,2024-11-01 02:00:00+00:00,170.82065,165.2605811357143,1.381592753226905,-8.146078243772365,-3.25491611481733,STOP
XRPUSDT,SHORT,2024-11-01 02:00:00+00:00,2024-11-01 03:00:00+00:00,0.5081913,0.5177513912999999,823.2423088381386,-8.71487106443675,-1.8811993239553404,STOP
ETHUSDT,SHORT,2024-10-30 11:00:00+00:00,2024-11-01 12:00:00+00:00,2679.52779,2539.6367425,0.08587443632609337,11.564872038807698,5.220735087058015,STOP
SOLUSDT,LONG,2024-11-01 03:00:00+00:00,2024-11-01 14:00:00+00:00,167.82765999999998,173.1015280542857,0.6813365841309518,3.3609917168449313,3.1424307854174494,TP1_HALF
SOLUSDT,LONG,2024-11-01 03:00:00+00:00,2024-11-01 15:00:00+00:00,167.82765999999998,168.38430428571428,0.6813365841309518,0.15018860491420777,0.33167612878253205,STOP
BTCUSDT,LONG,2024-11-01 13:00:00+00:00,2024-11-01 15:00:00+00:00,70425.22486999999,69014.77351263,0.008888347266758884,-13.775972595677064,-2.0027644355748775,STOP
BTCUSDT,LONG,2024-11-01 15:00:00+00:00,2024-11-01 16:00:00+00:00,71342.44116999999,69931.07259632999,0.00885773733391373,-13.752895784090516,-1.9783014857970516,STOP
XRPUSDT,SHORT,2024-11-01 05:00:00+00:00,2024-11-03 02:00:00+00:00,0.5158836,0.5061249335999999,361.5777864010188,3.1589814118760016,1.8916411376520004,TP1_HALF
BTCUSDT,LONG,2024-11-01 17:00:00+00:00,2024-11-03 02:00:00+00:00,69990.65073,68358.11204855572,0.007561139048833741,-13.389926205602631,-2.3325096486701558,STOP
SOLUSDT,LONG,2024-11-01 17:00:00+00:00,2024-11-03 14:00:00+00:00,166.47630999999998,160.42608047571426,1.2550070614393407,-8.003345584755792,-3.6342885809312553,STOP
ETHUSDT,SHORT,2024-11-03 02:00:00+00:00,2024-11-03 18:00:00+00:00,2469.35817,2415.5212781699997,0.10476040551944174,5.128232668113268,2.1801977730107946,TP1_HALF
XRPUSDT,SHORT,2024-11-01 05:00:00+00:00,2024-11-03 20:00:00+00:00,0.5158836,0.50246625,361.5777864010188,4.483203027822897,2.60084833090255,STOP
ETHUSDT,SHORT,2024-11-03 02:00:00+00:00,2024-11-03 20:00:00+00:00,2469.35817,2469.7172499999997,0.10476040551944174,-0.555036910304199,-0.014541430415482282,STOP
XRPUSDT,SHORT,2024-11-04 08:00:00+00:00,2024-11-04 10:00:00+00:00,0.5050944,0.5145870444,820.6872000416093,-8.62733126316566,-1.8793802505036705,STOP
BTCUSDT,LONG,2024-11-03 22:00:00+00:00,2024-11-04 16:00:00+00:00,69214.49535,67825.43202465,0.00892372505713929,-13.61852583612072,-2.0068965587711984,STOP
BTCUSDT,LONG,2024-11-04 16:00:00+00:00,2024-11-04 17:00:00+00:00,68714.65600999999,67468.79467899,0.009930006072470316,-13.723713074696784,-1.8130940375058913,STOP
XRPUSDT,SHORT,2024-11-04 12:00:00+00:00,2024-11-04 21:00:00+00:00,0.5113881,0.5022148130999999,379.6914892987097,3.098162565192924,1.7938014005410174,TP1_HALF
ETHUSDT,SHORT,2024-11-04 17:00:00+00:00,2024-11-04 21:00:00+00:00,2412.14544,2361.7927304399996,0.11046676270216088,5.034939323346589,2.0874657358969317,TP1_HALF
ETHUSDT,SHORT,2024-11-04 17:00:00+00:00,2024-11-04 22:00:00+00:00,2412.14544,2412.7124449999997,0.11046676270216088,-0.5956216378398704,-0.023506252591465326,STOP
XRPUSDT,SHORT,2024-11-04 12:00:00+00:00,2024-11-05 00:00:00+00:00,0.5113881,0.5058803749999998,379.6914892987097,1.7049881256084292,1.0770146978391182,STOP
ETHUSDT,SHORT,2024-11-04 22:00:00+00:00,2024-11-05 04:00:00+00:00,2368.8387900000002,2426.2697787899997,0.212263878245249,-13.208352753443092,-2.424436353898085,STOP
SOLUSDT,LONG,2024-11-03 16:00:00+00:00,2024-11-05 14:00:00+00:00,160.14999,165.71518036714286,0.6408886837897056,3.357824229307831,3.4749863969038453,TP1_HALF
SOLUSDT,LONG,2024-11-03 16:00:00+00:00,2024-11-05 19:00:00+00:00,160.14999,163.40535964285715,0.6408886837897056,1.8789666034939523,2.03270049711346,STOP
BTCUSDT,LONG,2024-11-05 15:00:00+00:00,2024-11-06 00:00:00+00:00,70033.96399999999,71287.88903742855,0.004392811202080332,4.8874557318636205,1.79045275436438,TP1_HALF
SOLUSDT,LONG,2024-11-05 21:00:00+00:00,2024-11-06 01:00:00+00:00,166.99683,173.0882113842857,0.5811865219490908,3.3425759182294046,3.6476030019765737,TP1_HALF
XRPUSDT,SHORT,2024-11-05 09:00:00+00:00,2024-11-06 02:00:00+00:00,0.5116878,0.5239433628,619.5594528824474,-8.234684859746826,-2.395125074312876,STOP
XRPUSDT,SHORT,2024-11-06 02:00:00+00:00,2024-11-06 03:00:00+00:00,0.5192802000000001,0.5316184302000001,616.7317903977724,-8.257501395315693,-2.3760255445903766,STOP
BTCUSDT,LONG,2024-11-05 15:00:00+00:00,2024-11-06 05:00:00+00:00,70033.96399999999,73601.04099857144,0.004392811202080332,15.038534339039135,5.093352988803312,STOP
BTCUSDT,LONG,2024-11-06 06:00:00+00:00,2024-11-06 07:00:00+00:00,74843.14838,72658.88818876285,0.005530623102060527,-12.896098045615483,-2.918450437369413,STOP
SOLUSDT,LONG,2024-11-05 21:00:00+00:00,2024-11-06 08:00:00+00:00,166.99683,181.9132617857143,0.5811865219490908,8.466447266712288,8.932164631936024,STOP
ETHUSDT,SHORT,2024-11-06 07:00:00+00:00,2024-11-06 15:00:00+00:00,2581.3660499999996,2667.4983835499993,0.13929354905347938,-12.728811383887285,-3.336695837849102,STOP
XRPUSDT,SHORT,2024-11-06 06:00:00+00:00,2024-11-06 22:00:00+00:00,0.5321672999999999,0.5462236922999998,540.2225805222452,-8.176151685811206,-2.64134836920642,STOP
SOLUSDT,LONG,2024-11-07 02:00:00+00:00,2024-11-08 00:00:00+00:00,189.65946999999997,197.6633944585714,0.44109030969336627,3.359609155958223,4.220155449433349,TP1_HALF
SOLUSDT,LONG,2024-11-07 02:00:00+00:00,2024-11-08 17:00:00+00:00,189.65946999999997,196.6014160714286,0.44109030969336627,2.8916492086614154,3.660215897170138,STOP
ETHUSDT,SHORT,2024-11-07 04:00:00+00:00,2024-11-08 18:00:00+00:00,2849.56758,2966.1321775799997,0.10190655511986156,-12.471354516217126,-4.090606532658536,STOP
XRPUSDT,SHORT,2024-11-07 05:00:00+00:00,2024-11-10 04:00:00+00:00,0.5562431999999999,0.5758363181999998,380.455923459462,-7.885024236757666,-3.522401388457408,STOP
BTCUSDT,LONG,2024-11-08 18:00:00+00:00,2024-11-10 04:00:00+00:00,76462.37599,77964.83275722429,0.003654493030102833,4.926364625827017,1.9649621761960168,TP1_HALF
SOLUSDT,LONG,2024-11-08 19:00:00+00:00,2024-11-10 05:00:00+00:00,199.81962,207.2814168085714,0.47070264625023583,3.3206639682591232,3.7342663390969477,TP1_HALF
BTCUSDT,LONG,2024-11-08 18:00:00+00:00,2024-11-10 19:00:00+00:00,76462.37599,79410.00086678572,0.003654493030102833,10.202440052762443,3.855000369294337,STOP
SOLUSDT,LONG,2024-11-08 19:00:00+00:00,2024-11-10 19:00:00+00:00,199.81962,207.3931135714286,0.47070264625023583,3.3731873541517277,3.7901651356501365,STOP
BTCUSDT,LONG,2024-11-10 19:00:00+00:00,2024-11-10 20:00:00+00:00,80618.57803999998,79168.92022874569,0.008470168351019006,-13.632272723418023,-1.7981684203547066,STOP
BTCUSDT,LONG,2024-11-10 22:00:00+00:00,2024-11-11 01:00:00+00:00,79953.84396999999,81369.80949495856,0.003857667218701318,4.839990818871005,1.7709786730077282,TP1_HALF
SOLUSDT,LONG,2024-11-10 22:00:00+00:00,2024-11-11 10:00:00+00:00,207.53733,215.5362208842857,0.43949990792663157,3.329571020498907,3.854193789756133,TP1_HALF
BTCUSDT,LONG,2024-11-10 22:00:00+00:00,2024-11-11 22:00:00+00:00,79953.84396999999,86793.70263107143,0.003857667218701318,25.74264199304376,8.554758997751089,STOP
SOLUSDT,LONG,2024-11-10 22:00:00+00:00,2024-11-12 00:00:00+00:00,207.53733,215.5695717857143,0.43949990792663157,3.34421408088793,3.8702636223152176,STOP
XRPUSDT,LONG,2024-11-12 00:00:00+00:00,2024-11-12 08:00:00+00:00,0.6213207,0.6510868185857143,120.2223182448866,3.4255799998901826,4.790781730870108,TP1_HALF
XRPUSDT,LONG,2024-11-12 00:00:00+00:00,2024-11-12 09:00:00+00:00,0.6213207,0.6614200607142857,120.2223182448866,4.666624037249086,6.453890996112932,STOP
BTCUSDT,LONG,2024-11-11 22:00:00+00:00,2024-11-12 10:00:00+00:00,87987.91000999999,85502.60895570427,0.004870882811876359,-12.950662174560774,-2.824593803868347,STOP
SOLUSDT,LONG,2024-11-12 00:00:00+00:00,2024-11-12 10:00:00+00:00,222.35212999999996,211.28277858428567,0.6735961347883034,-7.748367126570236,-4.9782978987942705,STOP
XRPUSDT,LONG,2024-11-12 09:00:00+00:00,2024-11-12 10:00:00+00:00,0.6862855999999999,0.6526430179714285,222.31585058020966,-7.776944293966829,-4.902125591527984,STOP
XRPUSDT,LONG,2024-11-12 12:00:00+00:00,2024-11-12 15:00:00+00:00,0.6478472,0.6880120706571428,88.88881590579732,3.4514648449374317,6.199744423861486,TP1_HALF
XRPUSDT,LONG,2024-11-12 12:00:00+00:00,2024-11-13 01:00:00+00:00,0.6478472,0.6991465821428572,88.88881590579732,4.4402086530504326,7.918438505693515,STOP
XRPUSDT,LONG,2024-11-13 01:00:00+00:00,2024-11-13 04:00:00+00:00,0.7065057999999999,0.653972601342857,140.37742680307173,-7.56545570642597,-7.435635865571511,STOP
SOLUSDT,LONG,2024-11-12 14:00:00+00:00,2024-11-14 09:00:00+00:00,209.82961999999998,222.0337925228571,0.29223405332712943,3.440269608332879,5.816229626140079,TP1_HALF
ETHUSDT,LONG,2024-11-12 14:00:00+00:00,2024-11-14 15:00:00+00:00,3264.8015399999995,3103.88704596,0.0736375767145896,-12.31832819367981,-4.928768014487018,STOP
SOLUSDT,LONG,2024-11-12 14:00:00+00:00,2024-11-14 15:00:00+00:00,209.82961999999998,210.16319785714288,0.29223405332712943,-0.02525339423762818,0.15897558082738072,STOP
XRPUSDT,LONG,2024-11-13 14:00:00+00:00,2024-11-14 17:00:00+00:00,0.7004997999999999,0.7582622073428571,62.05988901339316,3.494197980571472,8.245884915721202,TP1_HALF
XRPUSDT,LONG,2024-11-13 14:00:00+00:00,2024-11-14 23:00:00+00:00,0.7004997999999999,0.7879897928571429,62.05988901339316,5.337243747566549,12.489652796066885,STOP
XRPUSDT,LONG,2024-11-15 01:00:00+00:00,2024-11-15 13:00:00+00:00,0.8001993999999999,0.8733073613142857,49.089461104776944,3.50667887831905,9.136217961958693,TP1_HALF
XRPUSDT,LONG,2024-11-15 01:00:00+00:00,2024-11-16 15:00:00+00:00,0.8001993999999999,1.1247919392857142,49.089461104776944,15.839576044689956,40.56395684447081,STOP
XRPUSDT,LONG,2024-11-16 15:00:00+00:00,2024-11-16 16:00:00+00:00,1.1953941999999997,1.0960042415142854,74.3884438637096,-7.563917911766963,-8.314408626519542,STOP
SOLUSDT,LONG,2024-11-14 16:00:00+00:00,2024-11-17 04:00:00+00:00,211.05084,224.1957055885714,0.2708225629589699,3.4420516034527417,6.228293423788989,TP1_HALF
XRPUSDT,LONG,2024-11-16 17:00:00+00:00,2024-11-17 04:00:00+00:00,1.1429417999999998,1.019339297485714,59.4943335220924,-7.48229198153251,-10.814417891994655,STOP
SOLUSDT,LONG,2024-11-14 16:00:00+00:00,2024-11-18 19:00:00+00:00,211.05084,234.8356435714286,0.2708225629589699,6.320705342420377,11.26970334324593,STOP
BTCUSDT,LONG,2024-11-14 17:00:00+00:00,2024-11-19 18:00:00+00:00,89287.50830999999,93203.99494633285,0.0014464906974040643,5.401189224147251,4.386376896905997,TP1_HALF
SOLUSDT,LONG,2024-11-19 09:00:00+00:00,2024-11-20 02:00:00+00:00,244.76451999999998,232.48680047999997,0.6059480326613933,-7.7288494874422975,-5.0161353124219215,STOP
SOLUSDT,LONG,2024-11-20 04:00:00+00:00,2024-11-21 12:00:00+00:00,234.04380999999998,244.77985654714283,0.33206344891688816,3.4060488060398284,4.587195255086152,TP1_HALF
XRPUSDT,LONG,2024-11-17 14:00:00+00:00,2024-11-22 00:00:00+00:00,1.1271259999999999,1.2677355668571428,25.66575846063186,3.547385241687893,12.475053086979004,TP1_HALF
XRPUSDT,LONG,2024-11-17 14:00:00+00:00,2024-11-22 13:00:00+00:00,1.1271259999999999,1.356763307142857,25.66575846063186,5.830064755678431,20.373703307603353,STOP
SOLUSDT,LONG,2024-11-20 04:00:00+00:00,2024-11-22 13:00:00+00:00,234.04380999999998,253.15551964285714,0.33206344891688816,6.184519128994095,8.16586845123448,STOP
XRPUSDT,LONG,2024-11-22 13:00:00+00:00,2024-11-23 00:00:00+00:00,1.4792777999999998,1.5867394721999997,33.655410121867334,3.513478581536047,7.264468661667189,TP1_HALF
XRPUSDT,LONG,2024-11-22 13:00:00+00:00,2024-11-23 04:00:00+00:00,1.4792777999999998,1.51942905,33.655410121867334,1.2503840767836332,2.714246776366158,STOP
SOLUSDT,LONG,2024-11-22 16:00:00+00:00,2024-11-24 12:00:00+00:00,256.63638,245.22341111999995,0.6572863172222292,-7.8314538575743065,-4.44713601399771,STOP
XRPUSDT,LONG,2024-11-23 18:00:00+00:00,2024-11-24 12:00:00+00:00,1.5009994999999998,1.3539513362142857,50.46338405606257,-7.564618444366345,-9.796683062566924,STOP
XRPUSDT,LONG,2024-11-24 14:00:00+00:00,2024-11-25 08:00:00+00:00,1.3747733999999998,1.515253058742857,25.75298723020772,3.5433440432217718,10.218386444111971,TP1_HALF
SOLUSDT,LONG,2024-11-24 14:00:00+00:00,2024-11-25 09:00:00+00:00,247.88763999999995,256.0581112885714,0.43395338812707224,3.3269147320666335,3.296038192372741,TP1_HALF
SOLUSDT,LONG,2024-11-24 14:00:00+00:00,2024-11-25 13:00:00+00:00,247.88763999999995,248.02494107142854,0.43395338812707224,-0.15562067963087167,0.05538842978560776,STOP
BTCUSDT,LONG,2024-11-14 17:00:00+00:00,2024-11-25 14:00:00+00:00,89287.50830999999,95482.64784535713,0.0014464906974040643,8.693943394977623,6.938416865490349,STOP
XRPUSDT,LONG,2024-11-24 14:00:00+00:00,2024-11-25 14:00:00+00:00,1.3747733999999998,1.3959062678571428,25.75298723020772,0.4728811979573488,1.5371891729315523,STOP
BTCUSDT,LONG,2024-11-25 16:00:00+00:00,2024-11-25 21:00:00+00:00,96096.56055999998,94152.86808765426,0.006361576935953712,-13.575235580024668,-2.022645202928086,STOP
SOLUSDT,LONG,2024-11-25 16:00:00+00:00,2024-11-25 22:00:00+00:00,245.21496999999997,234.74035181571426,0.7181273978771833,-7.866779366790943,-4.271606331491795,STOP
BTCUSDT,LONG,2024-11-25 23:00:00+00:00,2024-11-26 08:00:00+00:00,94498.89448999999,92366.67856658142,0.005725987014882973,-13.279030535272076,-2.2563395423045973,STOP
XRPUSDT,LONG,2024-11-25 16:00:00+00:00,2024-11-26 11:00:00+00:00,1.424423,1.284440844857143,53.01771758603509,-7.565152146754202,-9.82728832255988,STOP
SOLUSDT,LONG,2024-11-26 10:00:00+00:00,2024-11-26 11:00:00+00:00,234.21397999999996,222.82129280571425,0.6505638147453907,-7.7090006518651615,-4.864221680655323,STOP
BTCUSDT,LONG,2024-11-26 12:00:00+00:00,2024-11-27 15:00:00+00:00,92449.20685,94961.1035474357,0.0022181851320202295,5.156141143311705,2.717055973785998,TP1_HALF
SOLUSDT,LONG,2024-11-26 12:00:00+00:00,2024-11-27 15:00:00+00:00,227.95772999999997,239.90615512714282,0.29652285859956273,3.4042488378098454,5.241509084663565,TP1_HALF
XRPUSDT,LONG,2024-11-26 12:00:00+00:00,2024-11-27 15:00:00+00:00,1.3339325999999998,1.4715096173999997,25.992017563789723,3.502985149245745,10.313640839124849,TP1_HALF
SOLUSDT,LONG,2024-11-26 12:00:00+00:00,2024-11-28 15:00:00+00:00,227.95772999999997,232.85833714285712,0.29652285859956273,1.316499541355631,2.1497876570613084,STOP
BTCUSDT,LONG,2024-11-26 12:00:00+00:00,2024-12-01 02:00:00+00:00,92449.20685,95917.0241057143,0.0022181851320202295,7.274429504307994,3.7510513868884487,STOP
XRPUSDT,LONG,2024-11-26 12:00:00+00:00,2024-12-02 02:00:00+00:00,1.3339325999999998,2.35629135,25.992017563789723,26.47725022077139,76.64245929666913,STOP
SOLUSDT,LONG,2024-11-29 03:00:00+00:00,2024-12-02 02:00:00+00:00,241.74149999999997,233.23553099999998,0.8778277148587782,-7.883723331662738,-3.5186217509198814,STOP
SOLUSDT,LONG,2024-12-02 02:00:00+00:00,2024-12-02 03:00:00+00:00,237.98774999999998,231.81356153571426,1.2329726562103445,-8.191857721728924,-2.594330365443487,STOP
ETHUSDT,LONG,2024-12-01 02:00:00+00:00,2024-12-02 08:00:00+00:00,3713.2995899999996,3620.0359304099998,0.12994227300187428,-13.071802201805088,-2.5116115015648366,STOP
XRPUSDT,LONG,2024-12-02 04:00:00+00:00,2024-12-02 08:00:00+00:00,2.3977953999999997,2.215224386742857,40.509428008427214,-7.582718110918345,-7.614119755886706,STOP
SOLUSDT,LONG,2024-12-02 05:00:00+00:00,2024-12-02 10:00:00+00:00,229.59937,222.83202920142858,1.1163968593088667,-8.060131006519072,-2.9474561705336577,STOP
BTCUSDT,LONG,2024-12-02 10:00:00+00:00,2024-12-02 15:00:00+00:00,95588.67317999998,96756.89799967712,0.004574725113796639,4.464379306134333,1.2221372897155858,TP1_HALF
XRPUSDT,LONG,2024-12-02 15:00:00+00:00,2024-12-02 16:00:00+00:00,2.6203176999999997,2.8213435323,17.77138665149785,3.4758019269567964,7.671811410501861,TP1_HALF
BTCUSDT,LONG,2024-12-02 10:00:00+00:00,2024-12-02 17:00:00+00:00,95588.67317999998,95995.51981714286,0.004574725113796639,0.9847665092907516,0.4256222244833907,STOP
XRPUSDT,LONG,2024-12-02 15:00:00+00:00,2024-12-02 17:00:00+00:00,2.6203176999999997,2.66578155,17.77138665149785,0.7140143433657651,1.7350510588849843,STOP
SOLUSDT,LONG,2024-12-02 14:00:00+00:00,2024-12-03 13:00:00+00:00,226.04581999999996,219.10649417999997,1.0765228258259436,-7.949559268257338,-3.069875753508733,STOP
XRPUSDT,LONG,2024-12-02 17:00:00+00:00,2024-12-03 13:00:00+00:00,2.7416389,2.5022520003857145,30.641105771919744,-7.495757927228378,-8.73152549791606,STOP
BTCUSDT,LONG,2024-12-02 19:00:00+00:00,2024-12-03 13:00:00+00:00,95741.78613999998,94180.47496171712,0.007916183296779036,-13.86308490161712,-1.630752089792653,STOP
SOLUSDT,LONG,2024-12-03 15:00:00+00:00,2024-12-03 21:00:00+00:00,224.48425999999998,232.6503053828571,0.42773668857978203,3.2973839856233083,3.6376917396601094,TP1_HALF
SOLUSDT,LONG,2024-12-03 15:00:00+00:00,2024-12-03 23:00:00+00:00,224.48425999999998,230.96987035714287,0.42773668857978203,2.5793190560640884,2.88911585923346,STOP
BTCUSDT,LONG,2024-12-03 15:00:00+00:00,2024-12-04 19:00:00+00:00,95330.48524999998,97077.04353224998,0.0031176148555268003,4.845243476739228,1.8321088764729598,TP1_HALF
SOLUSDT,LONG,2024-12-04 16:00:00+00:00,2024-12-05 01:00:00+00:00,233.95371999999998,223.17781877999997,0.6822792273988308,-7.6640649120061815,-4.605996955295266,STOP
BTCUSDT,LONG,2024-12-03 15:00:00+00:00,2024-12-05 05:00:00+00:00,95330.48524999998,102142.0232325,0.0031176148555268003,20.62010877722391,7.145183374066599,STOP
SOLUSDT,LONG,2024-12-05 03:00:00+00:00,2024-12-05 12:00:00+00:00,231.74150999999998,242.6800156328571,0.32163620451492286,3.36562829597254,4.72013219938765,TP1_HALF
BTCUSDT,LONG,2024-12-05 05:00:00+00:00,2024-12-05 16:00:00+00:00,103443.29995999999,100761.76875718284,0.004491397211209272,-12.96098784225473,-2.5922715186523004,STOP
SOLUSDT,LONG,2024-12-05 03:00:00+00:00,2024-12-05 19:00:00+00:00,231.74150999999998,233.35498285714286,0.32163620451492286,0.3693594151635111,0.6962381737923851,STOP
BTCUSDT,LONG,2024-12-05 21:00:00+00:00,2024-12-05 22:00:00+00:00,99171.91283999999,95957.52747323143,0.003705155326054791,-12.63278194672178,-3.24122553928603,STOP
BTCUSDT,LONG,2024-12-06 00:00:00+00:00,2024-12-06 17:00:00+00:00,97042.57562999999,100735.91602008427,0.001515924542178324,5.299008070539855,3.8058969128829556,TP1_HALF
BTCUSDT,LONG,2024-12-06 00:00:00+00:00,2024-12-09 11:00:00+00:00,97042.57562999999,98006.70804428573,0.001515924542178324,1.1658719926692318,0.9935148650235037,STOP
SOLUSDT,LONG,2024-12-05 23:00:00+00:00,2024-12-09 19:00:00+00:00,235.27503999999996,221.91290495999993,0.5471543234616781,-7.5613023185342225,-5.679367875147334,STOP
BTCUSDT,LONG,2024-12-09 11:00:00+00:00,2024-12-09 19:00:00+00:00,98813.23452,97090.00982297999,0.00709038507212234,-13.607356106932997,-1.743920948839317,STOP
XRPUSDT,LONG,2024-12-03 15:00:00+00:00,2024-12-09 21:00:00+00:00,2.4826802,2.162462001942857,22.59072192539606,-7.3388973835483275,-12.898084822086343,STOP
SOLUSDT,LONG,2024-12-10 01:00:00+00:00,2024-12-10 03:00:00+00:00,217.95773999999997,208.46085618857137,0.7681240873065484,-7.622327604917816,-4.357213380643699,STOP
XRPUSDT,LONG,2024-12-10 01:00:00+00:00,2024-12-10 03:00:00+00:00,2.2573551,2.085360509185714,41.990589688866706,-7.404507480867947,-7.619297062047781,STOP
BTCUSDT,LONG,2024-12-09 22:00:00+00:00,2024-12-10 16:00:00+00:00,96988.89199999999,94900.47367371428,0.00572643267963545,-13.058028486860543,-2.1532551648138387,STOP
SOLUSDT,LONG,2024-12-10 04:00:00+00:00,2024-12-10 16:00:00+00:00,216.01579999999998,205.40340527142854,0.6819525478904882,-7.524537525133718,-4.912786346448472,STOP
XRPUSDT,LONG,2024-12-10 04:00:00+00:00,2024-12-10 17:00:00+00:00,2.1526505,1.9658933530714284,38.4055493573393,-7.330685763430624,-8.675683624841636,STOP
XRPUSDT,LONG,2024-12-10 17:00:00+00:00,2024-12-10 20:00:00+00:00,2.0857836999999995,2.2867660734428568,17.285141726889602,3.3984286670246027,9.635820504439518,TP1_HALF
SOLUSDT,LONG,2024-12-10 17:00:00+00:00,2024-12-11 08:00:00+00:00,211.02080999999998,222.09242383285712,0.3111030346670612,3.309669820663802,5.246692889131244,TP1_HALF
BTCUSDT,LONG,2024-12-10 17:00:00+00:00,2024-12-11 14:00:00+00:00,96416.08976999999,99116.72240308714,0.002007865989747703,5.029904731336413,2.8010186261748338,TP1_HALF
BTCUSDT,LONG,2024-12-10 17:00:00+00:00,2024-12-12 19:00:00+00:00,96416.08976999999,99640.41127714285,0.002007865989747703,6.080350313682704,3.3441736901324903,STOP
SOLUSDT,LONG,2024-12-10 17:00:00+00:00,2024-12-13 07:00:00+00:00,211.02080999999998,223.17267535714285,0.3111030346670612,3.645403278545402,5.758609948062876,STOP
BTCUSDT,LONG,2024-12-12 21:00:00+00:00,2024-12-14 01:00:00+00:00,100128.03800999999,102546.82532091855,0.0022437038525548116,4.972300036347065,2.4156943040040346,TP1_HALF
SOLUSDT,LONG,2024-12-13 08:00:00+00:00,2024-12-14 19:00:00+00:00,225.03480999999996,217.03363054714282,0.9096705128805582,-7.680573641570771,-3.5555296768784994,STOP
SOLUSDT,LONG,2024-12-14 20:00:00+00:00,2024-12-15 23:00:00+00:00,218.24802999999997,224.2806676842857,0.5652771379279435,3.159960808651342,2.764120108798118,TP1_HALF
SOLUSDT,LONG,2024-12-14 20:00:00+00:00,2024-12-16 03:00:00+00:00,218.24802999999997,221.08155428571428,0.5652771379279435,1.3533835284658007,1.2983046333633785,STOP
BTCUSDT,LONG,2024-12-12 21:00:00+00:00,2024-12-16 11:00:00+00:00,100128.03800999999,104022.43665107143,0.0022437038525548116,8.279824027858279,3.8894187067587405,STOP
ETHUSDT,LONG,2024-12-16 11:00:00+00:00,2024-12-16 17:00:00+00:00,3954.7608099999993,4037.575621332857,0.06545074578425795,4.897186783728712,2.0940536055544134,TP1_HALF
ETHUSDT,LONG,2024-12-16 11:00:00+00:00,2024-12-16 21:00:00+00:00,3954.7608099999993,4016.9226278571427,0.06545074578425795,3.5467847118914744,1.5718224399301484,STOP
SOLUSDT,LONG,2024-12-16 13:00:00+00:00,2024-12-17 09:00:00+00:00,214.5143,221.7045164142857,0.47935007929917056,3.237529284126077,3.3518587871697703,TP1_HALF
SOLUSDT,LONG,2024-12-16 13:00:00+00:00,2024-12-17 14:00:00+00:00,214.5143,219.9177192857143,0.47935007929917056,2.381884440199115,2.5189086628324198,STOP
XRPUSDT,LONG,2024-12-10 17:00:00+00:00,2024-12-17 22:00:00+00:00,2.0857836999999995,2.522303742857143,17.285141726889602,7.465659362873961,20.928346638107477,STOP
BTCUSDT,LONG,2024-12-17 15:00:00+00:00,2024-12-17 22:00:00+00:00,108366.64838999999,106024.66366696713,0.005110302353470139,-13.063854468474204,-2.1611674420383586,STOP
SOLUSDT,LONG,2024-12-17 17:00:00+00:00,2024-12-18 01:00:00+00:00,227.18695999999997,218.41618232571426,0.8350165701198372,-7.695830698405136,-3.8605990741219065,STOP
XRPUSDT,LONG,2024-12-18 12:00:00+00:00,2024-12-18 16:00:00+00:00,2.5841815999999995,2.435408039828571,48.57287208342262,-7.470174993088847,-5.757086118538601,STOP
ETHUSDT,LONG,2024-12-18 00:00:00+00:00,2024-12-18 20:00:00+00:00,3896.90301,3765.6154109185713,0.08942641548619289,-12.425810939620225,-3.369024036382895,STOP
SOLUSDT,LONG,2024-12-18 16:00:00+00:00,2024-12-18 20:00:00+00:00,217.94772999999998,208.32990584142854,0.7534334389474665,-7.567562156102905,-4.4129040291318695,STOP
SOLUSDT,LONG,2024-12-18 22:00:00+00:00,2024-12-19 02:00:00+00:00,209.08887999999996,199.8074439771428,0.7751299264920516,-7.511266599685215,-4.438990740615734,STOP
XRPUSDT,LONG,2024-12-18 22:00:00+00:00,2024-12-19 02:00:00+00:00,2.3535511999999996,2.1885461773714283,43.23507012994628,-7.330381623787352,-7.010895816864804,STOP
BTCUSDT,LONG,2024-12-18 22:00:00+00:00,2024-12-19 17:00:00+00:00,101111.56055,98469.40400659286,0.0044279406756797856,-12.583045101117513,-2.6131102408419316,STOP
SOLUSDT,LONG,2024-12-19 03:00:00+00:00,2024-12-19 17:00:00+00:00,206.05584999999996,196.43814379285712,0.7432469856050493,-7.44748359450457,-4.667523978155852,STOP
BTCUSDT,LONG,2024-12-19 17:00:00+00:00,2024-12-19 18:00:00+00:00,100817.01629999999,97887.82441834285,0.003928845272761711,-12.289022251391772,-2.905453850112738,STOP
BTCUSDT,LONG,2024-12-19 19:00:00+00:00,2024-12-19 20:00:00+00:00,99031.66272999998,96104.25620191284,0.003911483029334208,-12.21377178989075,-2.956030876779714,STOP
SOLUSDT,LONG,2024-12-19 21:00:00+00:00,2024-12-20 08:00:00+00:00,193.59339999999997,181.61731517142854,0.584253239284074,-7.216284430786714,-6.186205122990474,STOP
XRPUSDT,LONG,2024-12-19 03:00:00+00:00,2024-12-20 10:00:00+00:00,2.2959936999999995,2.1185444634428565,39.937489271725696,-7.263182551818935,-7.7286464922418086,STOP
BTCUSDT,LONG,2024-12-19 22:00:00+00:00,2024-12-20 10:00:00+00:00,97515.07766,94149.53637983999,0.0033703322347726807,-11.98896569094511,-3.451303491645097,STOP
BTCUSDT,LONG,2024-12-20 13:00:00+00:00,2024-12-20 19:00:00+00:00,94035.69174999998,97647.23997932141,0.001471909209149674,5.033731225577215,3.8406143051757047,TP1_HALF
SOLUSDT,LONG,2024-12-20 10:00:00+00:00,2024-12-21 00:00:00+00:00,183.03284999999997,194.77252536428568,0.2859188428853938,3.2485727202466976,6.413971789373174,TP1_HALF
XRPUSDT,LONG,2024-12-20 13:00:00+00:00,2024-12-21 06:00:00+00:00,2.1573551999999996,2.359828723371428,16.658907787950604,3.2977364049054283,9.385265966931566,TP1_HALF
SOLUSDT,LONG,2024-12-20 10:00:00+00:00,2024-12-21 12:00:00+00:00,183.03284999999997,189.8553117857143,0.2859188428853938,1.8440546276578242,3.7274520861770633,STOP
XRPUSDT,LONG,2024-12-20 13:00:00+00:00,2024-12-22 05:00:00+00:00,2.1573551999999996,2.178783321428571,16.658907787950604,0.28473376716332066,0.993258849009715,STOP
BTCUSDT,LONG,2024-12-20 13:00:00+00:00,2024-12-22 14:00:00+00:00,94035.69174999998,95735.48546892857,0.001471909209149674,2.222616085166045,1.8076048437518866,STOP
SOLUSDT,LONG,2024-12-21 18:00:00+00:00,2024-12-24 15:00:00+00:00,184.20401999999999,198.15923383714286,0.24227944247099534,3.2884226720654373,7.575955094325781,TP1_HALF
BTCUSDT,LONG,2024-12-22 16:00:00+00:00,2024-12-24 16:00:00+00:00,95473.09771999999,98414.37768656571,0.001806572351895911,4.963363314334564,3.080742153346483,TP1_HALF
BTCUSDT,LONG,2024-12-22 16:00:00+00:00,2024-12-26 08:00:00+00:00,95473.09771999999,96826.98323571427,0.001806572351895911,2.098488130799821,1.4180806405642121,STOP
SOLUSDT,LONG,2024-12-21 18:00:00+00:00,2024-12-26 14:00:00+00:00,184.20401999999999,187.50873214285713,0.24227944247099534,0.7106054571500259,1.794049957681243,STOP
XRPUSDT,LONG,2024-12-22 06:00:00+00:00,2024-12-30 13:00:00+00:00,2.2099076999999996,2.0243456137285714,37.371204021446324,-7.092917729160604,-8.39682518285394,STOP
XRPUSDT,LONG,2024-12-30 13:00:00+00:00,2024-12-30 14:00:00+00:00,2.0787767,2.0216066411571427,124.6577021704144,-7.637832533624482,-2.750177969709655,STOP
XRPUSDT,LONG,2024-12-30 16:00:00+00:00,2024-12-30 17:00:00+00:00,2.0264244,2.087452714885714,54.305808194416166,3.0907845410756494,3.0116255452566687,TP1_HALF
XRPUSDT,LONG,2024-12-30 16:00:00+00:00,2024-12-30 21:00:00+00:00,2.0264244,2.075204860714286,54.305808194416166,2.426320051268319,2.4072183849684237,STOP
XRPUSDT,LONG,2024-12-30 21:00:00+00:00,2024-12-31 00:00:00+00:00,2.1142120999999996,2.0393992307571427,94.39316203643891,-7.453895796232455,-3.5385697226336443,STOP
