open_time,datetime,equity
1704067200000,2024-01-01 00:00:00+00:00,10000.0
1704070800000,2024-01-01 01:00:00+00:00,10000.0
1704074400000,2024-01-01 02:00:00+00:00,10000.0
1704078000000,2024-01-01 03:00:00+00:00,10000.0
1704081600000,2024-01-01 04:00:00+00:00,10000.0
1704085200000,2024-01-01 05:00:00+00:00,10000.0
1704088800000,2024-01-01 06:00:00+00:00,10000.0
1704092400000,2024-01-01 07:00:00+00:00,10000.0
1704096000000,2024-01-01 08:00:00+00:00,10000.0
1704099600000,2024-01-01 09:00:00+00:00,10000.0
1704103200000,2024-01-01 10:00:00+00:00,10000.0
1704106800000,2024-01-01 11:00:00+00:00,10000.0
1704110400000,2024-01-01 12:00:00+00:00,10000.0
1704114000000,2024-01-01 13:00:00+00:00,10000.0
1704117600000,2024-01-01 14:00:00+00:00,10000.0
1704121200000,2024-01-01 15:00:00+00:00,10000.0
1704124800000,2024-01-01 16:00:00+00:00,10000.0
1704128400000,2024-01-01 17:00:00+00:00,10000.0
1704132000000,2024-01-01 18:00:00+00:00,10000.0
1704135600000,2024-01-01 19:00:00+00:00,10000.0
1704139200000,2024-01-01 20:00:00+00:00,10000.0
1704142800000,2024-01-01 21:00:00+00:00,10000.0
1704146400000,2024-01-01 22:00:00+00:00,10000.0
1704150000000,2024-01-01 23:00:00+00:00,10000.0
1704153600000,2024-01-02 00:00:00+00:00,10028.219089674343
1704157200000,2024-01-02 01:00:00+00:00,10028.219089674343
1704160800000,2024-01-02 02:00:00+00:00,10028.219089674343
1704164400000,2024-01-02 03:00:00+00:00,10028.219089674343
1704168000000,2024-01-02 04:00:00+00:00,10028.219089674343
1704171600000,2024-01-02 05:00:00+00:00,10028.219089674343
1704175200000,2024-01-02 06:00:00+00:00,10028.219089674343
1704178800000,2024-01-02 07:00:00+00:00,10028.219089674343
1704182400000,2024-01-02 08:00:00+00:00,10028.219089674343
1704186000000,2024-01-02 09:00:00+00:00,10038.202918791245
1704189600000,2024-01-02 10:00:00+00:00,10038.202918791245
1704193200000,2024-01-02 11:00:00+00:00,10068.631270087093
1704196800000,2024-01-02 12:00:00+00:00,10068.631270087093
1704200400000,2024-01-02 13:00:00+00:00,10068.631270087093
1704204000000,2024-01-02 14:00:00+00:00,10085.196409270317
1704207600000,2024-01-02 15:00:00+00:00,10085.196409270317
1704211200000,2024-01-02 16:00:00+00:00,10085.196409270317
1704214800000,2024-01-02 17:00:00+00:00,10085.196409270317
1704218400000,2024-01-02 18:00:00+00:00,10085.196409270317
1704222000000,2024-01-02 19:00:00+00:00,10085.196409270317
1704225600000,2024-01-02 20:00:00+00:00,10085.196409270317
1704229200000,2024-01-02 21:00:00+00:00,10085.196409270317
1704232800000,2024-01-02 22:00:00+00:00,10085.196409270317
1704236400000,2024-01-02 23:00:00+00:00,10085.196409270317
1704240000000,2024-01-03 00:00:00+00:00,10085.196409270317
1704243600000,2024-01-03 01:00:00+00:00,10085.196409270317
1704247200000,2024-01-03 02:00:00+00:00,10085.196409270317
1704250800000,2024-01-03 03:00:00+00:00,10085.196409270317
1704254400000,2024-01-03 04:00:00+00:00,10085.196409270317
1704258000000,2024-01-03 05:00:00+00:00,10085.196409270317
1704261600000,2024-01-03 06:00:00+00:00,10085.196409270317
1704265200000,2024-01-03 07:00:00+00:00,10085.196409270317
1704268800000,2024-01-03 08:00:00+00:00,10085.196409270317
1704272400000,2024-01-03 09:00:00+00:00,10085.196409270317
1704276000000,2024-01-03 10:00:00+00:00,10085.196409270317
1704279600000,2024-01-03 11:00:00+00:00,10085.196409270317
1704283200000,2024-01-03 12:00:00+00:00,10085.196409270317
1704286800000,2024-01-03 13:00:00+00:00,10085.196409270317
1704290400000,2024-01-03 14:00:00+00:00,10085.196409270317
1704294000000,2024-01-03 15:00:00+00:00,10085.196409270317
1704297600000,2024-01-03 16:00:00+00:00,10085.196409270317
1704301200000,2024-01-03 17:00:00+00:00,10085.196409270317
1704304800000,2024-01-03 18:00:00+00:00,10085.196409270317
1704308400000,2024-01-03 19:00:00+00:00,10085.196409270317
1704312000000,2024-01-03 20:00:00+00:00,10096.134753602893
1704315600000,2024-01-03 21:00:00+00:00,10096.134753602893
1704319200000,2024-01-03 22:00:00+00:00,10096.134753602893
1704322800000,2024-01-03 23:00:00+00:00,10096.134753602893
1704326400000,2024-01-04 00:00:00+00:00,10096.134753602893
1704330000000,2024-01-04 01:00:00+00:00,10102.120364377039
1704333600000,2024-01-04 02:00:00+00:00,10102.120364377039
1704337200000,2024-01-04 03:00:00+00:00,10102.120364377039
1704340800000,2024-01-04 04:00:00+00:00,10102.120364377039
1704344400000,2024-01-04 05:00:00+00:00,10102.120364377039
1704348000000,2024-01-04 06:00:00+00:00,10102.120364377039
1704351600000,2024-01-04 07:00:00+00:00,10102.120364377039
1704355200000,2024-01-04 08:00:00+00:00,10102.120364377039
1704358800000,2024-01-04 09:00:00+00:00,10102.120364377039
1704362400000,2024-01-04 10:00:00+00:00,10102.120364377039
1704366000000,2024-01-04 11:00:00+00:00,10102.120364377039
1704369600000,2024-01-04 12:00:00+00:00,10102.120364377039
1704373200000,2024-01-04 13:00:00+00:00,10102.120364377039
1704376800000,2024-01-04 14:00:00+00:00,10102.120364377039
1704380400000,2024-01-04 15:00:00+00:00,10119.930299301264
1704384000000,2024-01-04 16:00:00+00:00,10119.930299301264
1704387600000,2024-01-04 17:00:00+00:00,10119.930299301264
1704391200000,2024-01-04 18:00:00+00:00,10119.930299301264
1704394800000,2024-01-04 19:00:00+00:00,10131.843333298835
1704398400000,2024-01-04 20:00:00+00:00,10131.843333298835
1704402000000,2024-01-04 21:00:00+00:00,10131.843333298835
1704405600000,2024-01-04 22:00:00+00:00,10131.843333298835
1704409200000,2024-01-04 23:00:00+00:00,10131.843333298835
1704412800000,2024-01-05 00:00:00+00:00,10131.843333298835
1704416400000,2024-01-05 01:00:00+00:00,10147.487580704286
1704420000000,2024-01-05 02:00:00+00:00,10147.487580704286
1704423600000,2024-01-05 03:00:00+00:00,10147.487580704286
1704427200000,2024-01-05 04:00:00+00:00,10147.487580704286
1704430800000,2024-01-05 05:00:00+00:00,10147.487580704286
1704434400000,2024-01-05 06:00:00+00:00,10147.487580704286
1704438000000,2024-01-05 07:00:00+00:00,10147.487580704286
1704441600000,2024-01-05 08:00:00+00:00,10147.487580704286
1704445200000,2024-01-05 09:00:00+00:00,10147.487580704286
1704448800000,2024-01-05 10:00:00+00:00,10147.487580704286
1704452400000,2024-01-05 11:00:00+00:00,10147.487580704286
1704456000000,2024-01-05 12:00:00+00:00,10147.487580704286
1704459600000,2024-01-05 13:00:00+00:00,10147.487580704286
1704463200000,2024-01-05 14:00:00+00:00,10147.487580704286
1704466800000,2024-01-05 15:00:00+00:00,10147.487580704286
1704470400000,2024-01-05 16:00:00+00:00,10147.487580704286
1704474000000,2024-01-05 17:00:00+00:00,10147.487580704286
1704477600000,2024-01-05 18:00:00+00:00,10147.487580704286
1704481200000,2024-01-05 19:00:00+00:00,10147.487580704286
1704484800000,2024-01-05 20:00:00+00:00,10147.487580704286
1704488400000,2024-01-05 21:00:00+00:00,10147.487580704286
1704492000000,2024-01-05 22:00:00+00:00,10147.487580704286
1704495600000,2024-01-05 23:00:00+00:00,10147.487580704286
1704499200000,2024-01-06 00:00:00+00:00,10147.487580704286
1704502800000,2024-01-06 01:00:00+00:00,10147.487580704286
1704506400000,2024-01-06 02:00:00+00:00,10147.487580704286
1704510000000,2024-01-06 03:00:00+00:00,10147.487580704286
1704513600000,2024-01-06 04:00:00+00:00,10147.487580704286
1704517200000,2024-01-06 05:00:00+00:00,10147.487580704286
1704520800000,2024-01-06 06:00:00+00:00,10147.487580704286
1704524400000,2024-01-06 07:00:00+00:00,10147.487580704286
1704528000000,2024-01-06 08:00:00+00:00,10147.487580704286
1704531600000,2024-01-06 09:00:00+00:00,10147.487580704286
1704535200000,2024-01-06 10:00:00+00:00,10147.487580704286
1704538800000,2024-01-06 11:00:00+00:00,10147.487580704286
1704542400000,2024-01-06 12:00:00+00:00,10147.487580704286
1704546000000,2024-01-06 13:00:00+00:00,10147.487580704286
1704549600000,2024-01-06 14:00:00+00:00,10147.487580704286
1704553200000,2024-01-06 15:00:00+00:00,10147.487580704286
1704556800000,2024-01-06 16:00:00+00:00,10147.487580704286
1704560400000,2024-01-06 17:00:00+00:00,10147.487580704286
1704564000000,2024-01-06 18:00:00+00:00,10147.487580704286
1704567600000,2024-01-06 19:00:00+00:00,10147.487580704286
1704571200000,2024-01-06 20:00:00+00:00,10147.487580704286
1704574800000,2024-01-06 21:00:00+00:00,10147.487580704286
1704578400000,2024-01-06 22:00:00+00:00,10147.487580704286
1704582000000,2024-01-06 23:00:00+00:00,10147.487580704286
1704585600000,2024-01-07 00:00:00+00:00,10147.487580704286
1704589200000,2024-01-07 01:00:00+00:00,10147.487580704286
1704592800000,2024-01-07 02:00:00+00:00,10147.487580704286
1704596400000,2024-01-07 03:00:00+00:00,10147.487580704286
1704600000000,2024-01-07 04:00:00+00:00,10147.487580704286
1704603600000,2024-01-07 05:00:00+00:00,10147.487580704286
1704607200000,2024-01-07 06:00:00+00:00,10147.487580704286
1704610800000,2024-01-07 07:00:00+00:00,10147.487580704286
1704614400000,2024-01-07 08:00:00+00:00,10147.487580704286
1704618000000,2024-01-07 09:00:00+00:00,10147.487580704286
1704621600000,2024-01-07 10:00:00+00:00,10147.487580704286
1704625200000,2024-01-07 11:00:00+00:00,10147.487580704286
1704628800000,2024-01-07 12:00:00+00:00,10147.487580704286
1704632400000,2024-01-07 13:00:00+00:00,10147.487580704286
1704636000000,2024-01-07 14:00:00+00:00,10147.487580704286
1704639600000,2024-01-07 15:00:00+00:00,10147.487580704286
1704643200000,2024-01-07 16:00:00+00:00,10147.487580704286
1704646800000,2024-01-07 17:00:00+00:00,10147.487580704286
1704650400000,2024-01-07 18:00:00+00:00,10147.487580704286
1704654000000,2024-01-07 19:00:00+00:00,10147.487580704286
1704657600000,2024-01-07 20:00:00+00:00,10147.487580704286
1704661200000,2024-01-07 21:00:00+00:00,10147.487580704286
1704664800000,2024-01-07 22:00:00+00:00,10147.487580704286
1704668400000,2024-01-07 23:00:00+00:00,10147.487580704286
1704672000000,2024-01-08 00:00:00+00:00,10147.487580704286
1704675600000,2024-01-08 01:00:00+00:00,10147.487580704286
1704679200000,2024-01-08 02:00:00+00:00,10147.487580704286
1704682800000,2024-01-08 03:00:00+00:00,10147.487580704286
1704686400000,2024-01-08 04:00:00+00:00,10147.487580704286
1704690000000,2024-01-08 05:00:00+00:00,10147.487580704286
1704693600000,2024-01-08 06:00:00+00:00,10147.487580704286
1704697200000,2024-01-08 07:00:00+00:00,10147.487580704286
1704700800000,2024-01-08 08:00:00+00:00,10147.487580704286
1704704400000,2024-01-08 09:00:00+00:00,10147.487580704286
1704708000000,2024-01-08 10:00:00+00:00,10147.487580704286
1704711600000,2024-01-08 11:00:00+00:00,10147.487580704286
1704715200000,2024-01-08 12:00:00+00:00,10147.487580704286
1704718800000,2024-01-08 13:00:00+00:00,10147.487580704286
1704722400000,2024-01-08 14:00:00+00:00,10147.487580704286
1704726000000,2024-01-08 15:00:00+00:00,10147.487580704286
1704729600000,2024-01-08 16:00:00+00:00,10147.487580704286
1704733200000,2024-01-08 17:00:00+00:00,10166.185020027331
1704736800000,2024-01-08 18:00:00+00:00,10166.185020027331
1704740400000,2024-01-08 19:00:00+00:00,10166.185020027331
1704744000000,2024-01-08 20:00:00+00:00,10166.185020027331
1704747600000,2024-01-08 21:00:00+00:00,10166.185020027331
1704751200000,2024-01-08 22:00:00+00:00,10166.185020027331
1704754800000,2024-01-08 23:00:00+00:00,10166.185020027331
1704758400000,2024-01-09 00:00:00+00:00,10166.185020027331
1704762000000,2024-01-09 01:00:00+00:00,10166.185020027331
1704765600000,2024-01-09 02:00:00+00:00,10166.185020027331
1704769200000,2024-01-09 03:00:00+00:00,10166.185020027331
1704772800000,2024-01-09 04:00:00+00:00,10166.185020027331
1704776400000,2024-01-09 05:00:00+00:00,10166.185020027331
1704780000000,2024-01-09 06:00:00+00:00,10166.185020027331
1704783600000,2024-01-09 07:00:00+00:00,10166.185020027331
1704787200000,2024-01-09 08:00:00+00:00,10166.185020027331
1704790800000,2024-01-09 09:00:00+00:00,10166.185020027331
1704794400000,2024-01-09 10:00:00+00:00,10166.185020027331
1704798000000,2024-01-09 11:00:00+00:00,10166.185020027331
1704801600000,2024-01-09 12:00:00+00:00,10187.053198239713
1704805200000,2024-01-09 13:00:00+00:00,10187.053198239713
1704808800000,2024-01-09 14:00:00+00:00,10187.053198239713
1704812400000,2024-01-09 15:00:00+00:00,10187.053198239713
1704816000000,2024-01-09 16:00:00+00:00,10187.053198239713
1704819600000,2024-01-09 17:00:00+00:00,10187.053198239713
1704823200000,2024-01-09 18:00:00+00:00,10187.053198239713
1704826800000,2024-01-09 19:00:00+00:00,10187.053198239713
1704830400000,2024-01-09 20:00:00+00:00,10187.053198239713
1704834000000,2024-01-09 21:00:00+00:00,10187.053198239713
1704837600000,2024-01-09 22:00:00+00:00,10187.053198239713
1704841200000,2024-01-09 23:00:00+00:00,10187.053198239713
1704844800000,2024-01-10 00:00:00+00:00,10205.289064163686
1704848400000,2024-01-10 01:00:00+00:00,10205.289064163686
1704852000000,2024-01-10 02:00:00+00:00,10205.289064163686
1704855600000,2024-01-10 03:00:00+00:00,10205.289064163686
1704859200000,2024-01-10 04:00:00+00:00,10205.289064163686
1704862800000,2024-01-10 05:00:00+00:00,10205.289064163686
1704866400000,2024-01-10 06:00:00+00:00,10205.289064163686
1704870000000,2024-01-10 07:00:00+00:00,10205.289064163686
1704873600000,2024-01-10 08:00:00+00:00,10205.289064163686
1704877200000,2024-01-10 09:00:00+00:00,10205.289064163686
1704880800000,2024-01-10 10:00:00+00:00,10205.289064163686
1704884400000,2024-01-10 11:00:00+00:00,10205.289064163686
1704888000000,2024-01-10 12:00:00+00:00,10189.68738583945
1704891600000,2024-01-10 13:00:00+00:00,10189.68738583945
1704895200000,2024-01-10 14:00:00+00:00,10189.68738583945
1704898800000,2024-01-10 15:00:00+00:00,10189.68738583945
1704902400000,2024-01-10 16:00:00+00:00,10189.68738583945
1704906000000,2024-01-10 17:00:00+00:00,10189.68738583945
1704909600000,2024-01-10 18:00:00+00:00,10189.68738583945
1704913200000,2024-01-10 19:00:00+00:00,10189.68738583945
1704916800000,2024-01-10 20:00:00+00:00,10189.68738583945
1704920400000,2024-01-10 21:00:00+00:00,10201.843070843337
1704924000000,2024-01-10 22:00:00+00:00,10201.843070843337
1704927600000,2024-01-10 23:00:00+00:00,10201.843070843337
1704931200000,2024-01-11 00:00:00+00:00,10201.843070843337
1704934800000,2024-01-11 01:00:00+00:00,10201.843070843337
1704938400000,2024-01-11 02:00:00+00:00,10201.843070843337
1704942000000,2024-01-11 03:00:00+00:00,10201.843070843337
1704945600000,2024-01-11 04:00:00+00:00,10201.843070843337
1704949200000,2024-01-11 05:00:00+00:00,10209.33434722018
1704952800000,2024-01-11 06:00:00+00:00,10209.33434722018
1704956400000,2024-01-11 07:00:00+00:00,10209.33434722018
1704960000000,2024-01-11 08:00:00+00:00,10209.33434722018
1704963600000,2024-01-11 09:00:00+00:00,10209.33434722018
1704967200000,2024-01-11 10:00:00+00:00,10209.33434722018
1704970800000,2024-01-11 11:00:00+00:00,10209.33434722018
1704974400000,2024-01-11 12:00:00+00:00,10209.33434722018
1704978000000,2024-01-11 13:00:00+00:00,10209.33434722018
1704981600000,2024-01-11 14:00:00+00:00,10227.951695070373
1704985200000,2024-01-11 15:00:00+00:00,10236.983414626467
1704988800000,2024-01-11 16:00:00+00:00,10166.592039931222
1704992400000,2024-01-11 17:00:00+00:00,10166.592039931222
1704996000000,2024-01-11 18:00:00+00:00,10166.592039931222
1704999600000,2024-01-11 19:00:00+00:00,10166.592039931222
1705003200000,2024-01-11 20:00:00+00:00,10166.592039931222
1705006800000,2024-01-11 21:00:00+00:00,10166.592039931222
1705010400000,2024-01-11 22:00:00+00:00,10166.592039931222
1705014000000,2024-01-11 23:00:00+00:00,10166.592039931222
1705017600000,2024-01-12 00:00:00+00:00,10166.592039931222
1705021200000,2024-01-12 01:00:00+00:00,10166.592039931222
1705024800000,2024-01-12 02:00:00+00:00,10166.592039931222
1705028400000,2024-01-12 03:00:00+00:00,10166.592039931222
1705032000000,2024-01-12 04:00:00+00:00,10166.592039931222
1705035600000,2024-01-12 05:00:00+00:00,10166.592039931222
1705039200000,2024-01-12 06:00:00+00:00,10166.592039931222
1705042800000,2024-01-12 07:00:00+00:00,10166.592039931222
1705046400000,2024-01-12 08:00:00+00:00,10166.592039931222
1705050000000,2024-01-12 09:00:00+00:00,10166.592039931222
1705053600000,2024-01-12 10:00:00+00:00,10166.592039931222
1705057200000,2024-01-12 11:00:00+00:00,10166.592039931222
1705060800000,2024-01-12 12:00:00+00:00,10166.592039931222
1705064400000,2024-01-12 13:00:00+00:00,10166.592039931222
1705068000000,2024-01-12 14:00:00+00:00,10166.592039931222
1705071600000,2024-01-12 15:00:00+00:00,10166.592039931222
1705075200000,2024-01-12 16:00:00+00:00,10166.592039931222
1705078800000,2024-01-12 17:00:00+00:00,10166.592039931222
1705082400000,2024-01-12 18:00:00+00:00,10166.592039931222
1705086000000,2024-01-12 19:00:00+00:00,10166.592039931222
1705089600000,2024-01-12 20:00:00+00:00,10166.592039931222
1705093200000,2024-01-12 21:00:00+00:00,10166.592039931222
1705096800000,2024-01-12 22:00:00+00:00,10140.16095440549
1705100400000,2024-01-12 23:00:00+00:00,10140.16095440549
1705104000000,2024-01-13 00:00:00+00:00,10140.16095440549
1705107600000,2024-01-13 01:00:00+00:00,10140.16095440549
1705111200000,2024-01-13 02:00:00+00:00,10140.16095440549
1705114800000,2024-01-13 03:00:00+00:00,10140.16095440549
1705118400000,2024-01-13 04:00:00+00:00,10140.16095440549
1705122000000,2024-01-13 05:00:00+00:00,10140.16095440549
1705125600000,2024-01-13 06:00:00+00:00,10140.16095440549
1705129200000,2024-01-13 07:00:00+00:00,10140.16095440549
1705132800000,2024-01-13 08:00:00+00:00,10140.16095440549
1705136400000,2024-01-13 09:00:00+00:00,10140.16095440549
1705140000000,2024-01-13 10:00:00+00:00,10140.16095440549
1705143600000,2024-01-13 11:00:00+00:00,10140.16095440549
1705147200000,2024-01-13 12:00:00+00:00,10140.16095440549
1705150800000,2024-01-13 13:00:00+00:00,10140.16095440549
1705154400000,2024-01-13 14:00:00+00:00,10140.16095440549
1705158000000,2024-01-13 15:00:00+00:00,10140.16095440549
1705161600000,2024-01-13 16:00:00+00:00,10140.16095440549
1705165200000,2024-01-13 17:00:00+00:00,10140.16095440549
1705168800000,2024-01-13 18:00:00+00:00,10140.16095440549
1705172400000,2024-01-13 19:00:00+00:00,10140.16095440549
1705176000000,2024-01-13 20:00:00+00:00,10140.16095440549
1705179600000,2024-01-13 21:00:00+00:00,10140.16095440549
1705183200000,2024-01-13 22:00:00+00:00,10140.16095440549
1705186800000,2024-01-13 23:00:00+00:00,10140.16095440549
1705190400000,2024-01-14 00:00:00+00:00,10140.16095440549
1705194000000,2024-01-14 01:00:00+00:00,10140.16095440549
1705197600000,2024-01-14 02:00:00+00:00,10140.16095440549
1705201200000,2024-01-14 03:00:00+00:00,10140.16095440549
1705204800000,2024-01-14 04:00:00+00:00,10140.16095440549
1705208400000,2024-01-14 05:00:00+00:00,10140.16095440549
1705212000000,2024-01-14 06:00:00+00:00,10140.16095440549
1705215600000,2024-01-14 07:00:00+00:00,10140.16095440549
1705219200000,2024-01-14 08:00:00+00:00,10140.16095440549
1705222800000,2024-01-14 09:00:00+00:00,10140.16095440549
1705226400000,2024-01-14 10:00:00+00:00,10140.16095440549
1705230000000,2024-01-14 11:00:00+00:00,10140.16095440549
1705233600000,2024-01-14 12:00:00+00:00,10140.16095440549
1705237200000,2024-01-14 13:00:00+00:00,10140.16095440549
1705240800000,2024-01-14 14:00:00+00:00,10140.16095440549
1705244400000,2024-01-14 15:00:00+00:00,10140.16095440549
1705248000000,2024-01-14 16:00:00+00:00,10140.16095440549
1705251600000,2024-01-14 17:00:00+00:00,10140.16095440549
1705255200000,2024-01-14 18:00:00+00:00,10140.16095440549
1705258800000,2024-01-14 19:00:00+00:00,10140.16095440549
1705262400000,2024-01-14 20:00:00+00:00,10140.16095440549
1705266000000,2024-01-14 21:00:00+00:00,10140.16095440549
1705269600000,2024-01-14 22:00:00+00:00,10140.16095440549
1705273200000,2024-01-14 23:00:00+00:00,10140.16095440549
1705276800000,2024-01-15 00:00:00+00:00,10140.16095440549
1705280400000,2024-01-15 01:00:00+00:00,10140.16095440549
1705284000000,2024-01-15 02:00:00+00:00,10140.16095440549
1705287600000,2024-01-15 03:00:00+00:00,10140.16095440549
1705291200000,2024-01-15 04:00:00+00:00,10140.16095440549
1705294800000,2024-01-15 05:00:00+00:00,10140.16095440549
1705298400000,2024-01-15 06:00:00+00:00,10140.16095440549
1705302000000,2024-01-15 07:00:00+00:00,10140.16095440549
1705305600000,2024-01-15 08:00:00+00:00,10140.16095440549
1705309200000,2024-01-15 09:00:00+00:00,10140.16095440549
1705312800000,2024-01-15 10:00:00+00:00,10140.16095440549
1705316400000,2024-01-15 11:00:00+00:00,10140.16095440549
1705320000000,2024-01-15 12:00:00+00:00,10140.16095440549
1705323600000,2024-01-15 13:00:00+00:00,10140.16095440549
1705327200000,2024-01-15 14:00:00+00:00,10140.16095440549
1705330800000,2024-01-15 15:00:00+00:00,10140.16095440549
1705334400000,2024-01-15 16:00:00+00:00,10140.16095440549
1705338000000,2024-01-15 17:00:00+00:00,10140.16095440549
1705341600000,2024-01-15 18:00:00+00:00,10140.16095440549
1705345200000,2024-01-15 19:00:00+00:00,10140.16095440549
1705348800000,2024-01-15 20:00:00+00:00,10140.16095440549
1705352400000,2024-01-15 21:00:00+00:00,10140.16095440549
1705356000000,2024-01-15 22:00:00+00:00,10140.16095440549
1705359600000,2024-01-15 23:00:00+00:00,10140.16095440549
1705363200000,2024-01-16 00:00:00+00:00,10140.16095440549
1705366800000,2024-01-16 01:00:00+00:00,10140.16095440549
1705370400000,2024-01-16 02:00:00+00:00,10140.16095440549
1705374000000,2024-01-16 03:00:00+00:00,10140.16095440549
1705377600000,2024-01-16 04:00:00+00:00,10140.16095440549
1705381200000,2024-01-16 05:00:00+00:00,10140.16095440549
1705384800000,2024-01-16 06:00:00+00:00,10140.16095440549
1705388400000,2024-01-16 07:00:00+00:00,10140.16095440549
1705392000000,2024-01-16 08:00:00+00:00,10140.16095440549
1705395600000,2024-01-16 09:00:00+00:00,10140.16095440549
1705399200000,2024-01-16 10:00:00+00:00,10140.16095440549
1705402800000,2024-01-16 11:00:00+00:00,10140.16095440549
1705406400000,2024-01-16 12:00:00+00:00,10140.16095440549
1705410000000,2024-01-16 13:00:00+00:00,10140.16095440549
1705413600000,2024-01-16 14:00:00+00:00,10140.16095440549
1705417200000,2024-01-16 15:00:00+00:00,10140.16095440549
1705420800000,2024-01-16 16:00:00+00:00,10140.16095440549
1705424400000,2024-01-16 17:00:00+00:00,10140.16095440549
1705428000000,2024-01-16 18:00:00+00:00,10140.16095440549
1705431600000,2024-01-16 19:00:00+00:00,10140.16095440549
1705435200000,2024-01-16 20:00:00+00:00,10140.16095440549
1705438800000,2024-01-16 21:00:00+00:00,10140.16095440549
1705442400000,2024-01-16 22:00:00+00:00,10140.16095440549
1705446000000,2024-01-16 23:00:00+00:00,10140.16095440549
1705449600000,2024-01-17 00:00:00+00:00,10140.16095440549
1705453200000,2024-01-17 01:00:00+00:00,10140.16095440549
1705456800000,2024-01-17 02:00:00+00:00,10140.16095440549
1705460400000,2024-01-17 03:00:00+00:00,10140.16095440549
1705464000000,2024-01-17 04:00:00+00:00,10140.16095440549
1705467600000,2024-01-17 05:00:00+00:00,10140.16095440549
1705471200000,2024-01-17 06:00:00+00:00,10140.16095440549
1705474800000,2024-01-17 07:00:00+00:00,10140.16095440549
1705478400000,2024-01-17 08:00:00+00:00,10140.16095440549
1705482000000,2024-01-17 09:00:00+00:00,10140.16095440549
1705485600000,2024-01-17 10:00:00+00:00,10140.16095440549
1705489200000,2024-01-17 11:00:00+00:00,10140.16095440549
1705492800000,2024-01-17 12:00:00+00:00,10140.16095440549
1705496400000,2024-01-17 13:00:00+00:00,10140.16095440549
1705500000000,2024-01-17 14:00:00+00:00,10140.16095440549
1705503600000,2024-01-17 15:00:00+00:00,10140.16095440549
1705507200000,2024-01-17 16:00:00+00:00,10140.16095440549
1705510800000,2024-01-17 17:00:00+00:00,10140.16095440549
1705514400000,2024-01-17 18:00:00+00:00,10140.16095440549
1705518000000,2024-01-17 19:00:00+00:00,10140.16095440549
1705521600000,2024-01-17 20:00:00+00:00,10140.16095440549
1705525200000,2024-01-17 21:00:00+00:00,10140.16095440549
1705528800000,2024-01-17 22:00:00+00:00,10140.16095440549
1705532400000,2024-01-17 23:00:00+00:00,10140.16095440549
1705536000000,2024-01-18 00:00:00+00:00,10151.969201924338
1705539600000,2024-01-18 01:00:00+00:00,10151.969201924338
1705543200000,2024-01-18 02:00:00+00:00,10151.969201924338
1705546800000,2024-01-18 03:00:00+00:00,10151.969201924338
1705550400000,2024-01-18 04:00:00+00:00,10151.969201924338
1705554000000,2024-01-18 05:00:00+00:00,10151.969201924338
1705557600000,2024-01-18 06:00:00+00:00,10151.969201924338
1705561200000,2024-01-18 07:00:00+00:00,10151.969201924338
1705564800000,2024-01-18 08:00:00+00:00,10151.969201924338
1705568400000,2024-01-18 09:00:00+00:00,10151.969201924338
1705572000000,2024-01-18 10:00:00+00:00,10152.477058852946
1705575600000,2024-01-18 11:00:00+00:00,10152.477058852946
1705579200000,2024-01-18 12:00:00+00:00,10152.477058852946
1705582800000,2024-01-18 13:00:00+00:00,10152.477058852946
1705586400000,2024-01-18 14:00:00+00:00,10152.477058852946
1705590000000,2024-01-18 15:00:00+00:00,10152.477058852946
1705593600000,2024-01-18 16:00:00+00:00,10152.477058852946
1705597200000,2024-01-18 17:00:00+00:00,10152.477058852946
1705600800000,2024-01-18 18:00:00+00:00,10108.170023493147
1705604400000,2024-01-18 19:00:00+00:00,10108.170023493147
1705608000000,2024-01-18 20:00:00+00:00,10108.170023493147
1705611600000,2024-01-18 21:00:00+00:00,10108.170023493147
1705615200000,2024-01-18 22:00:00+00:00,10108.170023493147
1705618800000,2024-01-18 23:00:00+00:00,10108.170023493147
1705622400000,2024-01-19 00:00:00+00:00,10108.170023493147
1705626000000,2024-01-19 01:00:00+00:00,10108.170023493147
1705629600000,2024-01-19 02:00:00+00:00,10108.170023493147
1705633200000,2024-01-19 03:00:00+00:00,10108.170023493147
1705636800000,2024-01-19 04:00:00+00:00,10108.170023493147
1705640400000,2024-01-19 05:00:00+00:00,10108.170023493147
1705644000000,2024-01-19 06:00:00+00:00,10108.170023493147
1705647600000,2024-01-19 07:00:00+00:00,10108.170023493147
1705651200000,2024-01-19 08:00:00+00:00,10108.170023493147
1705654800000,2024-01-19 09:00:00+00:00,10108.170023493147
1705658400000,2024-01-19 10:00:00+00:00,10108.170023493147
1705662000000,2024-01-19 11:00:00+00:00,10108.170023493147
1705665600000,2024-01-19 12:00:00+00:00,10108.170023493147
1705669200000,2024-01-19 13:00:00+00:00,10108.170023493147
1705672800000,2024-01-19 14:00:00+00:00,10108.170023493147
1705676400000,2024-01-19 15:00:00+00:00,10108.170023493147
1705680000000,2024-01-19 16:00:00+00:00,10108.170023493147
1705683600000,2024-01-19 17:00:00+00:00,10108.170023493147
1705687200000,2024-01-19 18:00:00+00:00,10108.170023493147
1705690800000,2024-01-19 19:00:00+00:00,10108.170023493147
1705694400000,2024-01-19 20:00:00+00:00,10108.170023493147
1705698000000,2024-01-19 21:00:00+00:00,10108.170023493147
1705701600000,2024-01-19 22:00:00+00:00,10108.170023493147
1705705200000,2024-01-19 23:00:00+00:00,10108.170023493147
1705708800000,2024-01-20 00:00:00+00:00,10108.170023493147
1705712400000,2024-01-20 01:00:00+00:00,10108.170023493147
1705716000000,2024-01-20 02:00:00+00:00,10108.170023493147
1705719600000,2024-01-20 03:00:00+00:00,10108.170023493147
1705723200000,2024-01-20 04:00:00+00:00,10108.170023493147
1705726800000,2024-01-20 05:00:00+00:00,10108.170023493147
1705730400000,2024-01-20 06:00:00+00:00,10108.170023493147
1705734000000,2024-01-20 07:00:00+00:00,10108.170023493147
1705737600000,2024-01-20 08:00:00+00:00,10108.170023493147
1705741200000,2024-01-20 09:00:00+00:00,10108.170023493147
1705744800000,2024-01-20 10:00:00+00:00,10108.170023493147
1705748400000,2024-01-20 11:00:00+00:00,10108.170023493147
1705752000000,2024-01-20 12:00:00+00:00,10108.170023493147
1705755600000,2024-01-20 13:00:00+00:00,10108.170023493147
1705759200000,2024-01-20 14:00:00+00:00,10108.170023493147
1705762800000,2024-01-20 15:00:00+00:00,10108.170023493147
1705766400000,2024-01-20 16:00:00+00:00,10108.170023493147
1705770000000,2024-01-20 17:00:00+00:00,10108.170023493147
1705773600000,2024-01-20 18:00:00+00:00,10108.170023493147
1705777200000,2024-01-20 19:00:00+00:00,10108.170023493147
1705780800000,2024-01-20 20:00:00+00:00,10108.170023493147
1705784400000,2024-01-20 21:00:00+00:00,10108.170023493147
1705788000000,2024-01-20 22:00:00+00:00,10108.170023493147
1705791600000,2024-01-20 23:00:00+00:00,10108.170023493147
1705795200000,2024-01-21 00:00:00+00:00,10108.170023493147
1705798800000,2024-01-21 01:00:00+00:00,10108.170023493147
1705802400000,2024-01-21 02:00:00+00:00,10108.170023493147
1705806000000,2024-01-21 03:00:00+00:00,10108.170023493147
1705809600000,2024-01-21 04:00:00+00:00,10108.170023493147
1705813200000,2024-01-21 05:00:00+00:00,10108.170023493147
1705816800000,2024-01-21 06:00:00+00:00,10108.170023493147
1705820400000,2024-01-21 07:00:00+00:00,10108.170023493147
1705824000000,2024-01-21 08:00:00+00:00,10108.170023493147
1705827600000,2024-01-21 09:00:00+00:00,10108.170023493147
1705831200000,2024-01-21 10:00:00+00:00,10108.170023493147
1705834800000,2024-01-21 11:00:00+00:00,10108.170023493147
1705838400000,2024-01-21 12:00:00+00:00,10108.170023493147
1705842000000,2024-01-21 13:00:00+00:00,10108.170023493147
1705845600000,2024-01-21 14:00:00+00:00,10108.170023493147
1705849200000,2024-01-21 15:00:00+00:00,10108.170023493147
1705852800000,2024-01-21 16:00:00+00:00,10108.170023493147
1705856400000,2024-01-21 17:00:00+00:00,10108.170023493147
1705860000000,2024-01-21 18:00:00+00:00,10108.170023493147
1705863600000,2024-01-21 19:00:00+00:00,10108.170023493147
1705867200000,2024-01-21 20:00:00+00:00,10108.170023493147
1705870800000,2024-01-21 21:00:00+00:00,10108.170023493147
1705874400000,2024-01-21 22:00:00+00:00,10108.170023493147
1705878000000,2024-01-21 23:00:00+00:00,10108.170023493147
1705881600000,2024-01-22 00:00:00+00:00,10108.170023493147
1705885200000,2024-01-22 01:00:00+00:00,10108.170023493147
1705888800000,2024-01-22 02:00:00+00:00,10108.170023493147
1705892400000,2024-01-22 03:00:00+00:00,10108.170023493147
1705896000000,2024-01-22 04:00:00+00:00,10062.21812938202
1705899600000,2024-01-22 05:00:00+00:00,10062.21812938202
1705903200000,2024-01-22 06:00:00+00:00,10062.21812938202
1705906800000,2024-01-22 07:00:00+00:00,10062.21812938202
1705910400000,2024-01-22 08:00:00+00:00,10062.21812938202
1705914000000,2024-01-22 09:00:00+00:00,10062.21812938202
1705917600000,2024-01-22 10:00:00+00:00,10062.21812938202
1705921200000,2024-01-22 11:00:00+00:00,10062.21812938202
1705924800000,2024-01-22 12:00:00+00:00,10062.21812938202
1705928400000,2024-01-22 13:00:00+00:00,10062.21812938202
1705932000000,2024-01-22 14:00:00+00:00,10062.21812938202
1705935600000,2024-01-22 15:00:00+00:00,10011.68501148572
1705939200000,2024-01-22 16:00:00+00:00,10011.68501148572
1705942800000,2024-01-22 17:00:00+00:00,10011.68501148572
1705946400000,2024-01-22 18:00:00+00:00,10011.68501148572
1705950000000,2024-01-22 19:00:00+00:00,10011.68501148572
1705953600000,2024-01-22 20:00:00+00:00,10011.68501148572
1705957200000,2024-01-22 21:00:00+00:00,10011.68501148572
1705960800000,2024-01-22 22:00:00+00:00,10011.68501148572
1705964400000,2024-01-22 23:00:00+00:00,10011.68501148572
1705968000000,2024-01-23 00:00:00+00:00,10011.68501148572
1705971600000,2024-01-23 01:00:00+00:00,10011.68501148572
1705975200000,2024-01-23 02:00:00+00:00,10011.68501148572
1705978800000,2024-01-23 03:00:00+00:00,10011.68501148572
1705982400000,2024-01-23 04:00:00+00:00,10011.68501148572
1705986000000,2024-01-23 05:00:00+00:00,10011.68501148572
1705989600000,2024-01-23 06:00:00+00:00,10011.68501148572
1705993200000,2024-01-23 07:00:00+00:00,10011.68501148572
1705996800000,2024-01-23 08:00:00+00:00,10011.68501148572
1706000400000,2024-01-23 09:00:00+00:00,10011.68501148572
1706004000000,2024-01-23 10:00:00+00:00,10011.68501148572
1706007600000,2024-01-23 11:00:00+00:00,10011.68501148572
1706011200000,2024-01-23 12:00:00+00:00,10011.68501148572
1706014800000,2024-01-23 13:00:00+00:00,10011.68501148572
1706018400000,2024-01-23 14:00:00+00:00,10011.68501148572
1706022000000,2024-01-23 15:00:00+00:00,10011.68501148572
1706025600000,2024-01-23 16:00:00+00:00,10011.68501148572
1706029200000,2024-01-23 17:00:00+00:00,10011.68501148572
1706032800000,2024-01-23 18:00:00+00:00,10011.68501148572
1706036400000,2024-01-23 19:00:00+00:00,10011.68501148572
1706040000000,2024-01-23 20:00:00+00:00,10011.68501148572
1706043600000,2024-01-23 21:00:00+00:00,10011.68501148572
1706047200000,2024-01-23 22:00:00+00:00,10011.68501148572
1706050800000,2024-01-23 23:00:00+00:00,10011.68501148572
1706054400000,2024-01-24 00:00:00+00:00,10011.68501148572
1706058000000,2024-01-24 01:00:00+00:00,10011.68501148572
1706061600000,2024-01-24 02:00:00+00:00,10011.68501148572
1706065200000,2024-01-24 03:00:00+00:00,10011.68501148572
1706068800000,2024-01-24 04:00:00+00:00,10011.68501148572
1706072400000,2024-01-24 05:00:00+00:00,10011.68501148572
1706076000000,2024-01-24 06:00:00+00:00,10011.68501148572
1706079600000,2024-01-24 07:00:00+00:00,10011.68501148572
1706083200000,2024-01-24 08:00:00+00:00,10011.68501148572
1706086800000,2024-01-24 09:00:00+00:00,10011.68501148572
1706090400000,2024-01-24 10:00:00+00:00,10011.68501148572
1706094000000,2024-01-24 11:00:00+00:00,10011.68501148572
1706097600000,2024-01-24 12:00:00+00:00,10011.68501148572
1706101200000,2024-01-24 13:00:00+00:00,10011.68501148572
1706104800000,2024-01-24 14:00:00+00:00,10011.68501148572
1706108400000,2024-01-24 15:00:00+00:00,10011.68501148572
1706112000000,2024-01-24 16:00:00+00:00,10011.68501148572
1706115600000,2024-01-24 17:00:00+00:00,10011.68501148572
1706119200000,2024-01-24 18:00:00+00:00,10011.68501148572
1706122800000,2024-01-24 19:00:00+00:00,10011.68501148572
1706126400000,2024-01-24 20:00:00+00:00,10011.68501148572
1706130000000,2024-01-24 21:00:00+00:00,10011.68501148572
1706133600000,2024-01-24 22:00:00+00:00,10011.68501148572
1706137200000,2024-01-24 23:00:00+00:00,10011.68501148572
1706140800000,2024-01-25 00:00:00+00:00,10011.68501148572
1706144400000,2024-01-25 01:00:00+00:00,10011.68501148572
1706148000000,2024-01-25 02:00:00+00:00,10011.68501148572
1706151600000,2024-01-25 03:00:00+00:00,10011.68501148572
1706155200000,2024-01-25 04:00:00+00:00,10011.68501148572
1706158800000,2024-01-25 05:00:00+00:00,10011.68501148572
1706162400000,2024-01-25 06:00:00+00:00,10011.68501148572
1706166000000,2024-01-25 07:00:00+00:00,10011.68501148572
1706169600000,2024-01-25 08:00:00+00:00,10011.68501148572
1706173200000,2024-01-25 09:00:00+00:00,10011.68501148572
1706176800000,2024-01-25 10:00:00+00:00,10011.68501148572
1706180400000,2024-01-25 11:00:00+00:00,10011.68501148572
1706184000000,2024-01-25 12:00:00+00:00,10011.68501148572
1706187600000,2024-01-25 13:00:00+00:00,10011.68501148572
1706191200000,2024-01-25 14:00:00+00:00,10011.68501148572
1706194800000,2024-01-25 15:00:00+00:00,10011.68501148572
1706198400000,2024-01-25 16:00:00+00:00,10011.68501148572
1706202000000,2024-01-25 17:00:00+00:00,10011.68501148572
1706205600000,2024-01-25 18:00:00+00:00,10011.68501148572
1706209200000,2024-01-25 19:00:00+00:00,10011.68501148572
1706212800000,2024-01-25 20:00:00+00:00,10011.68501148572
1706216400000,2024-01-25 21:00:00+00:00,10011.68501148572
1706220000000,2024-01-25 22:00:00+00:00,10011.68501148572
1706223600000,2024-01-25 23:00:00+00:00,10011.68501148572
1706227200000,2024-01-26 00:00:00+00:00,10011.68501148572
1706230800000,2024-01-26 01:00:00+00:00,10011.68501148572
1706234400000,2024-01-26 02:00:00+00:00,10011.68501148572
1706238000000,2024-01-26 03:00:00+00:00,10011.68501148572
1706241600000,2024-01-26 04:00:00+00:00,10011.68501148572
1706245200000,2024-01-26 05:00:00+00:00,10011.68501148572
1706248800000,2024-01-26 06:00:00+00:00,10011.68501148572
1706252400000,2024-01-26 07:00:00+00:00,10011.68501148572
1706256000000,2024-01-26 08:00:00+00:00,10011.68501148572
1706259600000,2024-01-26 09:00:00+00:00,10011.68501148572
1706263200000,2024-01-26 10:00:00+00:00,10011.68501148572
1706266800000,2024-01-26 11:00:00+00:00,10011.68501148572
1706270400000,2024-01-26 12:00:00+00:00,10011.68501148572
1706274000000,2024-01-26 13:00:00+00:00,10011.68501148572
1706277600000,2024-01-26 14:00:00+00:00,10011.68501148572
1706281200000,2024-01-26 15:00:00+00:00,10011.68501148572
1706284800000,2024-01-26 16:00:00+00:00,10011.68501148572
1706288400000,2024-01-26 17:00:00+00:00,10011.68501148572
1706292000000,2024-01-26 18:00:00+00:00,10011.68501148572
1706295600000,2024-01-26 19:00:00+00:00,10011.68501148572
1706299200000,2024-01-26 20:00:00+00:00,10011.68501148572
1706302800000,2024-01-26 21:00:00+00:00,10011.68501148572
1706306400000,2024-01-26 22:00:00+00:00,10011.68501148572
1706310000000,2024-01-26 23:00:00+00:00,10011.68501148572
1706313600000,2024-01-27 00:00:00+00:00,10011.68501148572
1706317200000,2024-01-27 01:00:00+00:00,10011.68501148572
1706320800000,2024-01-27 02:00:00+00:00,10011.68501148572
1706324400000,2024-01-27 03:00:00+00:00,10011.68501148572
1706328000000,2024-01-27 04:00:00+00:00,10011.68501148572
1706331600000,2024-01-27 05:00:00+00:00,10011.68501148572
1706335200000,2024-01-27 06:00:00+00:00,10011.68501148572
1706338800000,2024-01-27 07:00:00+00:00,10011.68501148572
1706342400000,2024-01-27 08:00:00+00:00,10011.68501148572
1706346000000,2024-01-27 09:00:00+00:00,10011.68501148572
1706349600000,2024-01-27 10:00:00+00:00,10011.68501148572
1706353200000,2024-01-27 11:00:00+00:00,10011.68501148572
1706356800000,2024-01-27 12:00:00+00:00,10011.68501148572
1706360400000,2024-01-27 13:00:00+00:00,10011.68501148572
1706364000000,2024-01-27 14:00:00+00:00,10011.68501148572
1706367600000,2024-01-27 15:00:00+00:00,10011.68501148572
1706371200000,2024-01-27 16:00:00+00:00,10011.68501148572
1706374800000,2024-01-27 17:00:00+00:00,10011.68501148572
1706378400000,2024-01-27 18:00:00+00:00,10011.68501148572
1706382000000,2024-01-27 19:00:00+00:00,10011.68501148572
1706385600000,2024-01-27 20:00:00+00:00,10011.68501148572
1706389200000,2024-01-27 21:00:00+00:00,10011.68501148572
1706392800000,2024-01-27 22:00:00+00:00,10011.68501148572
1706396400000,2024-01-27 23:00:00+00:00,10011.68501148572
1706400000000,2024-01-28 00:00:00+00:00,10011.68501148572
1706403600000,2024-01-28 01:00:00+00:00,10011.68501148572
1706407200000,2024-01-28 02:00:00+00:00,10011.68501148572
1706410800000,2024-01-28 03:00:00+00:00,10011.68501148572
1706414400000,2024-01-28 04:00:00+00:00,10011.68501148572
1706418000000,2024-01-28 05:00:00+00:00,10011.68501148572
1706421600000,2024-01-28 06:00:00+00:00,10011.68501148572
1706425200000,2024-01-28 07:00:00+00:00,10011.68501148572
1706428800000,2024-01-28 08:00:00+00:00,10011.68501148572
1706432400000,2024-01-28 09:00:00+00:00,10011.68501148572
1706436000000,2024-01-28 10:00:00+00:00,10011.68501148572
1706439600000,2024-01-28 11:00:00+00:00,10011.68501148572
1706443200000,2024-01-28 12:00:00+00:00,10011.68501148572
1706446800000,2024-01-28 13:00:00+00:00,10011.68501148572
1706450400000,2024-01-28 14:00:00+00:00,10011.68501148572
1706454000000,2024-01-28 15:00:00+00:00,10011.68501148572
1706457600000,2024-01-28 16:00:00+00:00,10011.68501148572
1706461200000,2024-01-28 17:00:00+00:00,10011.68501148572
1706464800000,2024-01-28 18:00:00+00:00,10011.68501148572
1706468400000,2024-01-28 19:00:00+00:00,9937.39551795628
1706472000000,2024-01-28 20:00:00+00:00,9937.39551795628
1706475600000,2024-01-28 21:00:00+00:00,9937.39551795628
1706479200000,2024-01-28 22:00:00+00:00,9937.39551795628
1706482800000,2024-01-28 23:00:00+00:00,9937.39551795628
1706486400000,2024-01-29 00:00:00+00:00,9937.39551795628
1706490000000,2024-01-29 01:00:00+00:00,9937.39551795628
1706493600000,2024-01-29 02:00:00+00:00,9937.39551795628
1706497200000,2024-01-29 03:00:00+00:00,9948.72536790447
1706500800000,2024-01-29 04:00:00+00:00,9948.72536790447
1706504400000,2024-01-29 05:00:00+00:00,9948.72536790447
1706508000000,2024-01-29 06:00:00+00:00,9948.72536790447
1706511600000,2024-01-29 07:00:00+00:00,9948.72536790447
1706515200000,2024-01-29 08:00:00+00:00,9948.72536790447
1706518800000,2024-01-29 09:00:00+00:00,9948.72536790447
1706522400000,2024-01-29 10:00:00+00:00,9948.72536790447
1706526000000,2024-01-29 11:00:00+00:00,9948.72536790447
1706529600000,2024-01-29 12:00:00+00:00,9948.72536790447
1706533200000,2024-01-29 13:00:00+00:00,9948.72536790447
1706536800000,2024-01-29 14:00:00+00:00,9948.448916673375
1706540400000,2024-01-29 15:00:00+00:00,9948.448916673375
1706544000000,2024-01-29 16:00:00+00:00,9948.448916673375
1706547600000,2024-01-29 17:00:00+00:00,9948.448916673375
1706551200000,2024-01-29 18:00:00+00:00,9948.448916673375
1706554800000,2024-01-29 19:00:00+00:00,9948.448916673375
1706558400000,2024-01-29 20:00:00+00:00,9948.448916673375
1706562000000,2024-01-29 21:00:00+00:00,9948.448916673375
1706565600000,2024-01-29 22:00:00+00:00,9948.448916673375
1706569200000,2024-01-29 23:00:00+00:00,9948.448916673375
1706572800000,2024-01-30 00:00:00+00:00,9948.448916673375
1706576400000,2024-01-30 01:00:00+00:00,9964.439248669118
1706580000000,2024-01-30 02:00:00+00:00,9964.439248669118
1706583600000,2024-01-30 03:00:00+00:00,9964.439248669118
1706587200000,2024-01-30 04:00:00+00:00,9964.439248669118
1706590800000,2024-01-30 05:00:00+00:00,9964.439248669118
1706594400000,2024-01-30 06:00:00+00:00,9964.439248669118
1706598000000,2024-01-30 07:00:00+00:00,9964.439248669118
1706601600000,2024-01-30 08:00:00+00:00,9975.893497874626
1706605200000,2024-01-30 09:00:00+00:00,9975.893497874626
1706608800000,2024-01-30 10:00:00+00:00,9975.893497874626
1706612400000,2024-01-30 11:00:00+00:00,9975.893497874626
1706616000000,2024-01-30 12:00:00+00:00,9975.893497874626
1706619600000,2024-01-30 13:00:00+00:00,9988.284075316842
1706623200000,2024-01-30 14:00:00+00:00,9988.284075316842
1706626800000,2024-01-30 15:00:00+00:00,9988.284075316842
1706630400000,2024-01-30 16:00:00+00:00,9988.284075316842
1706634000000,2024-01-30 17:00:00+00:00,9988.284075316842
1706637600000,2024-01-30 18:00:00+00:00,9988.284075316842
1706641200000,2024-01-30 19:00:00+00:00,9988.284075316842
1706644800000,2024-01-30 20:00:00+00:00,9988.284075316842
1706648400000,2024-01-30 21:00:00+00:00,9988.284075316842
1706652000000,2024-01-30 22:00:00+00:00,9988.284075316842
1706655600000,2024-01-30 23:00:00+00:00,9948.846796194532
1706659200000,2024-01-31 00:00:00+00:00,9948.846796194532
1706662800000,2024-01-31 01:00:00+00:00,9948.846796194532
1706666400000,2024-01-31 02:00:00+00:00,9948.846796194532
1706670000000,2024-01-31 03:00:00+00:00,9948.846796194532
1706673600000,2024-01-31 04:00:00+00:00,9948.846796194532
1706677200000,2024-01-31 05:00:00+00:00,9948.846796194532
1706680800000,2024-01-31 06:00:00+00:00,9948.846796194532
1706684400000,2024-01-31 07:00:00+00:00,9948.846796194532
1706688000000,2024-01-31 08:00:00+00:00,9948.846796194532
1706691600000,2024-01-31 09:00:00+00:00,9948.846796194532
1706695200000,2024-01-31 10:00:00+00:00,9948.846796194532
1706698800000,2024-01-31 11:00:00+00:00,9948.846796194532
1706702400000,2024-01-31 12:00:00+00:00,9948.846796194532
1706706000000,2024-01-31 13:00:00+00:00,9948.846796194532
1706709600000,2024-01-31 14:00:00+00:00,9948.846796194532
1706713200000,2024-01-31 15:00:00+00:00,9948.846796194532
1706716800000,2024-01-31 16:00:00+00:00,9948.846796194532
1706720400000,2024-01-31 17:00:00+00:00,9965.606869827963
1706724000000,2024-01-31 18:00:00+00:00,9965.606869827963
1706727600000,2024-01-31 19:00:00+00:00,9965.606869827963
1706731200000,2024-01-31 20:00:00+00:00,9964.266319953264
1706734800000,2024-01-31 21:00:00+00:00,9964.266319953264
1706738400000,2024-01-31 22:00:00+00:00,9964.266319953264
1706742000000,2024-01-31 23:00:00+00:00,9964.266319953264
1706745600000,2024-02-01 00:00:00+00:00,9964.266319953264
1706749200000,2024-02-01 01:00:00+00:00,9964.266319953264
1706752800000,2024-02-01 02:00:00+00:00,9964.266319953264
1706756400000,2024-02-01 03:00:00+00:00,9964.266319953264
1706760000000,2024-02-01 04:00:00+00:00,9964.266319953264
1706763600000,2024-02-01 05:00:00+00:00,9964.266319953264
1706767200000,2024-02-01 06:00:00+00:00,9964.266319953264
1706770800000,2024-02-01 07:00:00+00:00,9964.266319953264
1706774400000,2024-02-01 08:00:00+00:00,9964.266319953264
1706778000000,2024-02-01 09:00:00+00:00,9964.266319953264
1706781600000,2024-02-01 10:00:00+00:00,9964.266319953264
1706785200000,2024-02-01 11:00:00+00:00,9964.266319953264
1706788800000,2024-02-01 12:00:00+00:00,9964.266319953264
1706792400000,2024-02-01 13:00:00+00:00,9964.266319953264
1706796000000,2024-02-01 14:00:00+00:00,9964.266319953264
1706799600000,2024-02-01 15:00:00+00:00,9964.266319953264
1706803200000,2024-02-01 16:00:00+00:00,9964.266319953264
1706806800000,2024-02-01 17:00:00+00:00,9964.266319953264
1706810400000,2024-02-01 18:00:00+00:00,9964.266319953264
1706814000000,2024-02-01 19:00:00+00:00,9964.266319953264
1706817600000,2024-02-01 20:00:00+00:00,9964.266319953264
1706821200000,2024-02-01 21:00:00+00:00,9964.266319953264
1706824800000,2024-02-01 22:00:00+00:00,9964.266319953264
1706828400000,2024-02-01 23:00:00+00:00,9964.266319953264
1706832000000,2024-02-02 00:00:00+00:00,9964.266319953264
1706835600000,2024-02-02 01:00:00+00:00,9964.266319953264
1706839200000,2024-02-02 02:00:00+00:00,9964.266319953264
1706842800000,2024-02-02 03:00:00+00:00,9964.266319953264
1706846400000,2024-02-02 04:00:00+00:00,9964.266319953264
1706850000000,2024-02-02 05:00:00+00:00,9964.266319953264
1706853600000,2024-02-02 06:00:00+00:00,9964.266319953264
1706857200000,2024-02-02 07:00:00+00:00,9964.266319953264
1706860800000,2024-02-02 08:00:00+00:00,9964.266319953264
1706864400000,2024-02-02 09:00:00+00:00,9964.266319953264
1706868000000,2024-02-02 10:00:00+00:00,9976.003682156233
1706871600000,2024-02-02 11:00:00+00:00,9976.003682156233
1706875200000,2024-02-02 12:00:00+00:00,9976.003682156233
1706878800000,2024-02-02 13:00:00+00:00,9976.003682156233
1706882400000,2024-02-02 14:00:00+00:00,9976.003682156233
1706886000000,2024-02-02 15:00:00+00:00,9976.003682156233
1706889600000,2024-02-02 16:00:00+00:00,9976.003682156233
1706893200000,2024-02-02 17:00:00+00:00,9976.003682156233
1706896800000,2024-02-02 18:00:00+00:00,9976.003682156233
1706900400000,2024-02-02 19:00:00+00:00,9976.003682156233
1706904000000,2024-02-02 20:00:00+00:00,9976.003682156233
1706907600000,2024-02-02 21:00:00+00:00,9976.003682156233
1706911200000,2024-02-02 22:00:00+00:00,9976.003682156233
1706914800000,2024-02-02 23:00:00+00:00,9976.003682156233
1706918400000,2024-02-03 00:00:00+00:00,9976.003682156233
1706922000000,2024-02-03 01:00:00+00:00,9976.003682156233
1706925600000,2024-02-03 02:00:00+00:00,9976.003682156233
1706929200000,2024-02-03 03:00:00+00:00,9976.003682156233
1706932800000,2024-02-03 04:00:00+00:00,9976.003682156233
1706936400000,2024-02-03 05:00:00+00:00,9976.003682156233
1706940000000,2024-02-03 06:00:00+00:00,9976.003682156233
1706943600000,2024-02-03 07:00:00+00:00,9976.003682156233
1706947200000,2024-02-03 08:00:00+00:00,9976.003682156233
1706950800000,2024-02-03 09:00:00+00:00,9976.003682156233
1706954400000,2024-02-03 10:00:00+00:00,9976.003682156233
1706958000000,2024-02-03 11:00:00+00:00,9976.003682156233
1706961600000,2024-02-03 12:00:00+00:00,9976.003682156233
1706965200000,2024-02-03 13:00:00+00:00,9976.003682156233
1706968800000,2024-02-03 14:00:00+00:00,9976.003682156233
1706972400000,2024-02-03 15:00:00+00:00,9977.49865311009
1706976000000,2024-02-03 16:00:00+00:00,9977.49865311009
1706979600000,2024-02-03 17:00:00+00:00,9977.49865311009
1706983200000,2024-02-03 18:00:00+00:00,9977.49865311009
1706986800000,2024-02-03 19:00:00+00:00,9977.49865311009
1706990400000,2024-02-03 20:00:00+00:00,9977.49865311009
1706994000000,2024-02-03 21:00:00+00:00,9977.49865311009
1706997600000,2024-02-03 22:00:00+00:00,9977.49865311009
1707001200000,2024-02-03 23:00:00+00:00,9977.49865311009
1707004800000,2024-02-04 00:00:00+00:00,9977.49865311009
1707008400000,2024-02-04 01:00:00+00:00,9977.49865311009
1707012000000,2024-02-04 02:00:00+00:00,9977.49865311009
1707015600000,2024-02-04 03:00:00+00:00,9977.49865311009
1707019200000,2024-02-04 04:00:00+00:00,9977.49865311009
1707022800000,2024-02-04 05:00:00+00:00,9977.49865311009
1707026400000,2024-02-04 06:00:00+00:00,9977.49865311009
1707030000000,2024-02-04 07:00:00+00:00,9977.49865311009
1707033600000,2024-02-04 08:00:00+00:00,9977.49865311009
1707037200000,2024-02-04 09:00:00+00:00,9977.49865311009
1707040800000,2024-02-04 10:00:00+00:00,9977.49865311009
1707044400000,2024-02-04 11:00:00+00:00,9977.49865311009
1707048000000,2024-02-04 12:00:00+00:00,9977.49865311009
1707051600000,2024-02-04 13:00:00+00:00,9977.49865311009
1707055200000,2024-02-04 14:00:00+00:00,9977.49865311009
1707058800000,2024-02-04 15:00:00+00:00,9977.49865311009
1707062400000,2024-02-04 16:00:00+00:00,9977.49865311009
1707066000000,2024-02-04 17:00:00+00:00,9977.49865311009
1707069600000,2024-02-04 18:00:00+00:00,9977.49865311009
1707073200000,2024-02-04 19:00:00+00:00,9988.291934023262
1707076800000,2024-02-04 20:00:00+00:00,9988.291934023262
1707080400000,2024-02-04 21:00:00+00:00,9988.291934023262
1707084000000,2024-02-04 22:00:00+00:00,9988.291934023262
1707087600000,2024-02-04 23:00:00+00:00,9988.291934023262
1707091200000,2024-02-05 00:00:00+00:00,9988.291934023262
1707094800000,2024-02-05 01:00:00+00:00,9961.465452638304
1707098400000,2024-02-05 02:00:00+00:00,9961.465452638304
1707102000000,2024-02-05 03:00:00+00:00,9961.465452638304
1707105600000,2024-02-05 04:00:00+00:00,9961.465452638304
1707109200000,2024-02-05 05:00:00+00:00,9961.465452638304
1707112800000,2024-02-05 06:00:00+00:00,9961.465452638304
1707116400000,2024-02-05 07:00:00+00:00,9961.465452638304
1707120000000,2024-02-05 08:00:00+00:00,9961.465452638304
1707123600000,2024-02-05 09:00:00+00:00,9961.465452638304
1707127200000,2024-02-05 10:00:00+00:00,9961.465452638304
1707130800000,2024-02-05 11:00:00+00:00,9961.465452638304
1707134400000,2024-02-05 12:00:00+00:00,9961.465452638304
1707138000000,2024-02-05 13:00:00+00:00,9961.465452638304
1707141600000,2024-02-05 14:00:00+00:00,9970.813154701009
1707145200000,2024-02-05 15:00:00+00:00,9970.813154701009
1707148800000,2024-02-05 16:00:00+00:00,9970.813154701009
1707152400000,2024-02-05 17:00:00+00:00,9970.813154701009
1707156000000,2024-02-05 18:00:00+00:00,9970.813154701009
1707159600000,2024-02-05 19:00:00+00:00,9970.813154701009
1707163200000,2024-02-05 20:00:00+00:00,9970.813154701009
1707166800000,2024-02-05 21:00:00+00:00,9970.813154701009
1707170400000,2024-02-05 22:00:00+00:00,9970.813154701009
1707174000000,2024-02-05 23:00:00+00:00,9970.813154701009
1707177600000,2024-02-06 00:00:00+00:00,9970.813154701009
1707181200000,2024-02-06 01:00:00+00:00,9970.813154701009
1707184800000,2024-02-06 02:00:00+00:00,9970.813154701009
1707188400000,2024-02-06 03:00:00+00:00,9970.813154701009
1707192000000,2024-02-06 04:00:00+00:00,9970.813154701009
1707195600000,2024-02-06 05:00:00+00:00,9970.813154701009
1707199200000,2024-02-06 06:00:00+00:00,9970.813154701009
1707202800000,2024-02-06 07:00:00+00:00,9970.813154701009
1707206400000,2024-02-06 08:00:00+00:00,9970.813154701009
1707210000000,2024-02-06 09:00:00+00:00,9970.813154701009
1707213600000,2024-02-06 10:00:00+00:00,9970.813154701009
1707217200000,2024-02-06 11:00:00+00:00,9970.813154701009
1707220800000,2024-02-06 12:00:00+00:00,9970.813154701009
1707224400000,2024-02-06 13:00:00+00:00,9970.813154701009
1707228000000,2024-02-06 14:00:00+00:00,9970.813154701009
1707231600000,2024-02-06 15:00:00+00:00,9970.813154701009
1707235200000,2024-02-06 16:00:00+00:00,9970.813154701009
1707238800000,2024-02-06 17:00:00+00:00,9970.813154701009
1707242400000,2024-02-06 18:00:00+00:00,9970.813154701009
1707246000000,2024-02-06 19:00:00+00:00,9970.813154701009
1707249600000,2024-02-06 20:00:00+00:00,9970.813154701009
1707253200000,2024-02-06 21:00:00+00:00,9970.813154701009
1707256800000,2024-02-06 22:00:00+00:00,9970.813154701009
1707260400000,2024-02-06 23:00:00+00:00,9970.813154701009
1707264000000,2024-02-07 00:00:00+00:00,9970.813154701009
1707267600000,2024-02-07 01:00:00+00:00,9970.813154701009
1707271200000,2024-02-07 02:00:00+00:00,9970.813154701009
1707274800000,2024-02-07 03:00:00+00:00,9970.813154701009
1707278400000,2024-02-07 04:00:00+00:00,9970.813154701009
1707282000000,2024-02-07 05:00:00+00:00,9970.813154701009
1707285600000,2024-02-07 06:00:00+00:00,9970.813154701009
1707289200000,2024-02-07 07:00:00+00:00,9970.813154701009
1707292800000,2024-02-07 08:00:00+00:00,9970.813154701009
1707296400000,2024-02-07 09:00:00+00:00,9970.813154701009
1707300000000,2024-02-07 10:00:00+00:00,9970.813154701009
1707303600000,2024-02-07 11:00:00+00:00,9970.813154701009
1707307200000,2024-02-07 12:00:00+00:00,9970.813154701009
1707310800000,2024-02-07 13:00:00+00:00,9970.813154701009
1707314400000,2024-02-07 14:00:00+00:00,9970.813154701009
1707318000000,2024-02-07 15:00:00+00:00,9970.813154701009
1707321600000,2024-02-07 16:00:00+00:00,9970.813154701009
1707325200000,2024-02-07 17:00:00+00:00,9988.120014358135
1707328800000,2024-02-07 18:00:00+00:00,9988.120014358135
1707332400000,2024-02-07 19:00:00+00:00,9988.120014358135
1707336000000,2024-02-07 20:00:00+00:00,9988.120014358135
1707339600000,2024-02-07 21:00:00+00:00,9999.359479010027
1707343200000,2024-02-07 22:00:00+00:00,9999.359479010027
1707346800000,2024-02-07 23:00:00+00:00,9999.359479010027
1707350400000,2024-02-08 00:00:00+00:00,9999.359479010027
1707354000000,2024-02-08 01:00:00+00:00,9999.359479010027
1707357600000,2024-02-08 02:00:00+00:00,9970.767711276269
1707361200000,2024-02-08 03:00:00+00:00,9970.767711276269
1707364800000,2024-02-08 04:00:00+00:00,9970.767711276269
1707368400000,2024-02-08 05:00:00+00:00,9970.767711276269
1707372000000,2024-02-08 06:00:00+00:00,9970.767711276269
1707375600000,2024-02-08 07:00:00+00:00,9970.767711276269
1707379200000,2024-02-08 08:00:00+00:00,9970.767711276269
1707382800000,2024-02-08 09:00:00+00:00,9970.767711276269
1707386400000,2024-02-08 10:00:00+00:00,9970.767711276269
1707390000000,2024-02-08 11:00:00+00:00,9970.767711276269
1707393600000,2024-02-08 12:00:00+00:00,9970.767711276269
1707397200000,2024-02-08 13:00:00+00:00,9970.767711276269
1707400800000,2024-02-08 14:00:00+00:00,9970.767711276269
1707404400000,2024-02-08 15:00:00+00:00,9970.767711276269
1707408000000,2024-02-08 16:00:00+00:00,9970.767711276269
1707411600000,2024-02-08 17:00:00+00:00,9970.767711276269
1707415200000,2024-02-08 18:00:00+00:00,9995.068442289235
1707418800000,2024-02-08 19:00:00+00:00,9995.068442289235
1707422400000,2024-02-08 20:00:00+00:00,9995.068442289235
1707426000000,2024-02-08 21:00:00+00:00,9995.068442289235
1707429600000,2024-02-08 22:00:00+00:00,9995.068442289235
1707433200000,2024-02-08 23:00:00+00:00,9995.068442289235
1707436800000,2024-02-09 00:00:00+00:00,9995.068442289235
1707440400000,2024-02-09 01:00:00+00:00,9995.068442289235
1707444000000,2024-02-09 02:00:00+00:00,9995.068442289235
1707447600000,2024-02-09 03:00:00+00:00,9995.068442289235
1707451200000,2024-02-09 04:00:00+00:00,9995.068442289235
1707454800000,2024-02-09 05:00:00+00:00,9995.068442289235
1707458400000,2024-02-09 06:00:00+00:00,9995.068442289235
1707462000000,2024-02-09 07:00:00+00:00,9995.068442289235
1707465600000,2024-02-09 08:00:00+00:00,9965.958380810636
1707469200000,2024-02-09 09:00:00+00:00,9965.958380810636
1707472800000,2024-02-09 10:00:00+00:00,9965.958380810636
1707476400000,2024-02-09 11:00:00+00:00,9965.958380810636
1707480000000,2024-02-09 12:00:00+00:00,9965.958380810636
1707483600000,2024-02-09 13:00:00+00:00,9965.958380810636
1707487200000,2024-02-09 14:00:00+00:00,10044.05588443895
1707490800000,2024-02-09 15:00:00+00:00,10044.05588443895
1707494400000,2024-02-09 16:00:00+00:00,10044.05588443895
1707498000000,2024-02-09 17:00:00+00:00,10044.05588443895
1707501600000,2024-02-09 18:00:00+00:00,10044.05588443895
1707505200000,2024-02-09 19:00:00+00:00,10044.05588443895
1707508800000,2024-02-09 20:00:00+00:00,10044.05588443895
1707512400000,2024-02-09 21:00:00+00:00,10044.05588443895
1707516000000,2024-02-09 22:00:00+00:00,10044.05588443895
1707519600000,2024-02-09 23:00:00+00:00,10044.05588443895
1707523200000,2024-02-10 00:00:00+00:00,10044.05588443895
1707526800000,2024-02-10 01:00:00+00:00,10044.05588443895
1707530400000,2024-02-10 02:00:00+00:00,10055.385739064952
1707534000000,2024-02-10 03:00:00+00:00,10055.385739064952
1707537600000,2024-02-10 04:00:00+00:00,10055.385739064952
1707541200000,2024-02-10 05:00:00+00:00,10055.385739064952
1707544800000,2024-02-10 06:00:00+00:00,10055.385739064952
1707548400000,2024-02-10 07:00:00+00:00,10055.385739064952
1707552000000,2024-02-10 08:00:00+00:00,10055.385739064952
1707555600000,2024-02-10 09:00:00+00:00,10055.385739064952
1707559200000,2024-02-10 10:00:00+00:00,10059.82497790192
1707562800000,2024-02-10 11:00:00+00:00,10059.82497790192
1707566400000,2024-02-10 12:00:00+00:00,10059.82497790192
1707570000000,2024-02-10 13:00:00+00:00,10059.82497790192
1707573600000,2024-02-10 14:00:00+00:00,10059.82497790192
1707577200000,2024-02-10 15:00:00+00:00,10059.82497790192
1707580800000,2024-02-10 16:00:00+00:00,10059.82497790192
1707584400000,2024-02-10 17:00:00+00:00,10059.82497790192
1707588000000,2024-02-10 18:00:00+00:00,10059.82497790192
1707591600000,2024-02-10 19:00:00+00:00,10059.82497790192
1707595200000,2024-02-10 20:00:00+00:00,10059.82497790192
1707598800000,2024-02-10 21:00:00+00:00,10059.82497790192
1707602400000,2024-02-10 22:00:00+00:00,10059.82497790192
1707606000000,2024-02-10 23:00:00+00:00,10059.82497790192
1707609600000,2024-02-11 00:00:00+00:00,10059.82497790192
1707613200000,2024-02-11 01:00:00+00:00,10059.82497790192
1707616800000,2024-02-11 02:00:00+00:00,10059.82497790192
1707620400000,2024-02-11 03:00:00+00:00,10059.82497790192
1707624000000,2024-02-11 04:00:00+00:00,10059.82497790192
1707627600000,2024-02-11 05:00:00+00:00,10059.82497790192
1707631200000,2024-02-11 06:00:00+00:00,10059.82497790192
1707634800000,2024-02-11 07:00:00+00:00,10059.82497790192
1707638400000,2024-02-11 08:00:00+00:00,10059.82497790192
1707642000000,2024-02-11 09:00:00+00:00,10059.82497790192
1707645600000,2024-02-11 10:00:00+00:00,10059.82497790192
1707649200000,2024-02-11 11:00:00+00:00,10059.82497790192
1707652800000,2024-02-11 12:00:00+00:00,10059.82497790192
1707656400000,2024-02-11 13:00:00+00:00,10059.82497790192
1707660000000,2024-02-11 14:00:00+00:00,10059.82497790192
1707663600000,2024-02-11 15:00:00+00:00,10059.82497790192
1707667200000,2024-02-11 16:00:00+00:00,10059.82497790192
1707670800000,2024-02-11 17:00:00+00:00,10059.82497790192
1707674400000,2024-02-11 18:00:00+00:00,10059.82497790192
1707678000000,2024-02-11 19:00:00+00:00,10059.82497790192
1707681600000,2024-02-11 20:00:00+00:00,10059.82497790192
1707685200000,2024-02-11 21:00:00+00:00,10059.82497790192
1707688800000,2024-02-11 22:00:00+00:00,10059.82497790192
1707692400000,2024-02-11 23:00:00+00:00,10059.82497790192
1707696000000,2024-02-12 00:00:00+00:00,10059.82497790192
1707699600000,2024-02-12 01:00:00+00:00,10059.82497790192
1707703200000,2024-02-12 02:00:00+00:00,10032.647464741074
1707706800000,2024-02-12 03:00:00+00:00,10032.647464741074
1707710400000,2024-02-12 04:00:00+00:00,10032.647464741074
1707714000000,2024-02-12 05:00:00+00:00,10032.647464741074
1707717600000,2024-02-12 06:00:00+00:00,9985.816445657696
1707721200000,2024-02-12 07:00:00+00:00,9985.816445657696
1707724800000,2024-02-12 08:00:00+00:00,9985.816445657696
1707728400000,2024-02-12 09:00:00+00:00,9985.816445657696
1707732000000,2024-02-12 10:00:00+00:00,9985.816445657696
1707735600000,2024-02-12 11:00:00+00:00,9985.816445657696
1707739200000,2024-02-12 12:00:00+00:00,9985.816445657696
1707742800000,2024-02-12 13:00:00+00:00,9985.816445657696
1707746400000,2024-02-12 14:00:00+00:00,9985.816445657696
1707750000000,2024-02-12 15:00:00+00:00,10002.212900557812
1707753600000,2024-02-12 16:00:00+00:00,10002.212900557812
1707757200000,2024-02-12 17:00:00+00:00,10013.446718944922
1707760800000,2024-02-12 18:00:00+00:00,10013.446718944922
1707764400000,2024-02-12 19:00:00+00:00,10042.14766014828
1707768000000,2024-02-12 20:00:00+00:00,10042.14766014828
1707771600000,2024-02-12 21:00:00+00:00,10042.14766014828
1707775200000,2024-02-12 22:00:00+00:00,10042.14766014828
1707778800000,2024-02-12 23:00:00+00:00,10042.14766014828
1707782400000,2024-02-13 00:00:00+00:00,10042.14766014828
1707786000000,2024-02-13 01:00:00+00:00,10042.14766014828
1707789600000,2024-02-13 02:00:00+00:00,10042.14766014828
1707793200000,2024-02-13 03:00:00+00:00,10042.14766014828
1707796800000,2024-02-13 04:00:00+00:00,10042.14766014828
1707800400000,2024-02-13 05:00:00+00:00,10042.14766014828
1707804000000,2024-02-13 06:00:00+00:00,10042.14766014828
1707807600000,2024-02-13 07:00:00+00:00,10042.14766014828
1707811200000,2024-02-13 08:00:00+00:00,10042.14766014828
1707814800000,2024-02-13 09:00:00+00:00,10042.14766014828
1707818400000,2024-02-13 10:00:00+00:00,10042.14766014828
1707822000000,2024-02-13 11:00:00+00:00,10042.14766014828
1707825600000,2024-02-13 12:00:00+00:00,10042.14766014828
1707829200000,2024-02-13 13:00:00+00:00,10063.462795287769
1707832800000,2024-02-13 14:00:00+00:00,10017.754343496055
1707836400000,2024-02-13 15:00:00+00:00,10017.754343496055
1707840000000,2024-02-13 16:00:00+00:00,10017.754343496055
1707843600000,2024-02-13 17:00:00+00:00,10017.754343496055
1707847200000,2024-02-13 18:00:00+00:00,10017.754343496055
1707850800000,2024-02-13 19:00:00+00:00,10017.754343496055
1707854400000,2024-02-13 20:00:00+00:00,10017.754343496055
1707858000000,2024-02-13 21:00:00+00:00,10017.754343496055
1707861600000,2024-02-13 22:00:00+00:00,10017.754343496055
1707865200000,2024-02-13 23:00:00+00:00,10017.754343496055
1707868800000,2024-02-14 00:00:00+00:00,10017.754343496055
1707872400000,2024-02-14 01:00:00+00:00,10017.754343496055
1707876000000,2024-02-14 02:00:00+00:00,10017.754343496055
1707879600000,2024-02-14 03:00:00+00:00,10017.754343496055
1707883200000,2024-02-14 04:00:00+00:00,10017.754343496055
1707886800000,2024-02-14 05:00:00+00:00,10017.754343496055
1707890400000,2024-02-14 06:00:00+00:00,10017.754343496055
1707894000000,2024-02-14 07:00:00+00:00,10017.754343496055
1707897600000,2024-02-14 08:00:00+00:00,10017.754343496055
1707901200000,2024-02-14 09:00:00+00:00,10017.754343496055
1707904800000,2024-02-14 10:00:00+00:00,10017.754343496055
1707908400000,2024-02-14 11:00:00+00:00,10017.754343496055
1707912000000,2024-02-14 12:00:00+00:00,10017.754343496055
1707915600000,2024-02-14 13:00:00+00:00,10017.754343496055
1707919200000,2024-02-14 14:00:00+00:00,10017.754343496055
1707922800000,2024-02-14 15:00:00+00:00,10017.754343496055
1707926400000,2024-02-14 16:00:00+00:00,10017.754343496055
1707930000000,2024-02-14 17:00:00+00:00,10017.754343496055
1707933600000,2024-02-14 18:00:00+00:00,10017.754343496055
1707937200000,2024-02-14 19:00:00+00:00,10017.754343496055
1707940800000,2024-02-14 20:00:00+00:00,10017.754343496055
1707944400000,2024-02-14 21:00:00+00:00,10017.754343496055
1707948000000,2024-02-14 22:00:00+00:00,10017.754343496055
1707951600000,2024-02-14 23:00:00+00:00,10017.754343496055
1707955200000,2024-02-15 00:00:00+00:00,10017.754343496055
1707958800000,2024-02-15 01:00:00+00:00,10017.754343496055
1707962400000,2024-02-15 02:00:00+00:00,10017.754343496055
1707966000000,2024-02-15 03:00:00+00:00,10017.754343496055
1707969600000,2024-02-15 04:00:00+00:00,10017.754343496055
1707973200000,2024-02-15 05:00:00+00:00,10017.754343496055
1707976800000,2024-02-15 06:00:00+00:00,10017.754343496055
1707980400000,2024-02-15 07:00:00+00:00,10017.754343496055
1707984000000,2024-02-15 08:00:00+00:00,10017.754343496055
1707987600000,2024-02-15 09:00:00+00:00,10017.754343496055
1707991200000,2024-02-15 10:00:00+00:00,10017.754343496055
1707994800000,2024-02-15 11:00:00+00:00,10017.754343496055
1707998400000,2024-02-15 12:00:00+00:00,10017.754343496055
1708002000000,2024-02-15 13:00:00+00:00,10017.754343496055
1708005600000,2024-02-15 14:00:00+00:00,10035.695458935463
1708009200000,2024-02-15 15:00:00+00:00,10008.796495197697
1708012800000,2024-02-15 16:00:00+00:00,10008.796495197697
1708016400000,2024-02-15 17:00:00+00:00,10008.796495197697
1708020000000,2024-02-15 18:00:00+00:00,10008.796495197697
1708023600000,2024-02-15 19:00:00+00:00,10008.796495197697
1708027200000,2024-02-15 20:00:00+00:00,10008.796495197697
1708030800000,2024-02-15 21:00:00+00:00,10011.438849542807
1708034400000,2024-02-15 22:00:00+00:00,10011.438849542807
1708038000000,2024-02-15 23:00:00+00:00,10011.438849542807
1708041600000,2024-02-16 00:00:00+00:00,10011.438849542807
1708045200000,2024-02-16 01:00:00+00:00,10011.438849542807
1708048800000,2024-02-16 02:00:00+00:00,10011.438849542807
1708052400000,2024-02-16 03:00:00+00:00,10011.438849542807
1708056000000,2024-02-16 04:00:00+00:00,10011.438849542807
1708059600000,2024-02-16 05:00:00+00:00,10011.438849542807
1708063200000,2024-02-16 06:00:00+00:00,10011.438849542807
1708066800000,2024-02-16 07:00:00+00:00,10011.438849542807
1708070400000,2024-02-16 08:00:00+00:00,10011.438849542807
1708074000000,2024-02-16 09:00:00+00:00,10011.438849542807
1708077600000,2024-02-16 10:00:00+00:00,10011.438849542807
1708081200000,2024-02-16 11:00:00+00:00,10011.438849542807
1708084800000,2024-02-16 12:00:00+00:00,10011.438849542807
1708088400000,2024-02-16 13:00:00+00:00,10011.438849542807
1708092000000,2024-02-16 14:00:00+00:00,10011.438849542807
1708095600000,2024-02-16 15:00:00+00:00,10011.438849542807
1708099200000,2024-02-16 16:00:00+00:00,10011.438849542807
1708102800000,2024-02-16 17:00:00+00:00,10011.438849542807
1708106400000,2024-02-16 18:00:00+00:00,10011.438849542807
1708110000000,2024-02-16 19:00:00+00:00,10011.438849542807
1708113600000,2024-02-16 20:00:00+00:00,10011.438849542807
1708117200000,2024-02-16 21:00:00+00:00,10011.438849542807
1708120800000,2024-02-16 22:00:00+00:00,10011.438849542807
1708124400000,2024-02-16 23:00:00+00:00,10011.438849542807
1708128000000,2024-02-17 00:00:00+00:00,10011.438849542807
1708131600000,2024-02-17 01:00:00+00:00,10011.438849542807
1708135200000,2024-02-17 02:00:00+00:00,10011.438849542807
1708138800000,2024-02-17 03:00:00+00:00,10011.438849542807
1708142400000,2024-02-17 04:00:00+00:00,10011.438849542807
1708146000000,2024-02-17 05:00:00+00:00,10011.438849542807
1708149600000,2024-02-17 06:00:00+00:00,10011.438849542807
1708153200000,2024-02-17 07:00:00+00:00,10011.438849542807
1708156800000,2024-02-17 08:00:00+00:00,10011.438849542807
1708160400000,2024-02-17 09:00:00+00:00,10011.438849542807
1708164000000,2024-02-17 10:00:00+00:00,10011.438849542807
1708167600000,2024-02-17 11:00:00+00:00,10011.438849542807
1708171200000,2024-02-17 12:00:00+00:00,10011.438849542807
1708174800000,2024-02-17 13:00:00+00:00,9966.227249155552
1708178400000,2024-02-17 14:00:00+00:00,9939.332689499744
1708182000000,2024-02-17 15:00:00+00:00,9939.332689499744
1708185600000,2024-02-17 16:00:00+00:00,9939.332689499744
1708189200000,2024-02-17 17:00:00+00:00,9939.332689499744
1708192800000,2024-02-17 18:00:00+00:00,9939.332689499744
1708196400000,2024-02-17 19:00:00+00:00,9939.332689499744
1708200000000,2024-02-17 20:00:00+00:00,9939.332689499744
1708203600000,2024-02-17 21:00:00+00:00,9939.332689499744
1708207200000,2024-02-17 22:00:00+00:00,9939.332689499744
1708210800000,2024-02-17 23:00:00+00:00,9939.332689499744
1708214400000,2024-02-18 00:00:00+00:00,9939.332689499744
1708218000000,2024-02-18 01:00:00+00:00,9939.332689499744
1708221600000,2024-02-18 02:00:00+00:00,9939.332689499744
1708225200000,2024-02-18 03:00:00+00:00,9939.332689499744
1708228800000,2024-02-18 04:00:00+00:00,9939.332689499744
1708232400000,2024-02-18 05:00:00+00:00,9939.332689499744
1708236000000,2024-02-18 06:00:00+00:00,9939.332689499744
1708239600000,2024-02-18 07:00:00+00:00,9939.332689499744
1708243200000,2024-02-18 08:00:00+00:00,9939.332689499744
1708246800000,2024-02-18 09:00:00+00:00,9939.332689499744
1708250400000,2024-02-18 10:00:00+00:00,9939.332689499744
1708254000000,2024-02-18 11:00:00+00:00,9939.332689499744
1708257600000,2024-02-18 12:00:00+00:00,9939.332689499744
1708261200000,2024-02-18 13:00:00+00:00,9939.332689499744
1708264800000,2024-02-18 14:00:00+00:00,9939.332689499744
1708268400000,2024-02-18 15:00:00+00:00,9939.332689499744
1708272000000,2024-02-18 16:00:00+00:00,9939.332689499744
1708275600000,2024-02-18 17:00:00+00:00,9939.332689499744
1708279200000,2024-02-18 18:00:00+00:00,9956.968416425023
1708282800000,2024-02-18 19:00:00+00:00,9956.968416425023
1708286400000,2024-02-18 20:00:00+00:00,9956.968416425023
1708290000000,2024-02-18 21:00:00+00:00,9956.968416425023
1708293600000,2024-02-18 22:00:00+00:00,9956.968416425023
1708297200000,2024-02-18 23:00:00+00:00,9956.968416425023
1708300800000,2024-02-19 00:00:00+00:00,9956.968416425023
1708304400000,2024-02-19 01:00:00+00:00,9956.968416425023
1708308000000,2024-02-19 02:00:00+00:00,9956.968416425023
1708311600000,2024-02-19 03:00:00+00:00,9956.968416425023
1708315200000,2024-02-19 04:00:00+00:00,9956.968416425023
1708318800000,2024-02-19 05:00:00+00:00,9956.968416425023
1708322400000,2024-02-19 06:00:00+00:00,9956.968416425023
1708326000000,2024-02-19 07:00:00+00:00,9956.968416425023
1708329600000,2024-02-19 08:00:00+00:00,9956.968416425023
1708333200000,2024-02-19 09:00:00+00:00,9956.968416425023
1708336800000,2024-02-19 10:00:00+00:00,9956.968416425023
1708340400000,2024-02-19 11:00:00+00:00,9956.968416425023
1708344000000,2024-02-19 12:00:00+00:00,9956.968416425023
1708347600000,2024-02-19 13:00:00+00:00,9956.968416425023
1708351200000,2024-02-19 14:00:00+00:00,9956.968416425023
1708354800000,2024-02-19 15:00:00+00:00,9956.968416425023
1708358400000,2024-02-19 16:00:00+00:00,9956.968416425023
1708362000000,2024-02-19 17:00:00+00:00,9956.968416425023
1708365600000,2024-02-19 18:00:00+00:00,9956.968416425023
1708369200000,2024-02-19 19:00:00+00:00,9956.968416425023
1708372800000,2024-02-19 20:00:00+00:00,9956.968416425023
1708376400000,2024-02-19 21:00:00+00:00,9956.968416425023
1708380000000,2024-02-19 22:00:00+00:00,9956.968416425023
1708383600000,2024-02-19 23:00:00+00:00,9956.968416425023
1708387200000,2024-02-20 00:00:00+00:00,9956.968416425023
1708390800000,2024-02-20 01:00:00+00:00,9968.20789220076
1708394400000,2024-02-20 02:00:00+00:00,9968.20789220076
1708398000000,2024-02-20 03:00:00+00:00,9968.20789220076
1708401600000,2024-02-20 04:00:00+00:00,9968.20789220076
1708405200000,2024-02-20 05:00:00+00:00,9968.20789220076
1708408800000,2024-02-20 06:00:00+00:00,9968.20789220076
1708412400000,2024-02-20 07:00:00+00:00,9968.20789220076
1708416000000,2024-02-20 08:00:00+00:00,9968.20789220076
1708419600000,2024-02-20 09:00:00+00:00,9968.20789220076
1708423200000,2024-02-20 10:00:00+00:00,9968.20789220076
1708426800000,2024-02-20 11:00:00+00:00,9968.20789220076
1708430400000,2024-02-20 12:00:00+00:00,9968.20789220076
1708434000000,2024-02-20 13:00:00+00:00,9968.20789220076
1708437600000,2024-02-20 14:00:00+00:00,9968.20789220076
1708441200000,2024-02-20 15:00:00+00:00,9968.20789220076
1708444800000,2024-02-20 16:00:00+00:00,9968.20789220076
1708448400000,2024-02-20 17:00:00+00:00,9968.20789220076
1708452000000,2024-02-20 18:00:00+00:00,9968.20789220076
1708455600000,2024-02-20 19:00:00+00:00,9968.20789220076
1708459200000,2024-02-20 20:00:00+00:00,9968.20789220076
1708462800000,2024-02-20 21:00:00+00:00,9968.20789220076
1708466400000,2024-02-20 22:00:00+00:00,9984.6388116786
1708470000000,2024-02-20 23:00:00+00:00,9984.6388116786
1708473600000,2024-02-21 00:00:00+00:00,9984.6388116786
1708477200000,2024-02-21 01:00:00+00:00,9984.6388116786
1708480800000,2024-02-21 02:00:00+00:00,9984.6388116786
1708484400000,2024-02-21 03:00:00+00:00,9984.6388116786
1708488000000,2024-02-21 04:00:00+00:00,9984.6388116786
1708491600000,2024-02-21 05:00:00+00:00,9984.6388116786
1708495200000,2024-02-21 06:00:00+00:00,9984.6388116786
1708498800000,2024-02-21 07:00:00+00:00,9986.889306024472
1708502400000,2024-02-21 08:00:00+00:00,9986.889306024472
1708506000000,2024-02-21 09:00:00+00:00,9986.889306024472
1708509600000,2024-02-21 10:00:00+00:00,9986.889306024472
1708513200000,2024-02-21 11:00:00+00:00,9960.218643617
1708516800000,2024-02-21 12:00:00+00:00,9960.218643617
1708520400000,2024-02-21 13:00:00+00:00,9960.218643617
1708524000000,2024-02-21 14:00:00+00:00,9960.218643617
1708527600000,2024-02-21 15:00:00+00:00,9960.218643617
1708531200000,2024-02-21 16:00:00+00:00,9960.218643617
1708534800000,2024-02-21 17:00:00+00:00,9960.218643617
1708538400000,2024-02-21 18:00:00+00:00,9960.218643617
1708542000000,2024-02-21 19:00:00+00:00,9960.218643617
1708545600000,2024-02-21 20:00:00+00:00,9960.218643617
1708549200000,2024-02-21 21:00:00+00:00,9960.218643617
1708552800000,2024-02-21 22:00:00+00:00,9960.218643617
1708556400000,2024-02-21 23:00:00+00:00,9960.218643617
1708560000000,2024-02-22 00:00:00+00:00,9960.218643617
1708563600000,2024-02-22 01:00:00+00:00,9960.218643617
1708567200000,2024-02-22 02:00:00+00:00,9960.218643617
1708570800000,2024-02-22 03:00:00+00:00,9960.218643617
1708574400000,2024-02-22 04:00:00+00:00,9960.218643617
1708578000000,2024-02-22 05:00:00+00:00,9960.218643617
1708581600000,2024-02-22 06:00:00+00:00,9960.218643617
1708585200000,2024-02-22 07:00:00+00:00,9960.218643617
1708588800000,2024-02-22 08:00:00+00:00,9960.218643617
1708592400000,2024-02-22 09:00:00+00:00,9960.218643617
1708596000000,2024-02-22 10:00:00+00:00,9960.218643617
1708599600000,2024-02-22 11:00:00+00:00,9960.218643617
1708603200000,2024-02-22 12:00:00+00:00,9960.218643617
1708606800000,2024-02-22 13:00:00+00:00,9960.218643617
1708610400000,2024-02-22 14:00:00+00:00,9960.218643617
1708614000000,2024-02-22 15:00:00+00:00,9960.218643617
1708617600000,2024-02-22 16:00:00+00:00,9960.218643617
1708621200000,2024-02-22 17:00:00+00:00,9960.218643617
1708624800000,2024-02-22 18:00:00+00:00,9960.218643617
1708628400000,2024-02-22 19:00:00+00:00,9960.218643617
1708632000000,2024-02-22 20:00:00+00:00,9960.218643617
1708635600000,2024-02-22 21:00:00+00:00,9960.218643617
1708639200000,2024-02-22 22:00:00+00:00,9960.218643617
1708642800000,2024-02-22 23:00:00+00:00,9960.218643617
1708646400000,2024-02-23 00:00:00+00:00,9960.218643617
1708650000000,2024-02-23 01:00:00+00:00,9960.218643617
1708653600000,2024-02-23 02:00:00+00:00,9960.218643617
1708657200000,2024-02-23 03:00:00+00:00,9960.218643617
1708660800000,2024-02-23 04:00:00+00:00,9960.218643617
1708664400000,2024-02-23 05:00:00+00:00,9960.218643617
1708668000000,2024-02-23 06:00:00+00:00,9960.218643617
1708671600000,2024-02-23 07:00:00+00:00,9960.218643617
1708675200000,2024-02-23 08:00:00+00:00,9960.218643617
1708678800000,2024-02-23 09:00:00+00:00,9960.218643617
1708682400000,2024-02-23 10:00:00+00:00,9960.218643617
1708686000000,2024-02-23 11:00:00+00:00,9960.218643617
1708689600000,2024-02-23 12:00:00+00:00,9960.218643617
1708693200000,2024-02-23 13:00:00+00:00,9960.218643617
1708696800000,2024-02-23 14:00:00+00:00,9960.218643617
1708700400000,2024-02-23 15:00:00+00:00,9960.218643617
1708704000000,2024-02-23 16:00:00+00:00,9933.708163167386
1708707600000,2024-02-23 17:00:00+00:00,9933.708163167386
1708711200000,2024-02-23 18:00:00+00:00,9933.708163167386
1708714800000,2024-02-23 19:00:00+00:00,9933.708163167386
1708718400000,2024-02-23 20:00:00+00:00,9933.708163167386
1708722000000,2024-02-23 21:00:00+00:00,9933.708163167386
1708725600000,2024-02-23 22:00:00+00:00,9933.708163167386
1708729200000,2024-02-23 23:00:00+00:00,9933.708163167386
1708732800000,2024-02-24 00:00:00+00:00,9933.708163167386
1708736400000,2024-02-24 01:00:00+00:00,9933.708163167386
1708740000000,2024-02-24 02:00:00+00:00,9933.708163167386
1708743600000,2024-02-24 03:00:00+00:00,9933.708163167386
1708747200000,2024-02-24 04:00:00+00:00,9933.708163167386
1708750800000,2024-02-24 05:00:00+00:00,9933.708163167386
1708754400000,2024-02-24 06:00:00+00:00,9933.708163167386
1708758000000,2024-02-24 07:00:00+00:00,9933.708163167386
1708761600000,2024-02-24 08:00:00+00:00,9933.708163167386
1708765200000,2024-02-24 09:00:00+00:00,9933.708163167386
1708768800000,2024-02-24 10:00:00+00:00,9905.996765806178
1708772400000,2024-02-24 11:00:00+00:00,9905.996765806178
1708776000000,2024-02-24 12:00:00+00:00,9905.996765806178
1708779600000,2024-02-24 13:00:00+00:00,9905.996765806178
1708783200000,2024-02-24 14:00:00+00:00,9905.996765806178
1708786800000,2024-02-24 15:00:00+00:00,9905.996765806178
1708790400000,2024-02-24 16:00:00+00:00,9905.996765806178
1708794000000,2024-02-24 17:00:00+00:00,9905.996765806178
1708797600000,2024-02-24 18:00:00+00:00,9905.996765806178
1708801200000,2024-02-24 19:00:00+00:00,9905.996765806178
1708804800000,2024-02-24 20:00:00+00:00,9905.996765806178
1708808400000,2024-02-24 21:00:00+00:00,9905.996765806178
1708812000000,2024-02-24 22:00:00+00:00,9905.996765806178
1708815600000,2024-02-24 23:00:00+00:00,9905.996765806178
1708819200000,2024-02-25 00:00:00+00:00,9905.996765806178
1708822800000,2024-02-25 01:00:00+00:00,9905.996765806178
1708826400000,2024-02-25 02:00:00+00:00,9905.996765806178
1708830000000,2024-02-25 03:00:00+00:00,9905.996765806178
1708833600000,2024-02-25 04:00:00+00:00,9905.996765806178
1708837200000,2024-02-25 05:00:00+00:00,9905.996765806178
1708840800000,2024-02-25 06:00:00+00:00,9905.996765806178
1708844400000,2024-02-25 07:00:00+00:00,9905.996765806178
1708848000000,2024-02-25 08:00:00+00:00,9905.996765806178
1708851600000,2024-02-25 09:00:00+00:00,9905.996765806178
1708855200000,2024-02-25 10:00:00+00:00,9905.996765806178
1708858800000,2024-02-25 11:00:00+00:00,9905.996765806178
1708862400000,2024-02-25 12:00:00+00:00,9905.996765806178
1708866000000,2024-02-25 13:00:00+00:00,9905.996765806178
1708869600000,2024-02-25 14:00:00+00:00,9905.996765806178
1708873200000,2024-02-25 15:00:00+00:00,9905.996765806178
1708876800000,2024-02-25 16:00:00+00:00,9905.996765806178
1708880400000,2024-02-25 17:00:00+00:00,9905.996765806178
1708884000000,2024-02-25 18:00:00+00:00,9905.996765806178
1708887600000,2024-02-25 19:00:00+00:00,9905.996765806178
1708891200000,2024-02-25 20:00:00+00:00,9905.996765806178
1708894800000,2024-02-25 21:00:00+00:00,9905.996765806178
1708898400000,2024-02-25 22:00:00+00:00,9905.996765806178
1708902000000,2024-02-25 23:00:00+00:00,9905.996765806178
1708905600000,2024-02-26 00:00:00+00:00,9905.996765806178
1708909200000,2024-02-26 01:00:00+00:00,9905.996765806178
1708912800000,2024-02-26 02:00:00+00:00,9905.996765806178
1708916400000,2024-02-26 03:00:00+00:00,9905.996765806178
1708920000000,2024-02-26 04:00:00+00:00,9905.996765806178
1708923600000,2024-02-26 05:00:00+00:00,9905.996765806178
1708927200000,2024-02-26 06:00:00+00:00,9905.996765806178
1708930800000,2024-02-26 07:00:00+00:00,9905.996765806178
1708934400000,2024-02-26 08:00:00+00:00,9905.996765806178
1708938000000,2024-02-26 09:00:00+00:00,9905.996765806178
1708941600000,2024-02-26 10:00:00+00:00,9905.996765806178
1708945200000,2024-02-26 11:00:00+00:00,9916.804183608716
1708948800000,2024-02-26 12:00:00+00:00,9916.804183608716
1708952400000,2024-02-26 13:00:00+00:00,9916.804183608716
1708956000000,2024-02-26 14:00:00+00:00,9916.804183608716
1708959600000,2024-02-26 15:00:00+00:00,9934.541139562916
1708963200000,2024-02-26 16:00:00+00:00,9934.541139562916
1708966800000,2024-02-26 17:00:00+00:00,9934.541139562916
1708970400000,2024-02-26 18:00:00+00:00,9934.541139562916
1708974000000,2024-02-26 19:00:00+00:00,9934.541139562916
1708977600000,2024-02-26 20:00:00+00:00,9934.541139562916
1708981200000,2024-02-26 21:00:00+00:00,9934.541139562916
1708984800000,2024-02-26 22:00:00+00:00,9934.541139562916
1708988400000,2024-02-26 23:00:00+00:00,9934.541139562916
1708992000000,2024-02-27 00:00:00+00:00,9934.541139562916
1708995600000,2024-02-27 01:00:00+00:00,9934.541139562916
1708999200000,2024-02-27 02:00:00+00:00,9934.541139562916
1709002800000,2024-02-27 03:00:00+00:00,10019.950307619612
1709006400000,2024-02-27 04:00:00+00:00,10019.950307619612
1709010000000,2024-02-27 05:00:00+00:00,10019.950307619612
1709013600000,2024-02-27 06:00:00+00:00,10019.950307619612
1709017200000,2024-02-27 07:00:00+00:00,10019.950307619612
1709020800000,2024-02-27 08:00:00+00:00,10019.950307619612
1709024400000,2024-02-27 09:00:00+00:00,10019.950307619612
1709028000000,2024-02-27 10:00:00+00:00,10019.950307619612
1709031600000,2024-02-27 11:00:00+00:00,10019.950307619612
1709035200000,2024-02-27 12:00:00+00:00,10019.950307619612
1709038800000,2024-02-27 13:00:00+00:00,10019.950307619612
1709042400000,2024-02-27 14:00:00+00:00,10019.950307619612
1709046000000,2024-02-27 15:00:00+00:00,9992.551176658571
1709049600000,2024-02-27 16:00:00+00:00,9992.551176658571
1709053200000,2024-02-27 17:00:00+00:00,9992.551176658571
1709056800000,2024-02-27 18:00:00+00:00,9992.551176658571
1709060400000,2024-02-27 19:00:00+00:00,9992.551176658571
1709064000000,2024-02-27 20:00:00+00:00,9992.551176658571
1709067600000,2024-02-27 21:00:00+00:00,9992.551176658571
1709071200000,2024-02-27 22:00:00+00:00,9992.551176658571
1709074800000,2024-02-27 23:00:00+00:00,9992.551176658571
1709078400000,2024-02-28 00:00:00+00:00,9992.551176658571
1709082000000,2024-02-28 01:00:00+00:00,9992.551176658571
1709085600000,2024-02-28 02:00:00+00:00,9992.551176658571
1709089200000,2024-02-28 03:00:00+00:00,9992.551176658571
1709092800000,2024-02-28 04:00:00+00:00,9992.551176658571
1709096400000,2024-02-28 05:00:00+00:00,9992.551176658571
1709100000000,2024-02-28 06:00:00+00:00,9992.551176658571
1709103600000,2024-02-28 07:00:00+00:00,9992.551176658571
1709107200000,2024-02-28 08:00:00+00:00,10009.85588800884
1709110800000,2024-02-28 09:00:00+00:00,10009.85588800884
1709114400000,2024-02-28 10:00:00+00:00,10009.85588800884
1709118000000,2024-02-28 11:00:00+00:00,10009.85588800884
1709121600000,2024-02-28 12:00:00+00:00,10009.85588800884
1709125200000,2024-02-28 13:00:00+00:00,10009.85588800884
1709128800000,2024-02-28 14:00:00+00:00,10009.85588800884
1709132400000,2024-02-28 15:00:00+00:00,10009.85588800884
1709136000000,2024-02-28 16:00:00+00:00,10009.85588800884
1709139600000,2024-02-28 17:00:00+00:00,10043.403190533629
1709143200000,2024-02-28 18:00:00+00:00,9999.378382289426
1709146800000,2024-02-28 19:00:00+00:00,9999.378382289426
1709150400000,2024-02-28 20:00:00+00:00,9999.378382289426
1709154000000,2024-02-28 21:00:00+00:00,9999.378382289426
1709157600000,2024-02-28 22:00:00+00:00,9999.378382289426
1709161200000,2024-02-28 23:00:00+00:00,10011.028515265865
1709164800000,2024-02-29 00:00:00+00:00,10011.028515265865
1709168400000,2024-02-29 01:00:00+00:00,10011.028515265865
1709172000000,2024-02-29 02:00:00+00:00,10011.028515265865
1709175600000,2024-02-29 03:00:00+00:00,10011.028515265865
1709179200000,2024-02-29 04:00:00+00:00,10011.028515265865
1709182800000,2024-02-29 05:00:00+00:00,10011.028515265865
1709186400000,2024-02-29 06:00:00+00:00,10011.028515265865
1709190000000,2024-02-29 07:00:00+00:00,10011.028515265865
1709193600000,2024-02-29 08:00:00+00:00,10011.028515265865
1709197200000,2024-02-29 09:00:00+00:00,10011.028515265865
1709200800000,2024-02-29 10:00:00+00:00,10011.028515265865
1709204400000,2024-02-29 11:00:00+00:00,10011.028515265865
1709208000000,2024-02-29 12:00:00+00:00,10045.402107243568
1709211600000,2024-02-29 13:00:00+00:00,10045.402107243568
1709215200000,2024-02-29 14:00:00+00:00,10045.402107243568
1709218800000,2024-02-29 15:00:00+00:00,10045.402107243568
1709222400000,2024-02-29 16:00:00+00:00,10045.402107243568
1709226000000,2024-02-29 17:00:00+00:00,10045.402107243568
1709229600000,2024-02-29 18:00:00+00:00,10045.402107243568
1709233200000,2024-02-29 19:00:00+00:00,10045.402107243568
1709236800000,2024-02-29 20:00:00+00:00,10045.402107243568
1709240400000,2024-02-29 21:00:00+00:00,10045.402107243568
1709244000000,2024-02-29 22:00:00+00:00,10019.061862467603
1709247600000,2024-02-29 23:00:00+00:00,10019.061862467603
1709251200000,2024-03-01 00:00:00+00:00,10019.061862467603
1709254800000,2024-03-01 01:00:00+00:00,10019.061862467603
1709258400000,2024-03-01 02:00:00+00:00,10019.061862467603
1709262000000,2024-03-01 03:00:00+00:00,10019.061862467603
1709265600000,2024-03-01 04:00:00+00:00,10019.061862467603
1709269200000,2024-03-01 05:00:00+00:00,10019.061862467603
1709272800000,2024-03-01 06:00:00+00:00,10019.061862467603
1709276400000,2024-03-01 07:00:00+00:00,10019.061862467603
1709280000000,2024-03-01 08:00:00+00:00,10019.061862467603
1709283600000,2024-03-01 09:00:00+00:00,10019.061862467603
1709287200000,2024-03-01 10:00:00+00:00,10019.061862467603
1709290800000,2024-03-01 11:00:00+00:00,10019.061862467603
1709294400000,2024-03-01 12:00:00+00:00,10019.061862467603
1709298000000,2024-03-01 13:00:00+00:00,10019.061862467603
1709301600000,2024-03-01 14:00:00+00:00,10019.061862467603
1709305200000,2024-03-01 15:00:00+00:00,10019.061862467603
1709308800000,2024-03-01 16:00:00+00:00,10019.061862467603
1709312400000,2024-03-01 17:00:00+00:00,10019.061862467603
1709316000000,2024-03-01 18:00:00+00:00,10019.061862467603
1709319600000,2024-03-01 19:00:00+00:00,10019.061862467603
1709323200000,2024-03-01 20:00:00+00:00,10019.061862467603
1709326800000,2024-03-01 21:00:00+00:00,10019.061862467603
1709330400000,2024-03-01 22:00:00+00:00,10019.061862467603
1709334000000,2024-03-01 23:00:00+00:00,10019.061862467603
1709337600000,2024-03-02 00:00:00+00:00,10019.061862467603
1709341200000,2024-03-02 01:00:00+00:00,10019.061862467603
1709344800000,2024-03-02 02:00:00+00:00,10019.061862467603
1709348400000,2024-03-02 03:00:00+00:00,10019.061862467603
1709352000000,2024-03-02 04:00:00+00:00,10019.061862467603
1709355600000,2024-03-02 05:00:00+00:00,10019.061862467603
1709359200000,2024-03-02 06:00:00+00:00,10019.061862467603
1709362800000,2024-03-02 07:00:00+00:00,10019.061862467603
1709366400000,2024-03-02 08:00:00+00:00,10019.061862467603
1709370000000,2024-03-02 09:00:00+00:00,10019.061862467603
1709373600000,2024-03-02 10:00:00+00:00,10019.061862467603
1709377200000,2024-03-02 11:00:00+00:00,10019.061862467603
1709380800000,2024-03-02 12:00:00+00:00,10019.061862467603
1709384400000,2024-03-02 13:00:00+00:00,10019.061862467603
1709388000000,2024-03-02 14:00:00+00:00,10019.061862467603
1709391600000,2024-03-02 15:00:00+00:00,10019.061862467603
1709395200000,2024-03-02 16:00:00+00:00,10019.061862467603
1709398800000,2024-03-02 17:00:00+00:00,10019.061862467603
1709402400000,2024-03-02 18:00:00+00:00,10019.061862467603
1709406000000,2024-03-02 19:00:00+00:00,10019.061862467603
1709409600000,2024-03-02 20:00:00+00:00,10019.061862467603
1709413200000,2024-03-02 21:00:00+00:00,10019.061862467603
1709416800000,2024-03-02 22:00:00+00:00,10019.061862467603
1709420400000,2024-03-02 23:00:00+00:00,10019.061862467603
1709424000000,2024-03-03 00:00:00+00:00,10019.061862467603
1709427600000,2024-03-03 01:00:00+00:00,10019.061862467603
1709431200000,2024-03-03 02:00:00+00:00,10019.061862467603
1709434800000,2024-03-03 03:00:00+00:00,10019.061862467603
1709438400000,2024-03-03 04:00:00+00:00,10019.061862467603
1709442000000,2024-03-03 05:00:00+00:00,10019.061862467603
1709445600000,2024-03-03 06:00:00+00:00,10019.061862467603
1709449200000,2024-03-03 07:00:00+00:00,10019.061862467603
1709452800000,2024-03-03 08:00:00+00:00,10019.061862467603
1709456400000,2024-03-03 09:00:00+00:00,10019.061862467603
1709460000000,2024-03-03 10:00:00+00:00,10019.061862467603
1709463600000,2024-03-03 11:00:00+00:00,10019.061862467603
1709467200000,2024-03-03 12:00:00+00:00,10019.061862467603
1709470800000,2024-03-03 13:00:00+00:00,10019.061862467603
1709474400000,2024-03-03 14:00:00+00:00,10019.061862467603
1709478000000,2024-03-03 15:00:00+00:00,10019.061862467603
1709481600000,2024-03-03 16:00:00+00:00,10019.061862467603
1709485200000,2024-03-03 17:00:00+00:00,10019.061862467603
1709488800000,2024-03-03 18:00:00+00:00,10019.061862467603
1709492400000,2024-03-03 19:00:00+00:00,10019.061862467603
1709496000000,2024-03-03 20:00:00+00:00,10019.061862467603
1709499600000,2024-03-03 21:00:00+00:00,10019.061862467603
1709503200000,2024-03-03 22:00:00+00:00,10019.061862467603
1709506800000,2024-03-03 23:00:00+00:00,10019.061862467603
1709510400000,2024-03-04 00:00:00+00:00,10019.061862467603
1709514000000,2024-03-04 01:00:00+00:00,10019.061862467603
1709517600000,2024-03-04 02:00:00+00:00,10019.061862467603
1709521200000,2024-03-04 03:00:00+00:00,10019.061862467603
1709524800000,2024-03-04 04:00:00+00:00,10019.061862467603
1709528400000,2024-03-04 05:00:00+00:00,10019.061862467603
1709532000000,2024-03-04 06:00:00+00:00,10019.061862467603
1709535600000,2024-03-04 07:00:00+00:00,10019.061862467603
1709539200000,2024-03-04 08:00:00+00:00,10037.73354931314
1709542800000,2024-03-04 09:00:00+00:00,10037.73354931314
1709546400000,2024-03-04 10:00:00+00:00,10037.73354931314
1709550000000,2024-03-04 11:00:00+00:00,10037.73354931314
1709553600000,2024-03-04 12:00:00+00:00,10037.73354931314
1709557200000,2024-03-04 13:00:00+00:00,10037.73354931314
1709560800000,2024-03-04 14:00:00+00:00,10037.73354931314
1709564400000,2024-03-04 15:00:00+00:00,10037.73354931314
1709568000000,2024-03-04 16:00:00+00:00,10037.73354931314
1709571600000,2024-03-04 17:00:00+00:00,10037.73354931314
1709575200000,2024-03-04 18:00:00+00:00,10037.73354931314
1709578800000,2024-03-04 19:00:00+00:00,10037.73354931314
1709582400000,2024-03-04 20:00:00+00:00,10037.73354931314
1709586000000,2024-03-04 21:00:00+00:00,10037.73354931314
1709589600000,2024-03-04 22:00:00+00:00,10037.73354931314
1709593200000,2024-03-04 23:00:00+00:00,10037.73354931314
1709596800000,2024-03-05 00:00:00+00:00,10037.73354931314
1709600400000,2024-03-05 01:00:00+00:00,10037.73354931314
1709604000000,2024-03-05 02:00:00+00:00,10037.73354931314
1709607600000,2024-03-05 03:00:00+00:00,10037.73354931314
1709611200000,2024-03-05 04:00:00+00:00,10037.73354931314
1709614800000,2024-03-05 05:00:00+00:00,10037.58054024699
1709618400000,2024-03-05 06:00:00+00:00,10037.58054024699
1709622000000,2024-03-05 07:00:00+00:00,10037.58054024699
1709625600000,2024-03-05 08:00:00+00:00,10037.58054024699
1709629200000,2024-03-05 09:00:00+00:00,10037.58054024699
1709632800000,2024-03-05 10:00:00+00:00,10037.58054024699
1709636400000,2024-03-05 11:00:00+00:00,10037.58054024699
1709640000000,2024-03-05 12:00:00+00:00,10037.58054024699
1709643600000,2024-03-05 13:00:00+00:00,10037.58054024699
1709647200000,2024-03-05 14:00:00+00:00,10055.195276622318
1709650800000,2024-03-05 15:00:00+00:00,10065.928460005487
1709654400000,2024-03-05 16:00:00+00:00,10038.97199824185
1709658000000,2024-03-05 17:00:00+00:00,10038.97199824185
1709661600000,2024-03-05 18:00:00+00:00,10038.97199824185
1709665200000,2024-03-05 19:00:00+00:00,9941.762884374575
1709668800000,2024-03-05 20:00:00+00:00,9941.762884374575
1709672400000,2024-03-05 21:00:00+00:00,9941.762884374575
1709676000000,2024-03-05 22:00:00+00:00,9941.762884374575
1709679600000,2024-03-05 23:00:00+00:00,9941.762884374575
1709683200000,2024-03-06 00:00:00+00:00,9941.762884374575
1709686800000,2024-03-06 01:00:00+00:00,9941.762884374575
1709690400000,2024-03-06 02:00:00+00:00,9941.762884374575
1709694000000,2024-03-06 03:00:00+00:00,9941.762884374575
1709697600000,2024-03-06 04:00:00+00:00,9941.762884374575
1709701200000,2024-03-06 05:00:00+00:00,9941.762884374575
1709704800000,2024-03-06 06:00:00+00:00,9953.712575682834
1709708400000,2024-03-06 07:00:00+00:00,9953.712575682834
1709712000000,2024-03-06 08:00:00+00:00,9953.712575682834
1709715600000,2024-03-06 09:00:00+00:00,9953.712575682834
1709719200000,2024-03-06 10:00:00+00:00,9953.712575682834
1709722800000,2024-03-06 11:00:00+00:00,9953.712575682834
1709726400000,2024-03-06 12:00:00+00:00,9953.712575682834
1709730000000,2024-03-06 13:00:00+00:00,9953.712575682834
1709733600000,2024-03-06 14:00:00+00:00,9953.712575682834
1709737200000,2024-03-06 15:00:00+00:00,9953.712575682834
1709740800000,2024-03-06 16:00:00+00:00,9953.712575682834
1709744400000,2024-03-06 17:00:00+00:00,9953.712575682834
1709748000000,2024-03-06 18:00:00+00:00,9953.712575682834
1709751600000,2024-03-06 19:00:00+00:00,9953.712575682834
1709755200000,2024-03-06 20:00:00+00:00,9953.712575682834
1709758800000,2024-03-06 21:00:00+00:00,9953.712575682834
1709762400000,2024-03-06 22:00:00+00:00,9953.712575682834
1709766000000,2024-03-06 23:00:00+00:00,9953.712575682834
1709769600000,2024-03-07 00:00:00+00:00,9953.712575682834
1709773200000,2024-03-07 01:00:00+00:00,9953.712575682834
1709776800000,2024-03-07 02:00:00+00:00,9953.712575682834
1709780400000,2024-03-07 03:00:00+00:00,9953.712575682834
1709784000000,2024-03-07 04:00:00+00:00,9953.712575682834
1709787600000,2024-03-07 05:00:00+00:00,9953.712575682834
1709791200000,2024-03-07 06:00:00+00:00,9953.712575682834
1709794800000,2024-03-07 07:00:00+00:00,9953.712575682834
1709798400000,2024-03-07 08:00:00+00:00,9953.712575682834
1709802000000,2024-03-07 09:00:00+00:00,9953.712575682834
1709805600000,2024-03-07 10:00:00+00:00,9953.712575682834
1709809200000,2024-03-07 11:00:00+00:00,9953.712575682834
1709812800000,2024-03-07 12:00:00+00:00,9953.712575682834
1709816400000,2024-03-07 13:00:00+00:00,9953.712575682834
1709820000000,2024-03-07 14:00:00+00:00,9953.712575682834
1709823600000,2024-03-07 15:00:00+00:00,9953.712575682834
1709827200000,2024-03-07 16:00:00+00:00,9953.712575682834
1709830800000,2024-03-07 17:00:00+00:00,9953.712575682834
1709834400000,2024-03-07 18:00:00+00:00,9953.712575682834
1709838000000,2024-03-07 19:00:00+00:00,9953.712575682834
1709841600000,2024-03-07 20:00:00+00:00,9953.712575682834
1709845200000,2024-03-07 21:00:00+00:00,9953.712575682834
1709848800000,2024-03-07 22:00:00+00:00,9953.712575682834
1709852400000,2024-03-07 23:00:00+00:00,9953.712575682834
1709856000000,2024-03-08 00:00:00+00:00,9953.712575682834
1709859600000,2024-03-08 01:00:00+00:00,9953.712575682834
1709863200000,2024-03-08 02:00:00+00:00,9953.712575682834
1709866800000,2024-03-08 03:00:00+00:00,9953.712575682834
1709870400000,2024-03-08 04:00:00+00:00,9953.712575682834
1709874000000,2024-03-08 05:00:00+00:00,9953.712575682834
1709877600000,2024-03-08 06:00:00+00:00,9953.712575682834
1709881200000,2024-03-08 07:00:00+00:00,9953.712575682834
1709884800000,2024-03-08 08:00:00+00:00,9953.712575682834
1709888400000,2024-03-08 09:00:00+00:00,9953.712575682834
1709892000000,2024-03-08 10:00:00+00:00,9953.712575682834
1709895600000,2024-03-08 11:00:00+00:00,9953.712575682834
1709899200000,2024-03-08 12:00:00+00:00,9953.712575682834
1709902800000,2024-03-08 13:00:00+00:00,9953.712575682834
1709906400000,2024-03-08 14:00:00+00:00,9953.712575682834
1709910000000,2024-03-08 15:00:00+00:00,9953.712575682834
1709913600000,2024-03-08 16:00:00+00:00,9979.901092392443
1709917200000,2024-03-08 17:00:00+00:00,9979.901092392443
1709920800000,2024-03-08 18:00:00+00:00,9979.901092392443
1709924400000,2024-03-08 19:00:00+00:00,9979.901092392443
1709928000000,2024-03-08 20:00:00+00:00,9979.901092392443
1709931600000,2024-03-08 21:00:00+00:00,9979.901092392443
1709935200000,2024-03-08 22:00:00+00:00,9979.901092392443
1709938800000,2024-03-08 23:00:00+00:00,9979.901092392443
1709942400000,2024-03-09 00:00:00+00:00,9979.901092392443
1709946000000,2024-03-09 01:00:00+00:00,9979.901092392443
1709949600000,2024-03-09 02:00:00+00:00,9979.901092392443
1709953200000,2024-03-09 03:00:00+00:00,9979.901092392443
1709956800000,2024-03-09 04:00:00+00:00,9979.901092392443
1709960400000,2024-03-09 05:00:00+00:00,9979.901092392443
1709964000000,2024-03-09 06:00:00+00:00,9979.901092392443
1709967600000,2024-03-09 07:00:00+00:00,9979.901092392443
1709971200000,2024-03-09 08:00:00+00:00,9979.901092392443
1709974800000,2024-03-09 09:00:00+00:00,9979.901092392443
1709978400000,2024-03-09 10:00:00+00:00,9979.901092392443
1709982000000,2024-03-09 11:00:00+00:00,9979.901092392443
1709985600000,2024-03-09 12:00:00+00:00,9979.901092392443
1709989200000,2024-03-09 13:00:00+00:00,9979.901092392443
1709992800000,2024-03-09 14:00:00+00:00,9979.901092392443
1709996400000,2024-03-09 15:00:00+00:00,9979.901092392443
1710000000000,2024-03-09 16:00:00+00:00,9979.901092392443
1710003600000,2024-03-09 17:00:00+00:00,9979.901092392443
1710007200000,2024-03-09 18:00:00+00:00,9979.901092392443
1710010800000,2024-03-09 19:00:00+00:00,9979.901092392443
1710014400000,2024-03-09 20:00:00+00:00,9979.901092392443
1710018000000,2024-03-09 21:00:00+00:00,9979.901092392443
1710021600000,2024-03-09 22:00:00+00:00,9979.901092392443
1710025200000,2024-03-09 23:00:00+00:00,9979.901092392443
1710028800000,2024-03-10 00:00:00+00:00,9979.901092392443
1710032400000,2024-03-10 01:00:00+00:00,9979.901092392443
1710036000000,2024-03-10 02:00:00+00:00,9979.901092392443
1710039600000,2024-03-10 03:00:00+00:00,9979.901092392443
1710043200000,2024-03-10 04:00:00+00:00,9979.901092392443
1710046800000,2024-03-10 05:00:00+00:00,9979.901092392443
1710050400000,2024-03-10 06:00:00+00:00,9979.901092392443
1710054000000,2024-03-10 07:00:00+00:00,9979.901092392443
1710057600000,2024-03-10 08:00:00+00:00,9979.901092392443
1710061200000,2024-03-10 09:00:00+00:00,9979.901092392443
1710064800000,2024-03-10 10:00:00+00:00,9979.901092392443
1710068400000,2024-03-10 11:00:00+00:00,9979.901092392443
1710072000000,2024-03-10 12:00:00+00:00,9979.901092392443
1710075600000,2024-03-10 13:00:00+00:00,9979.901092392443
1710079200000,2024-03-10 14:00:00+00:00,9953.32159317491
1710082800000,2024-03-10 15:00:00+00:00,9953.32159317491
1710086400000,2024-03-10 16:00:00+00:00,9953.32159317491
1710090000000,2024-03-10 17:00:00+00:00,9953.32159317491
1710093600000,2024-03-10 18:00:00+00:00,9953.32159317491
1710097200000,2024-03-10 19:00:00+00:00,9953.32159317491
1710100800000,2024-03-10 20:00:00+00:00,9953.32159317491
1710104400000,2024-03-10 21:00:00+00:00,9953.32159317491
1710108000000,2024-03-10 22:00:00+00:00,9953.32159317491
1710111600000,2024-03-10 23:00:00+00:00,9953.32159317491
1710115200000,2024-03-11 00:00:00+00:00,9900.960787101063
1710118800000,2024-03-11 01:00:00+00:00,9874.460688905947
1710122400000,2024-03-11 02:00:00+00:00,9874.460688905947
1710126000000,2024-03-11 03:00:00+00:00,9874.460688905947
1710129600000,2024-03-11 04:00:00+00:00,9874.460688905947
1710133200000,2024-03-11 05:00:00+00:00,9874.460688905947
1710136800000,2024-03-11 06:00:00+00:00,9874.460688905947
1710140400000,2024-03-11 07:00:00+00:00,9874.460688905947
1710144000000,2024-03-11 08:00:00+00:00,9874.460688905947
1710147600000,2024-03-11 09:00:00+00:00,9885.374331999934
1710151200000,2024-03-11 10:00:00+00:00,9885.374331999934
1710154800000,2024-03-11 11:00:00+00:00,9885.374331999934
1710158400000,2024-03-11 12:00:00+00:00,9885.374331999934
1710162000000,2024-03-11 13:00:00+00:00,9885.374331999934
1710165600000,2024-03-11 14:00:00+00:00,9885.374331999934
1710169200000,2024-03-11 15:00:00+00:00,9885.374331999934
1710172800000,2024-03-11 16:00:00+00:00,9936.477710410998
1710176400000,2024-03-11 17:00:00+00:00,9936.477710410998
1710180000000,2024-03-11 18:00:00+00:00,9936.477710410998
1710183600000,2024-03-11 19:00:00+00:00,9936.477710410998
1710187200000,2024-03-11 20:00:00+00:00,9936.477710410998
1710190800000,2024-03-11 21:00:00+00:00,9936.477710410998
1710194400000,2024-03-11 22:00:00+00:00,9936.477710410998
1710198000000,2024-03-11 23:00:00+00:00,9936.477710410998
1710201600000,2024-03-12 00:00:00+00:00,9936.477710410998
1710205200000,2024-03-12 01:00:00+00:00,9936.477710410998
1710208800000,2024-03-12 02:00:00+00:00,9936.477710410998
1710212400000,2024-03-12 03:00:00+00:00,9936.477710410998
1710216000000,2024-03-12 04:00:00+00:00,9936.477710410998
1710219600000,2024-03-12 05:00:00+00:00,9936.477710410998
1710223200000,2024-03-12 06:00:00+00:00,9936.477710410998
1710226800000,2024-03-12 07:00:00+00:00,9936.477710410998
1710230400000,2024-03-12 08:00:00+00:00,9936.477710410998
1710234000000,2024-03-12 09:00:00+00:00,9936.477710410998
1710237600000,2024-03-12 10:00:00+00:00,9936.477710410998
1710241200000,2024-03-12 11:00:00+00:00,9936.477710410998
1710244800000,2024-03-12 12:00:00+00:00,9936.477710410998
1710248400000,2024-03-12 13:00:00+00:00,9936.477710410998
1710252000000,2024-03-12 14:00:00+00:00,9936.477710410998
1710255600000,2024-03-12 15:00:00+00:00,9936.477710410998
1710259200000,2024-03-12 16:00:00+00:00,9936.477710410998
1710262800000,2024-03-12 17:00:00+00:00,9910.069115051912
1710266400000,2024-03-12 18:00:00+00:00,9910.069115051912
1710270000000,2024-03-12 19:00:00+00:00,9910.069115051912
1710273600000,2024-03-12 20:00:00+00:00,9910.069115051912
1710277200000,2024-03-12 21:00:00+00:00,9910.069115051912
1710280800000,2024-03-12 22:00:00+00:00,9910.069115051912
1710284400000,2024-03-12 23:00:00+00:00,9910.069115051912
1710288000000,2024-03-13 00:00:00+00:00,9910.069115051912
1710291600000,2024-03-13 01:00:00+00:00,9910.069115051912
1710295200000,2024-03-13 02:00:00+00:00,9910.069115051912
1710298800000,2024-03-13 03:00:00+00:00,9910.069115051912
1710302400000,2024-03-13 04:00:00+00:00,9910.069115051912
1710306000000,2024-03-13 05:00:00+00:00,9910.069115051912
1710309600000,2024-03-13 06:00:00+00:00,9910.069115051912
1710313200000,2024-03-13 07:00:00+00:00,9910.069115051912
1710316800000,2024-03-13 08:00:00+00:00,9910.069115051912
1710320400000,2024-03-13 09:00:00+00:00,9910.069115051912
1710324000000,2024-03-13 10:00:00+00:00,9910.069115051912
1710327600000,2024-03-13 11:00:00+00:00,9910.069115051912
1710331200000,2024-03-13 12:00:00+00:00,9910.069115051912
1710334800000,2024-03-13 13:00:00+00:00,9910.069115051912
1710338400000,2024-03-13 14:00:00+00:00,9921.678809753133
1710342000000,2024-03-13 15:00:00+00:00,9921.678809753133
1710345600000,2024-03-13 16:00:00+00:00,9921.678809753133
1710349200000,2024-03-13 17:00:00+00:00,9921.678809753133
1710352800000,2024-03-13 18:00:00+00:00,9921.678809753133
1710356400000,2024-03-13 19:00:00+00:00,9921.678809753133
1710360000000,2024-03-13 20:00:00+00:00,9921.678809753133
1710363600000,2024-03-13 21:00:00+00:00,9921.678809753133
1710367200000,2024-03-13 22:00:00+00:00,9921.678809753133
1710370800000,2024-03-13 23:00:00+00:00,9921.678809753133
1710374400000,2024-03-14 00:00:00+00:00,9921.678809753133
1710378000000,2024-03-14 01:00:00+00:00,9921.678809753133
1710381600000,2024-03-14 02:00:00+00:00,9921.678809753133
1710385200000,2024-03-14 03:00:00+00:00,9921.678809753133
1710388800000,2024-03-14 04:00:00+00:00,9921.678809753133
1710392400000,2024-03-14 05:00:00+00:00,9921.678809753133
1710396000000,2024-03-14 06:00:00+00:00,9921.678809753133
1710399600000,2024-03-14 07:00:00+00:00,9921.678809753133
1710403200000,2024-03-14 08:00:00+00:00,9921.678809753133
1710406800000,2024-03-14 09:00:00+00:00,9921.678809753133
1710410400000,2024-03-14 10:00:00+00:00,9921.678809753133
1710414000000,2024-03-14 11:00:00+00:00,9921.678809753133
1710417600000,2024-03-14 12:00:00+00:00,9921.678809753133
1710421200000,2024-03-14 13:00:00+00:00,9953.353721745427
1710424800000,2024-03-14 14:00:00+00:00,9953.353721745427
1710428400000,2024-03-14 15:00:00+00:00,9953.353721745427
1710432000000,2024-03-14 16:00:00+00:00,9953.353721745427
1710435600000,2024-03-14 17:00:00+00:00,9953.353721745427
1710439200000,2024-03-14 18:00:00+00:00,9953.353721745427
1710442800000,2024-03-14 19:00:00+00:00,9901.234132779246
1710446400000,2024-03-14 20:00:00+00:00,9901.234132779246
1710450000000,2024-03-14 21:00:00+00:00,9901.234132779246
1710453600000,2024-03-14 22:00:00+00:00,9901.234132779246
1710457200000,2024-03-14 23:00:00+00:00,9901.234132779246
1710460800000,2024-03-15 00:00:00+00:00,9901.234132779246
1710464400000,2024-03-15 01:00:00+00:00,9901.234132779246
1710468000000,2024-03-15 02:00:00+00:00,9901.234132779246
1710471600000,2024-03-15 03:00:00+00:00,9859.526839304779
1710475200000,2024-03-15 04:00:00+00:00,9859.526839304779
1710478800000,2024-03-15 05:00:00+00:00,9859.526839304779
1710482400000,2024-03-15 06:00:00+00:00,9859.526839304779
1710486000000,2024-03-15 07:00:00+00:00,9859.526839304779
1710489600000,2024-03-15 08:00:00+00:00,9859.526839304779
1710493200000,2024-03-15 09:00:00+00:00,9833.4996412373
1710496800000,2024-03-15 10:00:00+00:00,9833.4996412373
1710500400000,2024-03-15 11:00:00+00:00,9833.4996412373
1710504000000,2024-03-15 12:00:00+00:00,9833.4996412373
1710507600000,2024-03-15 13:00:00+00:00,9833.4996412373
1710511200000,2024-03-15 14:00:00+00:00,9833.4996412373
1710514800000,2024-03-15 15:00:00+00:00,9833.4996412373
1710518400000,2024-03-15 16:00:00+00:00,9833.4996412373
1710522000000,2024-03-15 17:00:00+00:00,9833.4996412373
1710525600000,2024-03-15 18:00:00+00:00,9851.600208257516
1710529200000,2024-03-15 19:00:00+00:00,9851.600208257516
1710532800000,2024-03-15 20:00:00+00:00,9851.283782024238
1710536400000,2024-03-15 21:00:00+00:00,9851.283782024238
1710540000000,2024-03-15 22:00:00+00:00,9851.283782024238
1710543600000,2024-03-15 23:00:00+00:00,9851.283782024238
1710547200000,2024-03-16 00:00:00+00:00,9851.283782024238
1710550800000,2024-03-16 01:00:00+00:00,9851.283782024238
1710554400000,2024-03-16 02:00:00+00:00,9851.283782024238
1710558000000,2024-03-16 03:00:00+00:00,9851.283782024238
1710561600000,2024-03-16 04:00:00+00:00,9851.283782024238
1710565200000,2024-03-16 05:00:00+00:00,9851.283782024238
1710568800000,2024-03-16 06:00:00+00:00,9851.283782024238
1710572400000,2024-03-16 07:00:00+00:00,9851.283782024238
1710576000000,2024-03-16 08:00:00+00:00,9851.283782024238
1710579600000,2024-03-16 09:00:00+00:00,9851.283782024238
1710583200000,2024-03-16 10:00:00+00:00,9851.283782024238
1710586800000,2024-03-16 11:00:00+00:00,9851.283782024238
1710590400000,2024-03-16 12:00:00+00:00,9851.283782024238
1710594000000,2024-03-16 13:00:00+00:00,9851.283782024238
1710597600000,2024-03-16 14:00:00+00:00,9851.283782024238
1710601200000,2024-03-16 15:00:00+00:00,9851.283782024238
1710604800000,2024-03-16 16:00:00+00:00,9851.283782024238
1710608400000,2024-03-16 17:00:00+00:00,9851.283782024238
1710612000000,2024-03-16 18:00:00+00:00,9851.283782024238
1710615600000,2024-03-16 19:00:00+00:00,9851.283782024238
1710619200000,2024-03-16 20:00:00+00:00,9851.283782024238
1710622800000,2024-03-16 21:00:00+00:00,9851.283782024238
1710626400000,2024-03-16 22:00:00+00:00,9851.283782024238
1710630000000,2024-03-16 23:00:00+00:00,9809.52537987987
1710633600000,2024-03-17 00:00:00+00:00,9809.52537987987
1710637200000,2024-03-17 01:00:00+00:00,9809.52537987987
1710640800000,2024-03-17 02:00:00+00:00,9809.52537987987
1710644400000,2024-03-17 03:00:00+00:00,9809.52537987987
1710648000000,2024-03-17 04:00:00+00:00,9809.52537987987
1710651600000,2024-03-17 05:00:00+00:00,9809.52537987987
1710655200000,2024-03-17 06:00:00+00:00,9809.52537987987
1710658800000,2024-03-17 07:00:00+00:00,9809.52537987987
1710662400000,2024-03-17 08:00:00+00:00,9809.52537987987
1710666000000,2024-03-17 09:00:00+00:00,9809.52537987987
1710669600000,2024-03-17 10:00:00+00:00,9809.52537987987
1710673200000,2024-03-17 11:00:00+00:00,9809.52537987987
1710676800000,2024-03-17 12:00:00+00:00,9809.52537987987
1710680400000,2024-03-17 13:00:00+00:00,9809.52537987987
1710684000000,2024-03-17 14:00:00+00:00,9809.52537987987
1710687600000,2024-03-17 15:00:00+00:00,9809.52537987987
1710691200000,2024-03-17 16:00:00+00:00,9809.52537987987
1710694800000,2024-03-17 17:00:00+00:00,9809.52537987987
1710698400000,2024-03-17 18:00:00+00:00,9809.52537987987
1710702000000,2024-03-17 19:00:00+00:00,9809.52537987987
1710705600000,2024-03-17 20:00:00+00:00,9809.52537987987
1710709200000,2024-03-17 21:00:00+00:00,9809.52537987987
1710712800000,2024-03-17 22:00:00+00:00,9821.349104494204
1710716400000,2024-03-17 23:00:00+00:00,9821.349104494204
1710720000000,2024-03-18 00:00:00+00:00,9821.349104494204
1710723600000,2024-03-18 01:00:00+00:00,9821.349104494204
1710727200000,2024-03-18 02:00:00+00:00,9821.349104494204
1710730800000,2024-03-18 03:00:00+00:00,9821.349104494204
1710734400000,2024-03-18 04:00:00+00:00,9821.349104494204
1710738000000,2024-03-18 05:00:00+00:00,9821.349104494204
1710741600000,2024-03-18 06:00:00+00:00,9821.349104494204
1710745200000,2024-03-18 07:00:00+00:00,9821.349104494204
1710748800000,2024-03-18 08:00:00+00:00,9821.349104494204
1710752400000,2024-03-18 09:00:00+00:00,9821.349104494204
1710756000000,2024-03-18 10:00:00+00:00,9821.349104494204
1710759600000,2024-03-18 11:00:00+00:00,9821.349104494204
1710763200000,2024-03-18 12:00:00+00:00,9821.349104494204
1710766800000,2024-03-18 13:00:00+00:00,9821.349104494204
1710770400000,2024-03-18 14:00:00+00:00,9821.349104494204
1710774000000,2024-03-18 15:00:00+00:00,9821.349104494204
1710777600000,2024-03-18 16:00:00+00:00,9821.349104494204
1710781200000,2024-03-18 17:00:00+00:00,9821.349104494204
1710784800000,2024-03-18 18:00:00+00:00,9821.349104494204
1710788400000,2024-03-18 19:00:00+00:00,9821.349104494204
1710792000000,2024-03-18 20:00:00+00:00,9821.349104494204
1710795600000,2024-03-18 21:00:00+00:00,9821.349104494204
1710799200000,2024-03-18 22:00:00+00:00,9821.349104494204
1710802800000,2024-03-18 23:00:00+00:00,9832.985882653644
1710806400000,2024-03-19 00:00:00+00:00,9840.061540454222
1710810000000,2024-03-19 01:00:00+00:00,9797.336767914028
1710813600000,2024-03-19 02:00:00+00:00,9797.336767914028
1710817200000,2024-03-19 03:00:00+00:00,9797.336767914028
1710820800000,2024-03-19 04:00:00+00:00,9797.336767914028
1710824400000,2024-03-19 05:00:00+00:00,9797.336767914028
1710828000000,2024-03-19 06:00:00+00:00,9797.336767914028
1710831600000,2024-03-19 07:00:00+00:00,9797.336767914028
1710835200000,2024-03-19 08:00:00+00:00,9797.336767914028
1710838800000,2024-03-19 09:00:00+00:00,9772.013587958003
1710842400000,2024-03-19 10:00:00+00:00,9772.013587958003
1710846000000,2024-03-19 11:00:00+00:00,9772.013587958003
1710849600000,2024-03-19 12:00:00+00:00,9772.013587958003
1710853200000,2024-03-19 13:00:00+00:00,9772.013587958003
1710856800000,2024-03-19 14:00:00+00:00,9772.013587958003
1710860400000,2024-03-19 15:00:00+00:00,9772.013587958003
1710864000000,2024-03-19 16:00:00+00:00,9772.013587958003
1710867600000,2024-03-19 17:00:00+00:00,9772.013587958003
1710871200000,2024-03-19 18:00:00+00:00,9772.013587958003
1710874800000,2024-03-19 19:00:00+00:00,9772.013587958003
1710878400000,2024-03-19 20:00:00+00:00,9772.013587958003
1710882000000,2024-03-19 21:00:00+00:00,9772.013587958003
1710885600000,2024-03-19 22:00:00+00:00,9746.824486540183
1710889200000,2024-03-19 23:00:00+00:00,9704.697530509564
1710892800000,2024-03-20 00:00:00+00:00,9704.697530509564
1710896400000,2024-03-20 01:00:00+00:00,9704.697530509564
1710900000000,2024-03-20 02:00:00+00:00,9704.697530509564
1710903600000,2024-03-20 03:00:00+00:00,9704.697530509564
1710907200000,2024-03-20 04:00:00+00:00,9704.697530509564
1710910800000,2024-03-20 05:00:00+00:00,9704.697530509564
1710914400000,2024-03-20 06:00:00+00:00,9704.697530509564
1710918000000,2024-03-20 07:00:00+00:00,9704.697530509564
1710921600000,2024-03-20 08:00:00+00:00,9704.697530509564
1710925200000,2024-03-20 09:00:00+00:00,9704.697530509564
1710928800000,2024-03-20 10:00:00+00:00,9704.697530509564
1710932400000,2024-03-20 11:00:00+00:00,9704.697530509564
1710936000000,2024-03-20 12:00:00+00:00,9704.697530509564
1710939600000,2024-03-20 13:00:00+00:00,9704.697530509564
1710943200000,2024-03-20 14:00:00+00:00,9704.697530509564
1710946800000,2024-03-20 15:00:00+00:00,9704.697530509564
1710950400000,2024-03-20 16:00:00+00:00,9704.697530509564
1710954000000,2024-03-20 17:00:00+00:00,9704.697530509564
1710957600000,2024-03-20 18:00:00+00:00,9704.697530509564
1710961200000,2024-03-20 19:00:00+00:00,9704.697530509564
1710964800000,2024-03-20 20:00:00+00:00,9704.697530509564
1710968400000,2024-03-20 21:00:00+00:00,9704.697530509564
1710972000000,2024-03-20 22:00:00+00:00,9704.697530509564
1710975600000,2024-03-20 23:00:00+00:00,9704.697530509564
1710979200000,2024-03-21 00:00:00+00:00,9704.697530509564
1710982800000,2024-03-21 01:00:00+00:00,9704.697530509564
1710986400000,2024-03-21 02:00:00+00:00,9704.697530509564
1710990000000,2024-03-21 03:00:00+00:00,9704.697530509564
1710993600000,2024-03-21 04:00:00+00:00,9704.697530509564
1710997200000,2024-03-21 05:00:00+00:00,9704.697530509564
1711000800000,2024-03-21 06:00:00+00:00,9704.697530509564
1711004400000,2024-03-21 07:00:00+00:00,9704.697530509564
1711008000000,2024-03-21 08:00:00+00:00,9704.697530509564
1711011600000,2024-03-21 09:00:00+00:00,9704.697530509564
1711015200000,2024-03-21 10:00:00+00:00,9704.697530509564
1711018800000,2024-03-21 11:00:00+00:00,9704.697530509564
1711022400000,2024-03-21 12:00:00+00:00,9704.697530509564
1711026000000,2024-03-21 13:00:00+00:00,9704.697530509564
1711029600000,2024-03-21 14:00:00+00:00,9704.697530509564
1711033200000,2024-03-21 15:00:00+00:00,9716.29198281357
1711036800000,2024-03-21 16:00:00+00:00,9716.29198281357
1711040400000,2024-03-21 17:00:00+00:00,9716.29198281357
1711044000000,2024-03-21 18:00:00+00:00,9716.29198281357
1711047600000,2024-03-21 19:00:00+00:00,9716.29198281357
1711051200000,2024-03-21 20:00:00+00:00,9716.29198281357
1711054800000,2024-03-21 21:00:00+00:00,9716.29198281357
1711058400000,2024-03-21 22:00:00+00:00,9716.29198281357
1711062000000,2024-03-21 23:00:00+00:00,9716.29198281357
1711065600000,2024-03-22 00:00:00+00:00,9716.29198281357
1711069200000,2024-03-22 01:00:00+00:00,9722.4139126196
1711072800000,2024-03-22 02:00:00+00:00,9722.4139126196
1711076400000,2024-03-22 03:00:00+00:00,9722.4139126196
1711080000000,2024-03-22 04:00:00+00:00,9722.4139126196
1711083600000,2024-03-22 05:00:00+00:00,9722.4139126196
1711087200000,2024-03-22 06:00:00+00:00,9722.4139126196
1711090800000,2024-03-22 07:00:00+00:00,9722.4139126196
1711094400000,2024-03-22 08:00:00+00:00,9722.4139126196
1711098000000,2024-03-22 09:00:00+00:00,9722.4139126196
1711101600000,2024-03-22 10:00:00+00:00,9722.4139126196
1711105200000,2024-03-22 11:00:00+00:00,9722.4139126196
1711108800000,2024-03-22 12:00:00+00:00,9722.4139126196
1711112400000,2024-03-22 13:00:00+00:00,9655.193272889495
1711116000000,2024-03-22 14:00:00+00:00,9655.193272889495
1711119600000,2024-03-22 15:00:00+00:00,9655.193272889495
1711123200000,2024-03-22 16:00:00+00:00,9655.193272889495
1711126800000,2024-03-22 17:00:00+00:00,9655.193272889495
1711130400000,2024-03-22 18:00:00+00:00,9655.193272889495
1711134000000,2024-03-22 19:00:00+00:00,9655.193272889495
1711137600000,2024-03-22 20:00:00+00:00,9655.193272889495
1711141200000,2024-03-22 21:00:00+00:00,9655.193272889495
1711144800000,2024-03-22 22:00:00+00:00,9655.193272889495
1711148400000,2024-03-22 23:00:00+00:00,9655.193272889495
1711152000000,2024-03-23 00:00:00+00:00,9655.193272889495
1711155600000,2024-03-23 01:00:00+00:00,9655.193272889495
1711159200000,2024-03-23 02:00:00+00:00,9655.193272889495
1711162800000,2024-03-23 03:00:00+00:00,9655.193272889495
1711166400000,2024-03-23 04:00:00+00:00,9655.193272889495
1711170000000,2024-03-23 05:00:00+00:00,9655.193272889495
1711173600000,2024-03-23 06:00:00+00:00,9655.193272889495
1711177200000,2024-03-23 07:00:00+00:00,9655.193272889495
1711180800000,2024-03-23 08:00:00+00:00,9655.193272889495
1711184400000,2024-03-23 09:00:00+00:00,9655.193272889495
1711188000000,2024-03-23 10:00:00+00:00,9655.193272889495
1711191600000,2024-03-23 11:00:00+00:00,9655.193272889495
1711195200000,2024-03-23 12:00:00+00:00,9655.193272889495
1711198800000,2024-03-23 13:00:00+00:00,9655.193272889495
1711202400000,2024-03-23 14:00:00+00:00,9655.193272889495
1711206000000,2024-03-23 15:00:00+00:00,9655.193272889495
1711209600000,2024-03-23 16:00:00+00:00,9655.193272889495
1711213200000,2024-03-23 17:00:00+00:00,9655.193272889495
1711216800000,2024-03-23 18:00:00+00:00,9655.193272889495
1711220400000,2024-03-23 19:00:00+00:00,9655.193272889495
1711224000000,2024-03-23 20:00:00+00:00,9655.193272889495
1711227600000,2024-03-23 21:00:00+00:00,9655.193272889495
1711231200000,2024-03-23 22:00:00+00:00,9655.193272889495
1711234800000,2024-03-23 23:00:00+00:00,9655.193272889495
1711238400000,2024-03-24 00:00:00+00:00,9655.193272889495
1711242000000,2024-03-24 01:00:00+00:00,9655.193272889495
1711245600000,2024-03-24 02:00:00+00:00,9655.193272889495
1711249200000,2024-03-24 03:00:00+00:00,9655.193272889495
1711252800000,2024-03-24 04:00:00+00:00,9655.193272889495
1711256400000,2024-03-24 05:00:00+00:00,9655.193272889495
1711260000000,2024-03-24 06:00:00+00:00,9655.193272889495
1711263600000,2024-03-24 07:00:00+00:00,9655.193272889495
1711267200000,2024-03-24 08:00:00+00:00,9655.193272889495
1711270800000,2024-03-24 09:00:00+00:00,9655.193272889495
1711274400000,2024-03-24 10:00:00+00:00,9655.193272889495
1711278000000,2024-03-24 11:00:00+00:00,9655.193272889495
1711281600000,2024-03-24 12:00:00+00:00,9655.193272889495
1711285200000,2024-03-24 13:00:00+00:00,9655.193272889495
1711288800000,2024-03-24 14:00:00+00:00,9655.193272889495
1711292400000,2024-03-24 15:00:00+00:00,9655.193272889495
1711296000000,2024-03-24 16:00:00+00:00,9655.193272889495
1711299600000,2024-03-24 17:00:00+00:00,9655.193272889495
1711303200000,2024-03-24 18:00:00+00:00,9655.193272889495
1711306800000,2024-03-24 19:00:00+00:00,9655.193272889495
1711310400000,2024-03-24 20:00:00+00:00,9655.193272889495
1711314000000,2024-03-24 21:00:00+00:00,9655.193272889495
1711317600000,2024-03-24 22:00:00+00:00,9655.193272889495
1711321200000,2024-03-24 23:00:00+00:00,9655.193272889495
1711324800000,2024-03-25 00:00:00+00:00,9655.193272889495
1711328400000,2024-03-25 01:00:00+00:00,9655.193272889495
1711332000000,2024-03-25 02:00:00+00:00,9655.193272889495
1711335600000,2024-03-25 03:00:00+00:00,9655.193272889495
1711339200000,2024-03-25 04:00:00+00:00,9655.193272889495
1711342800000,2024-03-25 05:00:00+00:00,9655.193272889495
1711346400000,2024-03-25 06:00:00+00:00,9655.193272889495
1711350000000,2024-03-25 07:00:00+00:00,9655.193272889495
1711353600000,2024-03-25 08:00:00+00:00,9655.193272889495
1711357200000,2024-03-25 09:00:00+00:00,9655.193272889495
1711360800000,2024-03-25 10:00:00+00:00,9655.193272889495
1711364400000,2024-03-25 11:00:00+00:00,9655.193272889495
1711368000000,2024-03-25 12:00:00+00:00,9655.193272889495
1711371600000,2024-03-25 13:00:00+00:00,9655.193272889495
1711375200000,2024-03-25 14:00:00+00:00,9678.168490937749
1711378800000,2024-03-25 15:00:00+00:00,9678.168490937749
1711382400000,2024-03-25 16:00:00+00:00,9678.168490937749
1711386000000,2024-03-25 17:00:00+00:00,9678.168490937749
1711389600000,2024-03-25 18:00:00+00:00,9678.168490937749
1711393200000,2024-03-25 19:00:00+00:00,9678.168490937749
1711396800000,2024-03-25 20:00:00+00:00,9678.168490937749
1711400400000,2024-03-25 21:00:00+00:00,9678.168490937749
1711404000000,2024-03-25 22:00:00+00:00,9678.168490937749
1711407600000,2024-03-25 23:00:00+00:00,9678.168490937749
1711411200000,2024-03-26 00:00:00+00:00,9678.168490937749
1711414800000,2024-03-26 01:00:00+00:00,9678.168490937749
1711418400000,2024-03-26 02:00:00+00:00,9678.168490937749
1711422000000,2024-03-26 03:00:00+00:00,9678.168490937749
1711425600000,2024-03-26 04:00:00+00:00,9678.168490937749
1711429200000,2024-03-26 05:00:00+00:00,9678.168490937749
1711432800000,2024-03-26 06:00:00+00:00,9678.168490937749
1711436400000,2024-03-26 07:00:00+00:00,9678.168490937749
1711440000000,2024-03-26 08:00:00+00:00,9678.168490937749
1711443600000,2024-03-26 09:00:00+00:00,9678.168490937749
1711447200000,2024-03-26 10:00:00+00:00,9678.168490937749
1711450800000,2024-03-26 11:00:00+00:00,9678.168490937749
1711454400000,2024-03-26 12:00:00+00:00,9678.168490937749
1711458000000,2024-03-26 13:00:00+00:00,9678.168490937749
1711461600000,2024-03-26 14:00:00+00:00,9686.228197461813
1711465200000,2024-03-26 15:00:00+00:00,9686.228197461813
1711468800000,2024-03-26 16:00:00+00:00,9686.228197461813
1711472400000,2024-03-26 17:00:00+00:00,9686.228197461813
1711476000000,2024-03-26 18:00:00+00:00,9686.228197461813
1711479600000,2024-03-26 19:00:00+00:00,9686.228197461813
1711483200000,2024-03-26 20:00:00+00:00,9686.228197461813
1711486800000,2024-03-26 21:00:00+00:00,9686.228197461813
1711490400000,2024-03-26 22:00:00+00:00,9686.228197461813
1711494000000,2024-03-26 23:00:00+00:00,9686.228197461813
1711497600000,2024-03-27 00:00:00+00:00,9686.228197461813
1711501200000,2024-03-27 01:00:00+00:00,9686.228197461813
1711504800000,2024-03-27 02:00:00+00:00,9686.228197461813
1711508400000,2024-03-27 03:00:00+00:00,9686.228197461813
1711512000000,2024-03-27 04:00:00+00:00,9686.228197461813
1711515600000,2024-03-27 05:00:00+00:00,9686.228197461813
1711519200000,2024-03-27 06:00:00+00:00,9686.228197461813
1711522800000,2024-03-27 07:00:00+00:00,9686.228197461813
1711526400000,2024-03-27 08:00:00+00:00,9659.460642391168
1711530000000,2024-03-27 09:00:00+00:00,9659.460642391168
1711533600000,2024-03-27 10:00:00+00:00,9659.460642391168
1711537200000,2024-03-27 11:00:00+00:00,9659.460642391168
1711540800000,2024-03-27 12:00:00+00:00,9659.460642391168
1711544400000,2024-03-27 13:00:00+00:00,9659.460642391168
1711548000000,2024-03-27 14:00:00+00:00,9617.887364201368
1711551600000,2024-03-27 15:00:00+00:00,9617.887364201368
1711555200000,2024-03-27 16:00:00+00:00,9617.887364201368
1711558800000,2024-03-27 17:00:00+00:00,9617.887364201368
1711562400000,2024-03-27 18:00:00+00:00,9617.887364201368
1711566000000,2024-03-27 19:00:00+00:00,9617.887364201368
1711569600000,2024-03-27 20:00:00+00:00,9617.887364201368
1711573200000,2024-03-27 21:00:00+00:00,9617.887364201368
1711576800000,2024-03-27 22:00:00+00:00,9617.887364201368
1711580400000,2024-03-27 23:00:00+00:00,9617.887364201368
1711584000000,2024-03-28 00:00:00+00:00,9617.887364201368
1711587600000,2024-03-28 01:00:00+00:00,9617.887364201368
1711591200000,2024-03-28 02:00:00+00:00,9617.887364201368
1711594800000,2024-03-28 03:00:00+00:00,9617.887364201368
1711598400000,2024-03-28 04:00:00+00:00,9617.887364201368
1711602000000,2024-03-28 05:00:00+00:00,9617.887364201368
1711605600000,2024-03-28 06:00:00+00:00,9617.887364201368
1711609200000,2024-03-28 07:00:00+00:00,9617.887364201368
1711612800000,2024-03-28 08:00:00+00:00,9617.887364201368
1711616400000,2024-03-28 09:00:00+00:00,9617.887364201368
1711620000000,2024-03-28 10:00:00+00:00,9617.887364201368
1711623600000,2024-03-28 11:00:00+00:00,9617.887364201368
1711627200000,2024-03-28 12:00:00+00:00,9617.887364201368
1711630800000,2024-03-28 13:00:00+00:00,9617.887364201368
1711634400000,2024-03-28 14:00:00+00:00,9617.887364201368
1711638000000,2024-03-28 15:00:00+00:00,9617.887364201368
1711641600000,2024-03-28 16:00:00+00:00,9617.887364201368
1711645200000,2024-03-28 17:00:00+00:00,9617.887364201368
1711648800000,2024-03-28 18:00:00+00:00,9617.887364201368
1711652400000,2024-03-28 19:00:00+00:00,9617.887364201368
1711656000000,2024-03-28 20:00:00+00:00,9617.887364201368
1711659600000,2024-03-28 21:00:00+00:00,9617.887364201368
1711663200000,2024-03-28 22:00:00+00:00,9617.887364201368
1711666800000,2024-03-28 23:00:00+00:00,9617.887364201368
1711670400000,2024-03-29 00:00:00+00:00,9617.887364201368
1711674000000,2024-03-29 01:00:00+00:00,9617.887364201368
1711677600000,2024-03-29 02:00:00+00:00,9617.887364201368
1711681200000,2024-03-29 03:00:00+00:00,9617.887364201368
1711684800000,2024-03-29 04:00:00+00:00,9617.887364201368
1711688400000,2024-03-29 05:00:00+00:00,9617.887364201368
1711692000000,2024-03-29 06:00:00+00:00,9617.887364201368
1711695600000,2024-03-29 07:00:00+00:00,9617.887364201368
1711699200000,2024-03-29 08:00:00+00:00,9617.887364201368
1711702800000,2024-03-29 09:00:00+00:00,9617.887364201368
1711706400000,2024-03-29 10:00:00+00:00,9617.887364201368
1711710000000,2024-03-29 11:00:00+00:00,9617.887364201368
1711713600000,2024-03-29 12:00:00+00:00,9617.887364201368
1711717200000,2024-03-29 13:00:00+00:00,9617.887364201368
1711720800000,2024-03-29 14:00:00+00:00,9628.700022242961
1711724400000,2024-03-29 15:00:00+00:00,9631.645687722978
1711728000000,2024-03-29 16:00:00+00:00,9631.645687722978
1711731600000,2024-03-29 17:00:00+00:00,9631.645687722978
1711735200000,2024-03-29 18:00:00+00:00,9631.645687722978
1711738800000,2024-03-29 19:00:00+00:00,9631.645687722978
1711742400000,2024-03-29 20:00:00+00:00,9631.645687722978
1711746000000,2024-03-29 21:00:00+00:00,9631.645687722978
1711749600000,2024-03-29 22:00:00+00:00,9631.645687722978
1711753200000,2024-03-29 23:00:00+00:00,9631.645687722978
1711756800000,2024-03-30 00:00:00+00:00,9631.645687722978
1711760400000,2024-03-30 01:00:00+00:00,9631.645687722978
1711764000000,2024-03-30 02:00:00+00:00,9631.645687722978
1711767600000,2024-03-30 03:00:00+00:00,9631.645687722978
1711771200000,2024-03-30 04:00:00+00:00,9642.836632393388
1711774800000,2024-03-30 05:00:00+00:00,9642.836632393388
1711778400000,2024-03-30 06:00:00+00:00,9642.836632393388
1711782000000,2024-03-30 07:00:00+00:00,9642.836632393388
1711785600000,2024-03-30 08:00:00+00:00,9642.836632393388
1711789200000,2024-03-30 09:00:00+00:00,9642.836632393388
1711792800000,2024-03-30 10:00:00+00:00,9642.836632393388
1711796400000,2024-03-30 11:00:00+00:00,9642.836632393388
1711800000000,2024-03-30 12:00:00+00:00,9642.836632393388
1711803600000,2024-03-30 13:00:00+00:00,9642.836632393388
1711807200000,2024-03-30 14:00:00+00:00,9642.836632393388
1711810800000,2024-03-30 15:00:00+00:00,9642.836632393388
1711814400000,2024-03-30 16:00:00+00:00,9642.836632393388
1711818000000,2024-03-30 17:00:00+00:00,9642.836632393388
1711821600000,2024-03-30 18:00:00+00:00,9642.836632393388
1711825200000,2024-03-30 19:00:00+00:00,9642.836632393388
1711828800000,2024-03-30 20:00:00+00:00,9642.836632393388
1711832400000,2024-03-30 21:00:00+00:00,9642.836632393388
1711836000000,2024-03-30 22:00:00+00:00,9642.836632393388
1711839600000,2024-03-30 23:00:00+00:00,9642.836632393388
1711843200000,2024-03-31 00:00:00+00:00,9642.836632393388
1711846800000,2024-03-31 01:00:00+00:00,9642.836632393388
1711850400000,2024-03-31 02:00:00+00:00,9642.836632393388
1711854000000,2024-03-31 03:00:00+00:00,9642.836632393388
1711857600000,2024-03-31 04:00:00+00:00,9642.836632393388
1711861200000,2024-03-31 05:00:00+00:00,9642.836632393388
1711864800000,2024-03-31 06:00:00+00:00,9642.836632393388
1711868400000,2024-03-31 07:00:00+00:00,9642.836632393388
1711872000000,2024-03-31 08:00:00+00:00,9642.836632393388
1711875600000,2024-03-31 09:00:00+00:00,9642.836632393388
1711879200000,2024-03-31 10:00:00+00:00,9642.836632393388
1711882800000,2024-03-31 11:00:00+00:00,9642.836632393388
1711886400000,2024-03-31 12:00:00+00:00,9642.836632393388
1711890000000,2024-03-31 13:00:00+00:00,9642.836632393388
1711893600000,2024-03-31 14:00:00+00:00,9642.836632393388
1711897200000,2024-03-31 15:00:00+00:00,9642.836632393388
1711900800000,2024-03-31 16:00:00+00:00,9642.836632393388
1711904400000,2024-03-31 17:00:00+00:00,9642.836632393388
1711908000000,2024-03-31 18:00:00+00:00,9660.309301504025
1711911600000,2024-03-31 19:00:00+00:00,9660.309301504025
1711915200000,2024-03-31 20:00:00+00:00,9660.309301504025
1711918800000,2024-03-31 21:00:00+00:00,9660.309301504025
1711922400000,2024-03-31 22:00:00+00:00,9660.309301504025
1711926000000,2024-03-31 23:00:00+00:00,9660.309301504025
1711929600000,2024-04-01 00:00:00+00:00,9660.309301504025
1711933200000,2024-04-01 01:00:00+00:00,9660.309301504025
1711936800000,2024-04-01 02:00:00+00:00,9660.309301504025
1711940400000,2024-04-01 03:00:00+00:00,9660.309301504025
1711944000000,2024-04-01 04:00:00+00:00,9660.309301504025
1711947600000,2024-04-01 05:00:00+00:00,9645.584042337
1711951200000,2024-04-01 06:00:00+00:00,9645.584042337
1711954800000,2024-04-01 07:00:00+00:00,9645.584042337
1711958400000,2024-04-01 08:00:00+00:00,9645.584042337
1711962000000,2024-04-01 09:00:00+00:00,9645.584042337
1711965600000,2024-04-01 10:00:00+00:00,9645.584042337
1711969200000,2024-04-01 11:00:00+00:00,9645.584042337
1711972800000,2024-04-01 12:00:00+00:00,9645.584042337
1711976400000,2024-04-01 13:00:00+00:00,9645.584042337
1711980000000,2024-04-01 14:00:00+00:00,9645.584042337
1711983600000,2024-04-01 15:00:00+00:00,9645.584042337
1711987200000,2024-04-01 16:00:00+00:00,9645.584042337
1711990800000,2024-04-01 17:00:00+00:00,9645.584042337
1711994400000,2024-04-01 18:00:00+00:00,9645.584042337
1711998000000,2024-04-01 19:00:00+00:00,9645.584042337
1712001600000,2024-04-01 20:00:00+00:00,9645.584042337
1712005200000,2024-04-01 21:00:00+00:00,9645.584042337
1712008800000,2024-04-01 22:00:00+00:00,9645.584042337
1712012400000,2024-04-01 23:00:00+00:00,9645.584042337
1712016000000,2024-04-02 00:00:00+00:00,9645.584042337
1712019600000,2024-04-02 01:00:00+00:00,9645.584042337
1712023200000,2024-04-02 02:00:00+00:00,9618.498891345169
1712026800000,2024-04-02 03:00:00+00:00,9618.498891345169
1712030400000,2024-04-02 04:00:00+00:00,9618.498891345169
1712034000000,2024-04-02 05:00:00+00:00,9618.498891345169
1712037600000,2024-04-02 06:00:00+00:00,9618.498891345169
1712041200000,2024-04-02 07:00:00+00:00,9618.498891345169
1712044800000,2024-04-02 08:00:00+00:00,9618.498891345169
1712048400000,2024-04-02 09:00:00+00:00,9618.498891345169
1712052000000,2024-04-02 10:00:00+00:00,9618.498891345169
1712055600000,2024-04-02 11:00:00+00:00,9575.319438666962
1712059200000,2024-04-02 12:00:00+00:00,9575.319438666962
1712062800000,2024-04-02 13:00:00+00:00,9549.58602224743
1712066400000,2024-04-02 14:00:00+00:00,9549.58602224743
1712070000000,2024-04-02 15:00:00+00:00,9549.58602224743
1712073600000,2024-04-02 16:00:00+00:00,9549.58602224743
1712077200000,2024-04-02 17:00:00+00:00,9549.58602224743
1712080800000,2024-04-02 18:00:00+00:00,9549.58602224743
1712084400000,2024-04-02 19:00:00+00:00,9549.58602224743
1712088000000,2024-04-02 20:00:00+00:00,9549.58602224743
1712091600000,2024-04-02 21:00:00+00:00,9549.58602224743
1712095200000,2024-04-02 22:00:00+00:00,9549.58602224743
1712098800000,2024-04-02 23:00:00+00:00,9549.58602224743
1712102400000,2024-04-03 00:00:00+00:00,9549.58602224743
1712106000000,2024-04-03 01:00:00+00:00,9549.58602224743
1712109600000,2024-04-03 02:00:00+00:00,9549.58602224743
1712113200000,2024-04-03 03:00:00+00:00,9560.706840767836
1712116800000,2024-04-03 04:00:00+00:00,9560.706840767836
1712120400000,2024-04-03 05:00:00+00:00,9560.706840767836
1712124000000,2024-04-03 06:00:00+00:00,9560.706840767836
1712127600000,2024-04-03 07:00:00+00:00,9560.706840767836
1712131200000,2024-04-03 08:00:00+00:00,9560.706840767836
1712134800000,2024-04-03 09:00:00+00:00,9560.706840767836
1712138400000,2024-04-03 10:00:00+00:00,9560.706840767836
1712142000000,2024-04-03 11:00:00+00:00,9560.706840767836
1712145600000,2024-04-03 12:00:00+00:00,9560.706840767836
1712149200000,2024-04-03 13:00:00+00:00,9560.706840767836
1712152800000,2024-04-03 14:00:00+00:00,9560.706840767836
1712156400000,2024-04-03 15:00:00+00:00,9560.706840767836
1712160000000,2024-04-03 16:00:00+00:00,9560.706840767836
1712163600000,2024-04-03 17:00:00+00:00,9560.706840767836
1712167200000,2024-04-03 18:00:00+00:00,9560.706840767836
1712170800000,2024-04-03 19:00:00+00:00,9560.706840767836
1712174400000,2024-04-03 20:00:00+00:00,9564.612726093206
1712178000000,2024-04-03 21:00:00+00:00,9564.612726093206
1712181600000,2024-04-03 22:00:00+00:00,9564.612726093206
1712185200000,2024-04-03 23:00:00+00:00,9564.612726093206
1712188800000,2024-04-04 00:00:00+00:00,9564.612726093206
1712192400000,2024-04-04 01:00:00+00:00,9564.612726093206
1712196000000,2024-04-04 02:00:00+00:00,9564.612726093206
1712199600000,2024-04-04 03:00:00+00:00,9564.612726093206
1712203200000,2024-04-04 04:00:00+00:00,9564.612726093206
1712206800000,2024-04-04 05:00:00+00:00,9564.612726093206
1712210400000,2024-04-04 06:00:00+00:00,9564.612726093206
1712214000000,2024-04-04 07:00:00+00:00,9564.612726093206
1712217600000,2024-04-04 08:00:00+00:00,9564.612726093206
1712221200000,2024-04-04 09:00:00+00:00,9564.612726093206
1712224800000,2024-04-04 10:00:00+00:00,9564.612726093206
1712228400000,2024-04-04 11:00:00+00:00,9564.612726093206
1712232000000,2024-04-04 12:00:00+00:00,9564.612726093206
1712235600000,2024-04-04 13:00:00+00:00,9564.612726093206
1712239200000,2024-04-04 14:00:00+00:00,9581.570813505557
1712242800000,2024-04-04 15:00:00+00:00,9581.570813505557
1712246400000,2024-04-04 16:00:00+00:00,9581.570813505557
1712250000000,2024-04-04 17:00:00+00:00,9581.570813505557
1712253600000,2024-04-04 18:00:00+00:00,9581.570813505557
1712257200000,2024-04-04 19:00:00+00:00,9581.570813505557
1712260800000,2024-04-04 20:00:00+00:00,9598.094260025768
1712264400000,2024-04-04 21:00:00+00:00,9598.094260025768
1712268000000,2024-04-04 22:00:00+00:00,9598.094260025768
1712271600000,2024-04-04 23:00:00+00:00,9598.094260025768
1712275200000,2024-04-05 00:00:00+00:00,9598.094260025768
1712278800000,2024-04-05 01:00:00+00:00,9598.094260025768
1712282400000,2024-04-05 02:00:00+00:00,9598.094260025768
1712286000000,2024-04-05 03:00:00+00:00,9598.094260025768
1712289600000,2024-04-05 04:00:00+00:00,9598.094260025768
1712293200000,2024-04-05 05:00:00+00:00,9598.094260025768
1712296800000,2024-04-05 06:00:00+00:00,9598.094260025768
1712300400000,2024-04-05 07:00:00+00:00,9598.094260025768
1712304000000,2024-04-05 08:00:00+00:00,9572.900599773508
1712307600000,2024-04-05 09:00:00+00:00,9572.900599773508
1712311200000,2024-04-05 10:00:00+00:00,9572.900599773508
1712314800000,2024-04-05 11:00:00+00:00,9572.900599773508
1712318400000,2024-04-05 12:00:00+00:00,9572.900599773508
1712322000000,2024-04-05 13:00:00+00:00,9572.900599773508
1712325600000,2024-04-05 14:00:00+00:00,9572.900599773508
1712329200000,2024-04-05 15:00:00+00:00,9572.900599773508
1712332800000,2024-04-05 16:00:00+00:00,9572.900599773508
1712336400000,2024-04-05 17:00:00+00:00,9572.900599773508
1712340000000,2024-04-05 18:00:00+00:00,9572.900599773508
1712343600000,2024-04-05 19:00:00+00:00,9572.900599773508
1712347200000,2024-04-05 20:00:00+00:00,9572.900599773508
1712350800000,2024-04-05 21:00:00+00:00,9572.900599773508
1712354400000,2024-04-05 22:00:00+00:00,9572.900599773508
1712358000000,2024-04-05 23:00:00+00:00,9572.900599773508
1712361600000,2024-04-06 00:00:00+00:00,9572.900599773508
1712365200000,2024-04-06 01:00:00+00:00,9572.900599773508
1712368800000,2024-04-06 02:00:00+00:00,9572.900599773508
1712372400000,2024-04-06 03:00:00+00:00,9572.900599773508
1712376000000,2024-04-06 04:00:00+00:00,9572.900599773508
1712379600000,2024-04-06 05:00:00+00:00,9572.900599773508
1712383200000,2024-04-06 06:00:00+00:00,9572.900599773508
1712386800000,2024-04-06 07:00:00+00:00,9572.900599773508
1712390400000,2024-04-06 08:00:00+00:00,9572.900599773508
1712394000000,2024-04-06 09:00:00+00:00,9572.900599773508
1712397600000,2024-04-06 10:00:00+00:00,9572.900599773508
1712401200000,2024-04-06 11:00:00+00:00,9572.900599773508
1712404800000,2024-04-06 12:00:00+00:00,9572.900599773508
1712408400000,2024-04-06 13:00:00+00:00,9572.900599773508
1712412000000,2024-04-06 14:00:00+00:00,9572.900599773508
1712415600000,2024-04-06 15:00:00+00:00,9572.900599773508
1712419200000,2024-04-06 16:00:00+00:00,9572.900599773508
1712422800000,2024-04-06 17:00:00+00:00,9572.900599773508
1712426400000,2024-04-06 18:00:00+00:00,9572.900599773508
1712430000000,2024-04-06 19:00:00+00:00,9572.900599773508
1712433600000,2024-04-06 20:00:00+00:00,9572.900599773508
1712437200000,2024-04-06 21:00:00+00:00,9572.900599773508
1712440800000,2024-04-06 22:00:00+00:00,9572.900599773508
1712444400000,2024-04-06 23:00:00+00:00,9572.900599773508
1712448000000,2024-04-07 00:00:00+00:00,9572.900599773508
1712451600000,2024-04-07 01:00:00+00:00,9584.135545269706
1712455200000,2024-04-07 02:00:00+00:00,9584.135545269706
1712458800000,2024-04-07 03:00:00+00:00,9584.135545269706
1712462400000,2024-04-07 04:00:00+00:00,9584.135545269706
1712466000000,2024-04-07 05:00:00+00:00,9584.135545269706
1712469600000,2024-04-07 06:00:00+00:00,9584.135545269706
1712473200000,2024-04-07 07:00:00+00:00,9584.135545269706
1712476800000,2024-04-07 08:00:00+00:00,9584.135545269706
1712480400000,2024-04-07 09:00:00+00:00,9584.135545269706
1712484000000,2024-04-07 10:00:00+00:00,9584.135545269706
1712487600000,2024-04-07 11:00:00+00:00,9584.135545269706
1712491200000,2024-04-07 12:00:00+00:00,9584.135545269706
1712494800000,2024-04-07 13:00:00+00:00,9584.135545269706
1712498400000,2024-04-07 14:00:00+00:00,9584.135545269706
1712502000000,2024-04-07 15:00:00+00:00,9584.135545269706
1712505600000,2024-04-07 16:00:00+00:00,9584.135545269706
1712509200000,2024-04-07 17:00:00+00:00,9584.135545269706
1712512800000,2024-04-07 18:00:00+00:00,9584.135545269706
1712516400000,2024-04-07 19:00:00+00:00,9584.135545269706
1712520000000,2024-04-07 20:00:00+00:00,9584.135545269706
1712523600000,2024-04-07 21:00:00+00:00,9584.135545269706
1712527200000,2024-04-07 22:00:00+00:00,9584.135545269706
1712530800000,2024-04-07 23:00:00+00:00,9584.135545269706
1712534400000,2024-04-08 00:00:00+00:00,9584.135545269706
1712538000000,2024-04-08 01:00:00+00:00,9584.135545269706
1712541600000,2024-04-08 02:00:00+00:00,9584.135545269706
1712545200000,2024-04-08 03:00:00+00:00,9584.135545269706
1712548800000,2024-04-08 04:00:00+00:00,9584.135545269706
1712552400000,2024-04-08 05:00:00+00:00,9584.135545269706
1712556000000,2024-04-08 06:00:00+00:00,9584.135545269706
1712559600000,2024-04-08 07:00:00+00:00,9584.135545269706
1712563200000,2024-04-08 08:00:00+00:00,9600.281743252062
1712566800000,2024-04-08 09:00:00+00:00,9600.281743252062
1712570400000,2024-04-08 10:00:00+00:00,9600.281743252062
1712574000000,2024-04-08 11:00:00+00:00,9600.281743252062
1712577600000,2024-04-08 12:00:00+00:00,9600.281743252062
1712581200000,2024-04-08 13:00:00+00:00,9600.281743252062
1712584800000,2024-04-08 14:00:00+00:00,9615.735678148783
1712588400000,2024-04-08 15:00:00+00:00,9615.735678148783
1712592000000,2024-04-08 16:00:00+00:00,9615.735678148783
1712595600000,2024-04-08 17:00:00+00:00,9615.735678148783
1712599200000,2024-04-08 18:00:00+00:00,9615.735678148783
1712602800000,2024-04-08 19:00:00+00:00,9615.735678148783
1712606400000,2024-04-08 20:00:00+00:00,9615.735678148783
1712610000000,2024-04-08 21:00:00+00:00,9615.735678148783
1712613600000,2024-04-08 22:00:00+00:00,9615.735678148783
1712617200000,2024-04-08 23:00:00+00:00,9615.735678148783
1712620800000,2024-04-09 00:00:00+00:00,9615.735678148783
1712624400000,2024-04-09 01:00:00+00:00,9615.735678148783
1712628000000,2024-04-09 02:00:00+00:00,9615.735678148783
1712631600000,2024-04-09 03:00:00+00:00,9615.735678148783
1712635200000,2024-04-09 04:00:00+00:00,9615.735678148783
1712638800000,2024-04-09 05:00:00+00:00,9615.735678148783
1712642400000,2024-04-09 06:00:00+00:00,9619.555175397152
1712646000000,2024-04-09 07:00:00+00:00,9575.139782438908
1712649600000,2024-04-09 08:00:00+00:00,9575.139782438908
1712653200000,2024-04-09 09:00:00+00:00,9575.139782438908
1712656800000,2024-04-09 10:00:00+00:00,9575.139782438908
1712660400000,2024-04-09 11:00:00+00:00,9575.139782438908
1712664000000,2024-04-09 12:00:00+00:00,9575.139782438908
1712667600000,2024-04-09 13:00:00+00:00,9575.139782438908
1712671200000,2024-04-09 14:00:00+00:00,9532.562843104257
1712674800000,2024-04-09 15:00:00+00:00,9506.49096492684
1712678400000,2024-04-09 16:00:00+00:00,9506.49096492684
1712682000000,2024-04-09 17:00:00+00:00,9506.49096492684
1712685600000,2024-04-09 18:00:00+00:00,9506.49096492684
1712689200000,2024-04-09 19:00:00+00:00,9506.49096492684
1712692800000,2024-04-09 20:00:00+00:00,9506.49096492684
1712696400000,2024-04-09 21:00:00+00:00,9506.49096492684
1712700000000,2024-04-09 22:00:00+00:00,9506.49096492684
1712703600000,2024-04-09 23:00:00+00:00,9506.49096492684
1712707200000,2024-04-10 00:00:00+00:00,9506.49096492684
1712710800000,2024-04-10 01:00:00+00:00,9506.49096492684
1712714400000,2024-04-10 02:00:00+00:00,9506.49096492684
1712718000000,2024-04-10 03:00:00+00:00,9506.49096492684
1712721600000,2024-04-10 04:00:00+00:00,9506.49096492684
1712725200000,2024-04-10 05:00:00+00:00,9506.49096492684
1712728800000,2024-04-10 06:00:00+00:00,9506.49096492684
1712732400000,2024-04-10 07:00:00+00:00,9506.49096492684
1712736000000,2024-04-10 08:00:00+00:00,9506.49096492684
1712739600000,2024-04-10 09:00:00+00:00,9506.49096492684
1712743200000,2024-04-10 10:00:00+00:00,9506.49096492684
1712746800000,2024-04-10 11:00:00+00:00,9506.49096492684
1712750400000,2024-04-10 12:00:00+00:00,9438.26466163921
1712754000000,2024-04-10 13:00:00+00:00,9438.26466163921
1712757600000,2024-04-10 14:00:00+00:00,9438.26466163921
1712761200000,2024-04-10 15:00:00+00:00,9438.26466163921
1712764800000,2024-04-10 16:00:00+00:00,9438.26466163921
1712768400000,2024-04-10 17:00:00+00:00,9438.26466163921
1712772000000,2024-04-10 18:00:00+00:00,9438.26466163921
1712775600000,2024-04-10 19:00:00+00:00,9438.26466163921
1712779200000,2024-04-10 20:00:00+00:00,9438.26466163921
1712782800000,2024-04-10 21:00:00+00:00,9438.26466163921
1712786400000,2024-04-10 22:00:00+00:00,9438.26466163921
1712790000000,2024-04-10 23:00:00+00:00,9438.26466163921
1712793600000,2024-04-11 00:00:00+00:00,9438.26466163921
1712797200000,2024-04-11 01:00:00+00:00,9438.26466163921
1712800800000,2024-04-11 02:00:00+00:00,9438.26466163921
1712804400000,2024-04-11 03:00:00+00:00,9438.26466163921
1712808000000,2024-04-11 04:00:00+00:00,9438.26466163921
1712811600000,2024-04-11 05:00:00+00:00,9438.26466163921
1712815200000,2024-04-11 06:00:00+00:00,9438.26466163921
1712818800000,2024-04-11 07:00:00+00:00,9438.26466163921
1712822400000,2024-04-11 08:00:00+00:00,9438.26466163921
1712826000000,2024-04-11 09:00:00+00:00,9438.26466163921
1712829600000,2024-04-11 10:00:00+00:00,9438.26466163921
1712833200000,2024-04-11 11:00:00+00:00,9438.26466163921
1712836800000,2024-04-11 12:00:00+00:00,9438.26466163921
1712840400000,2024-04-11 13:00:00+00:00,9438.26466163921
1712844000000,2024-04-11 14:00:00+00:00,9438.26466163921
1712847600000,2024-04-11 15:00:00+00:00,9438.26466163921
1712851200000,2024-04-11 16:00:00+00:00,9438.26466163921
1712854800000,2024-04-11 17:00:00+00:00,9438.26466163921
1712858400000,2024-04-11 18:00:00+00:00,9438.26466163921
1712862000000,2024-04-11 19:00:00+00:00,9438.26466163921
1712865600000,2024-04-11 20:00:00+00:00,9438.26466163921
1712869200000,2024-04-11 21:00:00+00:00,9438.26466163921
1712872800000,2024-04-11 22:00:00+00:00,9438.26466163921
1712876400000,2024-04-11 23:00:00+00:00,9438.26466163921
1712880000000,2024-04-12 00:00:00+00:00,9438.26466163921
1712883600000,2024-04-12 01:00:00+00:00,9438.26466163921
1712887200000,2024-04-12 02:00:00+00:00,9438.26466163921
1712890800000,2024-04-12 03:00:00+00:00,9438.26466163921
1712894400000,2024-04-12 04:00:00+00:00,9438.26466163921
1712898000000,2024-04-12 05:00:00+00:00,9438.26466163921
1712901600000,2024-04-12 06:00:00+00:00,9438.26466163921
1712905200000,2024-04-12 07:00:00+00:00,9438.26466163921
1712908800000,2024-04-12 08:00:00+00:00,9438.26466163921
1712912400000,2024-04-12 09:00:00+00:00,9438.26466163921
1712916000000,2024-04-12 10:00:00+00:00,9438.26466163921
1712919600000,2024-04-12 11:00:00+00:00,9438.26466163921
1712923200000,2024-04-12 12:00:00+00:00,9438.26466163921
1712926800000,2024-04-12 13:00:00+00:00,9438.26466163921
1712930400000,2024-04-12 14:00:00+00:00,9438.26466163921
1712934000000,2024-04-12 15:00:00+00:00,9438.26466163921
1712937600000,2024-04-12 16:00:00+00:00,9438.26466163921
1712941200000,2024-04-12 17:00:00+00:00,9370.67328574588
1712944800000,2024-04-12 18:00:00+00:00,9370.67328574588
1712948400000,2024-04-12 19:00:00+00:00,9370.67328574588
1712952000000,2024-04-12 20:00:00+00:00,9370.67328574588
1712955600000,2024-04-12 21:00:00+00:00,9370.67328574588
1712959200000,2024-04-12 22:00:00+00:00,9370.67328574588
1712962800000,2024-04-12 23:00:00+00:00,9370.67328574588
1712966400000,2024-04-13 00:00:00+00:00,9370.67328574588
1712970000000,2024-04-13 01:00:00+00:00,9370.67328574588
1712973600000,2024-04-13 02:00:00+00:00,9370.67328574588
1712977200000,2024-04-13 03:00:00+00:00,9370.67328574588
1712980800000,2024-04-13 04:00:00+00:00,9370.67328574588
1712984400000,2024-04-13 05:00:00+00:00,9370.67328574588
1712988000000,2024-04-13 06:00:00+00:00,9370.67328574588
1712991600000,2024-04-13 07:00:00+00:00,9370.67328574588
1712995200000,2024-04-13 08:00:00+00:00,9370.67328574588
1712998800000,2024-04-13 09:00:00+00:00,9370.67328574588
1713002400000,2024-04-13 10:00:00+00:00,9370.67328574588
1713006000000,2024-04-13 11:00:00+00:00,9370.67328574588
1713009600000,2024-04-13 12:00:00+00:00,9370.67328574588
1713013200000,2024-04-13 13:00:00+00:00,9370.67328574588
1713016800000,2024-04-13 14:00:00+00:00,9370.67328574588
1713020400000,2024-04-13 15:00:00+00:00,9370.67328574588
1713024000000,2024-04-13 16:00:00+00:00,9370.67328574588
1713027600000,2024-04-13 17:00:00+00:00,9370.67328574588
1713031200000,2024-04-13 18:00:00+00:00,9370.67328574588
1713034800000,2024-04-13 19:00:00+00:00,9330.464797409446
1713038400000,2024-04-13 20:00:00+00:00,9330.464797409446
1713042000000,2024-04-13 21:00:00+00:00,9330.464797409446
1713045600000,2024-04-13 22:00:00+00:00,9330.464797409446
1713049200000,2024-04-13 23:00:00+00:00,9330.464797409446
1713052800000,2024-04-14 00:00:00+00:00,9330.464797409446
1713056400000,2024-04-14 01:00:00+00:00,9330.464797409446
1713060000000,2024-04-14 02:00:00+00:00,9330.464797409446
1713063600000,2024-04-14 03:00:00+00:00,9330.464797409446
1713067200000,2024-04-14 04:00:00+00:00,9330.464797409446
1713070800000,2024-04-14 05:00:00+00:00,9330.464797409446
1713074400000,2024-04-14 06:00:00+00:00,9330.464797409446
1713078000000,2024-04-14 07:00:00+00:00,9330.464797409446
1713081600000,2024-04-14 08:00:00+00:00,9330.464797409446
1713085200000,2024-04-14 09:00:00+00:00,9330.464797409446
1713088800000,2024-04-14 10:00:00+00:00,9330.464797409446
1713092400000,2024-04-14 11:00:00+00:00,9330.464797409446
1713096000000,2024-04-14 12:00:00+00:00,9330.464797409446
1713099600000,2024-04-14 13:00:00+00:00,9330.464797409446
1713103200000,2024-04-14 14:00:00+00:00,9330.464797409446
1713106800000,2024-04-14 15:00:00+00:00,9330.464797409446
1713110400000,2024-04-14 16:00:00+00:00,9330.464797409446
1713114000000,2024-04-14 17:00:00+00:00,9330.464797409446
1713117600000,2024-04-14 18:00:00+00:00,9330.464797409446
1713121200000,2024-04-14 19:00:00+00:00,9330.464797409446
1713124800000,2024-04-14 20:00:00+00:00,9330.464797409446
1713128400000,2024-04-14 21:00:00+00:00,9330.464797409446
1713132000000,2024-04-14 22:00:00+00:00,9330.464797409446
1713135600000,2024-04-14 23:00:00+00:00,9330.464797409446
1713139200000,2024-04-15 00:00:00+00:00,9330.464797409446
1713142800000,2024-04-15 01:00:00+00:00,9330.464797409446
1713146400000,2024-04-15 02:00:00+00:00,9330.464797409446
1713150000000,2024-04-15 03:00:00+00:00,9330.464797409446
1713153600000,2024-04-15 04:00:00+00:00,9330.464797409446
1713157200000,2024-04-15 05:00:00+00:00,9330.464797409446
1713160800000,2024-04-15 06:00:00+00:00,9330.464797409446
1713164400000,2024-04-15 07:00:00+00:00,9330.464797409446
1713168000000,2024-04-15 08:00:00+00:00,9330.464797409446
1713171600000,2024-04-15 09:00:00+00:00,9330.464797409446
1713175200000,2024-04-15 10:00:00+00:00,9330.464797409446
1713178800000,2024-04-15 11:00:00+00:00,9330.464797409446
1713182400000,2024-04-15 12:00:00+00:00,9330.464797409446
1713186000000,2024-04-15 13:00:00+00:00,9330.464797409446
1713189600000,2024-04-15 14:00:00+00:00,9330.464797409446
1713193200000,2024-04-15 15:00:00+00:00,9330.464797409446
1713196800000,2024-04-15 16:00:00+00:00,9330.464797409446
1713200400000,2024-04-15 17:00:00+00:00,9330.464797409446
1713204000000,2024-04-15 18:00:00+00:00,9330.464797409446
1713207600000,2024-04-15 19:00:00+00:00,9330.464797409446
1713211200000,2024-04-15 20:00:00+00:00,9330.464797409446
1713214800000,2024-04-15 21:00:00+00:00,9330.464797409446
1713218400000,2024-04-15 22:00:00+00:00,9330.464797409446
1713222000000,2024-04-15 23:00:00+00:00,9330.464797409446
1713225600000,2024-04-16 00:00:00+00:00,9330.464797409446
1713229200000,2024-04-16 01:00:00+00:00,9330.464797409446
1713232800000,2024-04-16 02:00:00+00:00,9330.464797409446
1713236400000,2024-04-16 03:00:00+00:00,9330.464797409446
1713240000000,2024-04-16 04:00:00+00:00,9330.464797409446
1713243600000,2024-04-16 05:00:00+00:00,9330.464797409446
1713247200000,2024-04-16 06:00:00+00:00,9330.464797409446
1713250800000,2024-04-16 07:00:00+00:00,9330.464797409446
1713254400000,2024-04-16 08:00:00+00:00,9330.464797409446
1713258000000,2024-04-16 09:00:00+00:00,9330.464797409446
1713261600000,2024-04-16 10:00:00+00:00,9330.464797409446
1713265200000,2024-04-16 11:00:00+00:00,9330.464797409446
1713268800000,2024-04-16 12:00:00+00:00,9330.464797409446
1713272400000,2024-04-16 13:00:00+00:00,9330.464797409446
1713276000000,2024-04-16 14:00:00+00:00,9330.464797409446
1713279600000,2024-04-16 15:00:00+00:00,9330.464797409446
1713283200000,2024-04-16 16:00:00+00:00,9330.464797409446
1713286800000,2024-04-16 17:00:00+00:00,9330.464797409446
1713290400000,2024-04-16 18:00:00+00:00,9330.464797409446
1713294000000,2024-04-16 19:00:00+00:00,9330.464797409446
1713297600000,2024-04-16 20:00:00+00:00,9330.464797409446
1713301200000,2024-04-16 21:00:00+00:00,9330.464797409446
1713304800000,2024-04-16 22:00:00+00:00,9330.464797409446
1713308400000,2024-04-16 23:00:00+00:00,9330.464797409446
1713312000000,2024-04-17 00:00:00+00:00,9330.464797409446
1713315600000,2024-04-17 01:00:00+00:00,9330.464797409446
1713319200000,2024-04-17 02:00:00+00:00,9330.464797409446
1713322800000,2024-04-17 03:00:00+00:00,9330.464797409446
1713326400000,2024-04-17 04:00:00+00:00,9330.464797409446
1713330000000,2024-04-17 05:00:00+00:00,9330.464797409446
1713333600000,2024-04-17 06:00:00+00:00,9330.464797409446
1713337200000,2024-04-17 07:00:00+00:00,9330.464797409446
1713340800000,2024-04-17 08:00:00+00:00,9330.464797409446
1713344400000,2024-04-17 09:00:00+00:00,9330.464797409446
1713348000000,2024-04-17 10:00:00+00:00,9330.464797409446
1713351600000,2024-04-17 11:00:00+00:00,9330.464797409446
1713355200000,2024-04-17 12:00:00+00:00,9330.464797409446
1713358800000,2024-04-17 13:00:00+00:00,9330.464797409446
1713362400000,2024-04-17 14:00:00+00:00,9330.464797409446
1713366000000,2024-04-17 15:00:00+00:00,9330.464797409446
1713369600000,2024-04-17 16:00:00+00:00,9330.464797409446
1713373200000,2024-04-17 17:00:00+00:00,9330.464797409446
1713376800000,2024-04-17 18:00:00+00:00,9330.464797409446
1713380400000,2024-04-17 19:00:00+00:00,9330.464797409446
1713384000000,2024-04-17 20:00:00+00:00,9330.464797409446
1713387600000,2024-04-17 21:00:00+00:00,9330.464797409446
1713391200000,2024-04-17 22:00:00+00:00,9330.464797409446
1713394800000,2024-04-17 23:00:00+00:00,9330.464797409446
1713398400000,2024-04-18 00:00:00+00:00,9330.464797409446
1713402000000,2024-04-18 01:00:00+00:00,9330.464797409446
1713405600000,2024-04-18 02:00:00+00:00,9330.464797409446
1713409200000,2024-04-18 03:00:00+00:00,9330.464797409446
1713412800000,2024-04-18 04:00:00+00:00,9330.464797409446
1713416400000,2024-04-18 05:00:00+00:00,9330.464797409446
1713420000000,2024-04-18 06:00:00+00:00,9330.464797409446
1713423600000,2024-04-18 07:00:00+00:00,9330.464797409446
1713427200000,2024-04-18 08:00:00+00:00,9330.464797409446
1713430800000,2024-04-18 09:00:00+00:00,9330.464797409446
1713434400000,2024-04-18 10:00:00+00:00,9330.464797409446
1713438000000,2024-04-18 11:00:00+00:00,9330.464797409446
1713441600000,2024-04-18 12:00:00+00:00,9330.464797409446
1713445200000,2024-04-18 13:00:00+00:00,9330.464797409446
1713448800000,2024-04-18 14:00:00+00:00,9330.464797409446
1713452400000,2024-04-18 15:00:00+00:00,9330.464797409446
1713456000000,2024-04-18 16:00:00+00:00,9330.464797409446
1713459600000,2024-04-18 17:00:00+00:00,9330.464797409446
1713463200000,2024-04-18 18:00:00+00:00,9330.464797409446
1713466800000,2024-04-18 19:00:00+00:00,9330.464797409446
1713470400000,2024-04-18 20:00:00+00:00,9330.464797409446
1713474000000,2024-04-18 21:00:00+00:00,9330.464797409446
1713477600000,2024-04-18 22:00:00+00:00,9330.464797409446
1713481200000,2024-04-18 23:00:00+00:00,9330.464797409446
1713484800000,2024-04-19 00:00:00+00:00,9330.464797409446
1713488400000,2024-04-19 01:00:00+00:00,9330.464797409446
1713492000000,2024-04-19 02:00:00+00:00,9330.464797409446
1713495600000,2024-04-19 03:00:00+00:00,9330.464797409446
1713499200000,2024-04-19 04:00:00+00:00,9330.464797409446
1713502800000,2024-04-19 05:00:00+00:00,9330.464797409446
1713506400000,2024-04-19 06:00:00+00:00,9330.464797409446
1713510000000,2024-04-19 07:00:00+00:00,9330.464797409446
1713513600000,2024-04-19 08:00:00+00:00,9330.464797409446
1713517200000,2024-04-19 09:00:00+00:00,9330.464797409446
1713520800000,2024-04-19 10:00:00+00:00,9330.464797409446
1713524400000,2024-04-19 11:00:00+00:00,9330.464797409446
1713528000000,2024-04-19 12:00:00+00:00,9330.464797409446
1713531600000,2024-04-19 13:00:00+00:00,9330.464797409446
1713535200000,2024-04-19 14:00:00+00:00,9330.464797409446
1713538800000,2024-04-19 15:00:00+00:00,9330.464797409446
1713542400000,2024-04-19 16:00:00+00:00,9330.464797409446
1713546000000,2024-04-19 17:00:00+00:00,9330.464797409446
1713549600000,2024-04-19 18:00:00+00:00,9330.464797409446
1713553200000,2024-04-19 19:00:00+00:00,9330.464797409446
1713556800000,2024-04-19 20:00:00+00:00,9330.464797409446
1713560400000,2024-04-19 21:00:00+00:00,9330.464797409446
1713564000000,2024-04-19 22:00:00+00:00,9330.464797409446
1713567600000,2024-04-19 23:00:00+00:00,9330.464797409446
1713571200000,2024-04-20 00:00:00+00:00,9330.464797409446
1713574800000,2024-04-20 01:00:00+00:00,9330.464797409446
1713578400000,2024-04-20 02:00:00+00:00,9330.464797409446
1713582000000,2024-04-20 03:00:00+00:00,9330.464797409446
1713585600000,2024-04-20 04:00:00+00:00,9330.464797409446
1713589200000,2024-04-20 05:00:00+00:00,9330.464797409446
1713592800000,2024-04-20 06:00:00+00:00,9330.464797409446
1713596400000,2024-04-20 07:00:00+00:00,9330.464797409446
1713600000000,2024-04-20 08:00:00+00:00,9330.464797409446
1713603600000,2024-04-20 09:00:00+00:00,9330.464797409446
1713607200000,2024-04-20 10:00:00+00:00,9330.464797409446
1713610800000,2024-04-20 11:00:00+00:00,9330.464797409446
1713614400000,2024-04-20 12:00:00+00:00,9330.464797409446
1713618000000,2024-04-20 13:00:00+00:00,9330.464797409446
1713621600000,2024-04-20 14:00:00+00:00,9330.464797409446
1713625200000,2024-04-20 15:00:00+00:00,9330.464797409446
1713628800000,2024-04-20 16:00:00+00:00,9330.464797409446
1713632400000,2024-04-20 17:00:00+00:00,9330.464797409446
1713636000000,2024-04-20 18:00:00+00:00,9330.464797409446
1713639600000,2024-04-20 19:00:00+00:00,9330.464797409446
1713643200000,2024-04-20 20:00:00+00:00,9330.464797409446
1713646800000,2024-04-20 21:00:00+00:00,9330.464797409446
1713650400000,2024-04-20 22:00:00+00:00,9330.464797409446
1713654000000,2024-04-20 23:00:00+00:00,9330.464797409446
1713657600000,2024-04-21 00:00:00+00:00,9330.464797409446
1713661200000,2024-04-21 01:00:00+00:00,9330.464797409446
1713664800000,2024-04-21 02:00:00+00:00,9330.464797409446
1713668400000,2024-04-21 03:00:00+00:00,9330.464797409446
1713672000000,2024-04-21 04:00:00+00:00,9330.464797409446
1713675600000,2024-04-21 05:00:00+00:00,9330.464797409446
1713679200000,2024-04-21 06:00:00+00:00,9330.464797409446
1713682800000,2024-04-21 07:00:00+00:00,9330.464797409446
1713686400000,2024-04-21 08:00:00+00:00,9330.464797409446
1713690000000,2024-04-21 09:00:00+00:00,9330.464797409446
1713693600000,2024-04-21 10:00:00+00:00,9330.464797409446
1713697200000,2024-04-21 11:00:00+00:00,9330.464797409446
1713700800000,2024-04-21 12:00:00+00:00,9330.464797409446
1713704400000,2024-04-21 13:00:00+00:00,9330.464797409446
1713708000000,2024-04-21 14:00:00+00:00,9330.464797409446
1713711600000,2024-04-21 15:00:00+00:00,9330.464797409446
1713715200000,2024-04-21 16:00:00+00:00,9330.464797409446
1713718800000,2024-04-21 17:00:00+00:00,9330.464797409446
1713722400000,2024-04-21 18:00:00+00:00,9330.464797409446
1713726000000,2024-04-21 19:00:00+00:00,9330.464797409446
1713729600000,2024-04-21 20:00:00+00:00,9330.464797409446
1713733200000,2024-04-21 21:00:00+00:00,9330.464797409446
1713736800000,2024-04-21 22:00:00+00:00,9330.464797409446
1713740400000,2024-04-21 23:00:00+00:00,9330.464797409446
1713744000000,2024-04-22 00:00:00+00:00,9330.464797409446
1713747600000,2024-04-22 01:00:00+00:00,9330.464797409446
1713751200000,2024-04-22 02:00:00+00:00,9330.464797409446
1713754800000,2024-04-22 03:00:00+00:00,9330.464797409446
1713758400000,2024-04-22 04:00:00+00:00,9304.572972700882
1713762000000,2024-04-22 05:00:00+00:00,9304.572972700882
1713765600000,2024-04-22 06:00:00+00:00,9304.572972700882
1713769200000,2024-04-22 07:00:00+00:00,9304.572972700882
1713772800000,2024-04-22 08:00:00+00:00,9304.572972700882
1713776400000,2024-04-22 09:00:00+00:00,9304.572972700882
1713780000000,2024-04-22 10:00:00+00:00,9304.572972700882
1713783600000,2024-04-22 11:00:00+00:00,9304.572972700882
1713787200000,2024-04-22 12:00:00+00:00,9304.572972700882
1713790800000,2024-04-22 13:00:00+00:00,9304.572972700882
1713794400000,2024-04-22 14:00:00+00:00,9304.572972700882
1713798000000,2024-04-22 15:00:00+00:00,9304.572972700882
1713801600000,2024-04-22 16:00:00+00:00,9278.670714974005
1713805200000,2024-04-22 17:00:00+00:00,9278.670714974005
1713808800000,2024-04-22 18:00:00+00:00,9278.670714974005
1713812400000,2024-04-22 19:00:00+00:00,9278.670714974005
1713816000000,2024-04-22 20:00:00+00:00,9278.670714974005
1713819600000,2024-04-22 21:00:00+00:00,9278.670714974005
1713823200000,2024-04-22 22:00:00+00:00,9278.670714974005
1713826800000,2024-04-22 23:00:00+00:00,9278.670714974005
1713830400000,2024-04-23 00:00:00+00:00,9278.670714974005
1713834000000,2024-04-23 01:00:00+00:00,9278.670714974005
1713837600000,2024-04-23 02:00:00+00:00,9278.670714974005
1713841200000,2024-04-23 03:00:00+00:00,9278.670714974005
1713844800000,2024-04-23 04:00:00+00:00,9278.670714974005
1713848400000,2024-04-23 05:00:00+00:00,9278.670714974005
1713852000000,2024-04-23 06:00:00+00:00,9278.670714974005
1713855600000,2024-04-23 07:00:00+00:00,9278.670714974005
1713859200000,2024-04-23 08:00:00+00:00,9278.670714974005
1713862800000,2024-04-23 09:00:00+00:00,9278.670714974005
1713866400000,2024-04-23 10:00:00+00:00,9278.670714974005
1713870000000,2024-04-23 11:00:00+00:00,9278.670714974005
1713873600000,2024-04-23 12:00:00+00:00,9278.670714974005
1713877200000,2024-04-23 13:00:00+00:00,9278.670714974005
1713880800000,2024-04-23 14:00:00+00:00,9278.670714974005
1713884400000,2024-04-23 15:00:00+00:00,9278.670714974005
1713888000000,2024-04-23 16:00:00+00:00,9278.670714974005
1713891600000,2024-04-23 17:00:00+00:00,9278.670714974005
1713895200000,2024-04-23 18:00:00+00:00,9278.670714974005
1713898800000,2024-04-23 19:00:00+00:00,9278.670714974005
1713902400000,2024-04-23 20:00:00+00:00,9278.670714974005
1713906000000,2024-04-23 21:00:00+00:00,9278.670714974005
1713909600000,2024-04-23 22:00:00+00:00,9278.670714974005
1713913200000,2024-04-23 23:00:00+00:00,9278.670714974005
1713916800000,2024-04-24 00:00:00+00:00,9278.670714974005
1713920400000,2024-04-24 01:00:00+00:00,9278.670714974005
1713924000000,2024-04-24 02:00:00+00:00,9278.670714974005
1713927600000,2024-04-24 03:00:00+00:00,9278.670714974005
1713931200000,2024-04-24 04:00:00+00:00,9278.670714974005
1713934800000,2024-04-24 05:00:00+00:00,9278.670714974005
1713938400000,2024-04-24 06:00:00+00:00,9278.670714974005
1713942000000,2024-04-24 07:00:00+00:00,9278.670714974005
1713945600000,2024-04-24 08:00:00+00:00,9278.670714974005
1713949200000,2024-04-24 09:00:00+00:00,9278.670714974005
1713952800000,2024-04-24 10:00:00+00:00,9278.670714974005
1713956400000,2024-04-24 11:00:00+00:00,9278.670714974005
1713960000000,2024-04-24 12:00:00+00:00,9278.670714974005
1713963600000,2024-04-24 13:00:00+00:00,9278.670714974005
1713967200000,2024-04-24 14:00:00+00:00,9245.705513970875
1713970800000,2024-04-24 15:00:00+00:00,9245.705513970875
1713974400000,2024-04-24 16:00:00+00:00,9245.705513970875
1713978000000,2024-04-24 17:00:00+00:00,9245.705513970875
1713981600000,2024-04-24 18:00:00+00:00,9245.705513970875
1713985200000,2024-04-24 19:00:00+00:00,9245.705513970875
1713988800000,2024-04-24 20:00:00+00:00,9245.705513970875
1713992400000,2024-04-24 21:00:00+00:00,9245.705513970875
1713996000000,2024-04-24 22:00:00+00:00,9245.705513970875
1713999600000,2024-04-24 23:00:00+00:00,9245.705513970875
1714003200000,2024-04-25 00:00:00+00:00,9245.705513970875
1714006800000,2024-04-25 01:00:00+00:00,9245.705513970875
1714010400000,2024-04-25 02:00:00+00:00,9245.705513970875
1714014000000,2024-04-25 03:00:00+00:00,9245.705513970875
1714017600000,2024-04-25 04:00:00+00:00,9245.705513970875
1714021200000,2024-04-25 05:00:00+00:00,9245.705513970875
1714024800000,2024-04-25 06:00:00+00:00,9245.705513970875
1714028400000,2024-04-25 07:00:00+00:00,9245.705513970875
1714032000000,2024-04-25 08:00:00+00:00,9245.705513970875
1714035600000,2024-04-25 09:00:00+00:00,9245.705513970875
1714039200000,2024-04-25 10:00:00+00:00,9245.705513970875
1714042800000,2024-04-25 11:00:00+00:00,9245.705513970875
1714046400000,2024-04-25 12:00:00+00:00,9245.705513970875
1714050000000,2024-04-25 13:00:00+00:00,9245.705513970875
1714053600000,2024-04-25 14:00:00+00:00,9245.705513970875
1714057200000,2024-04-25 15:00:00+00:00,9245.705513970875
1714060800000,2024-04-25 16:00:00+00:00,9245.705513970875
1714064400000,2024-04-25 17:00:00+00:00,9257.52232265082
1714068000000,2024-04-25 18:00:00+00:00,9257.52232265082
1714071600000,2024-04-25 19:00:00+00:00,9257.52232265082
1714075200000,2024-04-25 20:00:00+00:00,9257.52232265082
1714078800000,2024-04-25 21:00:00+00:00,9257.52232265082
1714082400000,2024-04-25 22:00:00+00:00,9257.52232265082
1714086000000,2024-04-25 23:00:00+00:00,9257.52232265082
1714089600000,2024-04-26 00:00:00+00:00,9257.52232265082
1714093200000,2024-04-26 01:00:00+00:00,9257.52232265082
1714096800000,2024-04-26 02:00:00+00:00,9257.52232265082
1714100400000,2024-04-26 03:00:00+00:00,9257.52232265082
1714104000000,2024-04-26 04:00:00+00:00,9257.52232265082
1714107600000,2024-04-26 05:00:00+00:00,9257.52232265082
1714111200000,2024-04-26 06:00:00+00:00,9257.52232265082
1714114800000,2024-04-26 07:00:00+00:00,9257.52232265082
1714118400000,2024-04-26 08:00:00+00:00,9257.52232265082
1714122000000,2024-04-26 09:00:00+00:00,9257.52232265082
1714125600000,2024-04-26 10:00:00+00:00,9257.52232265082
1714129200000,2024-04-26 11:00:00+00:00,9257.52232265082
1714132800000,2024-04-26 12:00:00+00:00,9257.52232265082
1714136400000,2024-04-26 13:00:00+00:00,9257.52232265082
1714140000000,2024-04-26 14:00:00+00:00,9257.52232265082
1714143600000,2024-04-26 15:00:00+00:00,9257.52232265082
1714147200000,2024-04-26 16:00:00+00:00,9257.52232265082
1714150800000,2024-04-26 17:00:00+00:00,9257.52232265082
1714154400000,2024-04-26 18:00:00+00:00,9257.52232265082
1714158000000,2024-04-26 19:00:00+00:00,9257.52232265082
1714161600000,2024-04-26 20:00:00+00:00,9257.52232265082
1714165200000,2024-04-26 21:00:00+00:00,9257.52232265082
1714168800000,2024-04-26 22:00:00+00:00,9257.52232265082
1714172400000,2024-04-26 23:00:00+00:00,9257.52232265082
1714176000000,2024-04-27 00:00:00+00:00,9257.52232265082
1714179600000,2024-04-27 01:00:00+00:00,9257.52232265082
1714183200000,2024-04-27 02:00:00+00:00,9257.52232265082
1714186800000,2024-04-27 03:00:00+00:00,9257.52232265082
1714190400000,2024-04-27 04:00:00+00:00,9257.52232265082
1714194000000,2024-04-27 05:00:00+00:00,9257.52232265082
1714197600000,2024-04-27 06:00:00+00:00,9257.52232265082
1714201200000,2024-04-27 07:00:00+00:00,9257.52232265082
1714204800000,2024-04-27 08:00:00+00:00,9257.52232265082
1714208400000,2024-04-27 09:00:00+00:00,9257.52232265082
1714212000000,2024-04-27 10:00:00+00:00,9257.52232265082
1714215600000,2024-04-27 11:00:00+00:00,9257.52232265082
1714219200000,2024-04-27 12:00:00+00:00,9257.52232265082
1714222800000,2024-04-27 13:00:00+00:00,9257.52232265082
1714226400000,2024-04-27 14:00:00+00:00,9257.52232265082
1714230000000,2024-04-27 15:00:00+00:00,9257.52232265082
1714233600000,2024-04-27 16:00:00+00:00,9257.52232265082
1714237200000,2024-04-27 17:00:00+00:00,9257.52232265082
1714240800000,2024-04-27 18:00:00+00:00,9257.52232265082
1714244400000,2024-04-27 19:00:00+00:00,9257.52232265082
1714248000000,2024-04-27 20:00:00+00:00,9257.52232265082
1714251600000,2024-04-27 21:00:00+00:00,9257.52232265082
1714255200000,2024-04-27 22:00:00+00:00,9257.52232265082
1714258800000,2024-04-27 23:00:00+00:00,9257.52232265082
1714262400000,2024-04-28 00:00:00+00:00,9257.52232265082
1714266000000,2024-04-28 01:00:00+00:00,9257.52232265082
1714269600000,2024-04-28 02:00:00+00:00,9257.52232265082
1714273200000,2024-04-28 03:00:00+00:00,9257.52232265082
1714276800000,2024-04-28 04:00:00+00:00,9257.52232265082
1714280400000,2024-04-28 05:00:00+00:00,9257.52232265082
1714284000000,2024-04-28 06:00:00+00:00,9257.52232265082
1714287600000,2024-04-28 07:00:00+00:00,9257.52232265082
1714291200000,2024-04-28 08:00:00+00:00,9257.52232265082
1714294800000,2024-04-28 09:00:00+00:00,9257.52232265082
1714298400000,2024-04-28 10:00:00+00:00,9257.52232265082
1714302000000,2024-04-28 11:00:00+00:00,9257.52232265082
1714305600000,2024-04-28 12:00:00+00:00,9257.52232265082
1714309200000,2024-04-28 13:00:00+00:00,9257.52232265082
1714312800000,2024-04-28 14:00:00+00:00,9257.52232265082
1714316400000,2024-04-28 15:00:00+00:00,9257.52232265082
1714320000000,2024-04-28 16:00:00+00:00,9257.52232265082
1714323600000,2024-04-28 17:00:00+00:00,9257.52232265082
1714327200000,2024-04-28 18:00:00+00:00,9257.52232265082
1714330800000,2024-04-28 19:00:00+00:00,9257.52232265082
1714334400000,2024-04-28 20:00:00+00:00,9257.52232265082
1714338000000,2024-04-28 21:00:00+00:00,9257.52232265082
1714341600000,2024-04-28 22:00:00+00:00,9257.52232265082
1714345200000,2024-04-28 23:00:00+00:00,9257.52232265082
1714348800000,2024-04-29 00:00:00+00:00,9257.52232265082
1714352400000,2024-04-29 01:00:00+00:00,9257.52232265082
1714356000000,2024-04-29 02:00:00+00:00,9257.52232265082
1714359600000,2024-04-29 03:00:00+00:00,9257.52232265082
1714363200000,2024-04-29 04:00:00+00:00,9268.058014359902
1714366800000,2024-04-29 05:00:00+00:00,9268.058014359902
1714370400000,2024-04-29 06:00:00+00:00,9268.058014359902
1714374000000,2024-04-29 07:00:00+00:00,9268.058014359902
1714377600000,2024-04-29 08:00:00+00:00,9268.058014359902
1714381200000,2024-04-29 09:00:00+00:00,9268.058014359902
1714384800000,2024-04-29 10:00:00+00:00,9268.058014359902
1714388400000,2024-04-29 11:00:00+00:00,9268.058014359902
1714392000000,2024-04-29 12:00:00+00:00,9268.058014359902
1714395600000,2024-04-29 13:00:00+00:00,9268.058014359902
1714399200000,2024-04-29 14:00:00+00:00,9268.058014359902
1714402800000,2024-04-29 15:00:00+00:00,9268.058014359902
1714406400000,2024-04-29 16:00:00+00:00,9268.058014359902
1714410000000,2024-04-29 17:00:00+00:00,9269.751183359065
1714413600000,2024-04-29 18:00:00+00:00,9269.751183359065
1714417200000,2024-04-29 19:00:00+00:00,9269.751183359065
1714420800000,2024-04-29 20:00:00+00:00,9269.751183359065
1714424400000,2024-04-29 21:00:00+00:00,9269.751183359065
1714428000000,2024-04-29 22:00:00+00:00,9269.751183359065
1714431600000,2024-04-29 23:00:00+00:00,9269.751183359065
1714435200000,2024-04-30 00:00:00+00:00,9269.751183359065
1714438800000,2024-04-30 01:00:00+00:00,9269.751183359065
1714442400000,2024-04-30 02:00:00+00:00,9269.751183359065
1714446000000,2024-04-30 03:00:00+00:00,9269.751183359065
1714449600000,2024-04-30 04:00:00+00:00,9269.751183359065
1714453200000,2024-04-30 05:00:00+00:00,9269.751183359065
1714456800000,2024-04-30 06:00:00+00:00,9269.751183359065
1714460400000,2024-04-30 07:00:00+00:00,9269.751183359065
1714464000000,2024-04-30 08:00:00+00:00,9279.757366299045
1714467600000,2024-04-30 09:00:00+00:00,9279.757366299045
1714471200000,2024-04-30 10:00:00+00:00,9279.757366299045
1714474800000,2024-04-30 11:00:00+00:00,9279.757366299045
1714478400000,2024-04-30 12:00:00+00:00,9279.757366299045
1714482000000,2024-04-30 13:00:00+00:00,9279.757366299045
1714485600000,2024-04-30 14:00:00+00:00,9290.949110001235
1714489200000,2024-04-30 15:00:00+00:00,9290.949110001235
1714492800000,2024-04-30 16:00:00+00:00,9290.949110001235
1714496400000,2024-04-30 17:00:00+00:00,9290.949110001235
1714500000000,2024-04-30 18:00:00+00:00,9290.949110001235
1714503600000,2024-04-30 19:00:00+00:00,9290.949110001235
1714507200000,2024-04-30 20:00:00+00:00,9290.949110001235
1714510800000,2024-04-30 21:00:00+00:00,9290.949110001235
1714514400000,2024-04-30 22:00:00+00:00,9290.949110001235
1714518000000,2024-04-30 23:00:00+00:00,9290.949110001235
1714521600000,2024-05-01 00:00:00+00:00,9290.949110001235
1714525200000,2024-05-01 01:00:00+00:00,9290.949110001235
1714528800000,2024-05-01 02:00:00+00:00,9290.949110001235
1714532400000,2024-05-01 03:00:00+00:00,9290.949110001235
1714536000000,2024-05-01 04:00:00+00:00,9290.949110001235
1714539600000,2024-05-01 05:00:00+00:00,9290.949110001235
1714543200000,2024-05-01 06:00:00+00:00,9290.949110001235
1714546800000,2024-05-01 07:00:00+00:00,9290.949110001235
1714550400000,2024-05-01 08:00:00+00:00,9290.949110001235
1714554000000,2024-05-01 09:00:00+00:00,9290.949110001235
1714557600000,2024-05-01 10:00:00+00:00,9290.949110001235
1714561200000,2024-05-01 11:00:00+00:00,9290.949110001235
1714564800000,2024-05-01 12:00:00+00:00,9290.949110001235
1714568400000,2024-05-01 13:00:00+00:00,9290.949110001235
1714572000000,2024-05-01 14:00:00+00:00,9290.949110001235
1714575600000,2024-05-01 15:00:00+00:00,9290.949110001235
1714579200000,2024-05-01 16:00:00+00:00,9290.949110001235
1714582800000,2024-05-01 17:00:00+00:00,9290.949110001235
1714586400000,2024-05-01 18:00:00+00:00,9290.949110001235
1714590000000,2024-05-01 19:00:00+00:00,9290.949110001235
1714593600000,2024-05-01 20:00:00+00:00,9290.949110001235
1714597200000,2024-05-01 21:00:00+00:00,9290.949110001235
1714600800000,2024-05-01 22:00:00+00:00,9290.949110001235
1714604400000,2024-05-01 23:00:00+00:00,9290.949110001235
1714608000000,2024-05-02 00:00:00+00:00,9290.949110001235
1714611600000,2024-05-02 01:00:00+00:00,9290.949110001235
1714615200000,2024-05-02 02:00:00+00:00,9290.949110001235
1714618800000,2024-05-02 03:00:00+00:00,9290.949110001235
1714622400000,2024-05-02 04:00:00+00:00,9290.949110001235
1714626000000,2024-05-02 05:00:00+00:00,9290.949110001235
1714629600000,2024-05-02 06:00:00+00:00,9290.949110001235
1714633200000,2024-05-02 07:00:00+00:00,9290.949110001235
1714636800000,2024-05-02 08:00:00+00:00,9290.949110001235
1714640400000,2024-05-02 09:00:00+00:00,9290.949110001235
1714644000000,2024-05-02 10:00:00+00:00,9290.949110001235
1714647600000,2024-05-02 11:00:00+00:00,9290.949110001235
1714651200000,2024-05-02 12:00:00+00:00,9290.949110001235
1714654800000,2024-05-02 13:00:00+00:00,9290.949110001235
1714658400000,2024-05-02 14:00:00+00:00,9290.949110001235
1714662000000,2024-05-02 15:00:00+00:00,9290.949110001235
1714665600000,2024-05-02 16:00:00+00:00,9290.949110001235
1714669200000,2024-05-02 17:00:00+00:00,9290.949110001235
1714672800000,2024-05-02 18:00:00+00:00,9290.949110001235
1714676400000,2024-05-02 19:00:00+00:00,9290.949110001235
1714680000000,2024-05-02 20:00:00+00:00,9290.949110001235
1714683600000,2024-05-02 21:00:00+00:00,9290.949110001235
1714687200000,2024-05-02 22:00:00+00:00,9290.949110001235
1714690800000,2024-05-02 23:00:00+00:00,9290.949110001235
1714694400000,2024-05-03 00:00:00+00:00,9290.949110001235
1714698000000,2024-05-03 01:00:00+00:00,9290.949110001235
1714701600000,2024-05-03 02:00:00+00:00,9290.949110001235
1714705200000,2024-05-03 03:00:00+00:00,9290.949110001235
1714708800000,2024-05-03 04:00:00+00:00,9290.949110001235
1714712400000,2024-05-03 05:00:00+00:00,9290.949110001235
1714716000000,2024-05-03 06:00:00+00:00,9290.949110001235
1714719600000,2024-05-03 07:00:00+00:00,9290.949110001235
1714723200000,2024-05-03 08:00:00+00:00,9290.949110001235
1714726800000,2024-05-03 09:00:00+00:00,9290.949110001235
1714730400000,2024-05-03 10:00:00+00:00,9290.949110001235
1714734000000,2024-05-03 11:00:00+00:00,9290.949110001235
1714737600000,2024-05-03 12:00:00+00:00,9290.949110001235
1714741200000,2024-05-03 13:00:00+00:00,9290.949110001235
1714744800000,2024-05-03 14:00:00+00:00,9290.949110001235
1714748400000,2024-05-03 15:00:00+00:00,9290.949110001235
1714752000000,2024-05-03 16:00:00+00:00,9290.949110001235
1714755600000,2024-05-03 17:00:00+00:00,9290.949110001235
1714759200000,2024-05-03 18:00:00+00:00,9290.949110001235
1714762800000,2024-05-03 19:00:00+00:00,9290.949110001235
1714766400000,2024-05-03 20:00:00+00:00,9265.421928490043
1714770000000,2024-05-03 21:00:00+00:00,9265.421928490043
1714773600000,2024-05-03 22:00:00+00:00,9265.421928490043
1714777200000,2024-05-03 23:00:00+00:00,9265.421928490043
1714780800000,2024-05-04 00:00:00+00:00,9265.421928490043
1714784400000,2024-05-04 01:00:00+00:00,9265.421928490043
1714788000000,2024-05-04 02:00:00+00:00,9265.421928490043
1714791600000,2024-05-04 03:00:00+00:00,9265.421928490043
1714795200000,2024-05-04 04:00:00+00:00,9265.421928490043
1714798800000,2024-05-04 05:00:00+00:00,9265.421928490043
1714802400000,2024-05-04 06:00:00+00:00,9265.421928490043
1714806000000,2024-05-04 07:00:00+00:00,9265.421928490043
1714809600000,2024-05-04 08:00:00+00:00,9265.421928490043
1714813200000,2024-05-04 09:00:00+00:00,9265.421928490043
1714816800000,2024-05-04 10:00:00+00:00,9265.421928490043
1714820400000,2024-05-04 11:00:00+00:00,9265.421928490043
1714824000000,2024-05-04 12:00:00+00:00,9265.421928490043
1714827600000,2024-05-04 13:00:00+00:00,9265.421928490043
1714831200000,2024-05-04 14:00:00+00:00,9265.421928490043
1714834800000,2024-05-04 15:00:00+00:00,9265.421928490043
1714838400000,2024-05-04 16:00:00+00:00,9265.421928490043
1714842000000,2024-05-04 17:00:00+00:00,9265.421928490043
1714845600000,2024-05-04 18:00:00+00:00,9265.421928490043
1714849200000,2024-05-04 19:00:00+00:00,9265.421928490043
1714852800000,2024-05-04 20:00:00+00:00,9265.421928490043
1714856400000,2024-05-04 21:00:00+00:00,9265.421928490043
1714860000000,2024-05-04 22:00:00+00:00,9265.421928490043
1714863600000,2024-05-04 23:00:00+00:00,9265.421928490043
1714867200000,2024-05-05 00:00:00+00:00,9265.421928490043
1714870800000,2024-05-05 01:00:00+00:00,9265.421928490043
1714874400000,2024-05-05 02:00:00+00:00,9265.421928490043
1714878000000,2024-05-05 03:00:00+00:00,9265.421928490043
1714881600000,2024-05-05 04:00:00+00:00,9265.421928490043
1714885200000,2024-05-05 05:00:00+00:00,9265.421928490043
1714888800000,2024-05-05 06:00:00+00:00,9265.421928490043
1714892400000,2024-05-05 07:00:00+00:00,9265.421928490043
1714896000000,2024-05-05 08:00:00+00:00,9265.421928490043
1714899600000,2024-05-05 09:00:00+00:00,9265.421928490043
1714903200000,2024-05-05 10:00:00+00:00,9265.421928490043
1714906800000,2024-05-05 11:00:00+00:00,9265.421928490043
1714910400000,2024-05-05 12:00:00+00:00,9265.421928490043
1714914000000,2024-05-05 13:00:00+00:00,9265.421928490043
1714917600000,2024-05-05 14:00:00+00:00,9265.421928490043
1714921200000,2024-05-05 15:00:00+00:00,9265.421928490043
1714924800000,2024-05-05 16:00:00+00:00,9265.421928490043
1714928400000,2024-05-05 17:00:00+00:00,9265.421928490043
1714932000000,2024-05-05 18:00:00+00:00,9265.421928490043
1714935600000,2024-05-05 19:00:00+00:00,9265.421928490043
1714939200000,2024-05-05 20:00:00+00:00,9265.421928490043
1714942800000,2024-05-05 21:00:00+00:00,9265.421928490043
1714946400000,2024-05-05 22:00:00+00:00,9265.421928490043
1714950000000,2024-05-05 23:00:00+00:00,9265.421928490043
1714953600000,2024-05-06 00:00:00+00:00,9265.421928490043
1714957200000,2024-05-06 01:00:00+00:00,9265.421928490043
1714960800000,2024-05-06 02:00:00+00:00,9265.421928490043
1714964400000,2024-05-06 03:00:00+00:00,9265.421928490043
1714968000000,2024-05-06 04:00:00+00:00,9265.421928490043
1714971600000,2024-05-06 05:00:00+00:00,9265.421928490043
1714975200000,2024-05-06 06:00:00+00:00,9265.421928490043
1714978800000,2024-05-06 07:00:00+00:00,9265.421928490043
1714982400000,2024-05-06 08:00:00+00:00,9265.421928490043
1714986000000,2024-05-06 09:00:00+00:00,9265.421928490043
1714989600000,2024-05-06 10:00:00+00:00,9265.421928490043
1714993200000,2024-05-06 11:00:00+00:00,9265.421928490043
1714996800000,2024-05-06 12:00:00+00:00,9265.421928490043
1715000400000,2024-05-06 13:00:00+00:00,9265.421928490043
1715004000000,2024-05-06 14:00:00+00:00,9265.421928490043
1715007600000,2024-05-06 15:00:00+00:00,9265.421928490043
1715011200000,2024-05-06 16:00:00+00:00,9265.421928490043
1715014800000,2024-05-06 17:00:00+00:00,9265.421928490043
1715018400000,2024-05-06 18:00:00+00:00,9265.421928490043
1715022000000,2024-05-06 19:00:00+00:00,9265.421928490043
1715025600000,2024-05-06 20:00:00+00:00,9265.421928490043
1715029200000,2024-05-06 21:00:00+00:00,9265.421928490043
1715032800000,2024-05-06 22:00:00+00:00,9265.421928490043
1715036400000,2024-05-06 23:00:00+00:00,9265.421928490043
1715040000000,2024-05-07 00:00:00+00:00,9265.421928490043
1715043600000,2024-05-07 01:00:00+00:00,9265.421928490043
1715047200000,2024-05-07 02:00:00+00:00,9265.421928490043
1715050800000,2024-05-07 03:00:00+00:00,9265.421928490043
1715054400000,2024-05-07 04:00:00+00:00,9265.421928490043
1715058000000,2024-05-07 05:00:00+00:00,9265.421928490043
1715061600000,2024-05-07 06:00:00+00:00,9265.421928490043
1715065200000,2024-05-07 07:00:00+00:00,9265.421928490043
1715068800000,2024-05-07 08:00:00+00:00,9265.421928490043
1715072400000,2024-05-07 09:00:00+00:00,9265.421928490043
1715076000000,2024-05-07 10:00:00+00:00,9265.421928490043
1715079600000,2024-05-07 11:00:00+00:00,9265.421928490043
1715083200000,2024-05-07 12:00:00+00:00,9265.421928490043
1715086800000,2024-05-07 13:00:00+00:00,9265.421928490043
1715090400000,2024-05-07 14:00:00+00:00,9265.421928490043
1715094000000,2024-05-07 15:00:00+00:00,9265.421928490043
1715097600000,2024-05-07 16:00:00+00:00,9265.421928490043
1715101200000,2024-05-07 17:00:00+00:00,9265.421928490043
1715104800000,2024-05-07 18:00:00+00:00,9265.421928490043
1715108400000,2024-05-07 19:00:00+00:00,9265.421928490043
1715112000000,2024-05-07 20:00:00+00:00,9265.421928490043
1715115600000,2024-05-07 21:00:00+00:00,9265.421928490043
1715119200000,2024-05-07 22:00:00+00:00,9265.421928490043
1715122800000,2024-05-07 23:00:00+00:00,9265.421928490043
1715126400000,2024-05-08 00:00:00+00:00,9265.421928490043
1715130000000,2024-05-08 01:00:00+00:00,9265.421928490043
1715133600000,2024-05-08 02:00:00+00:00,9265.421928490043
1715137200000,2024-05-08 03:00:00+00:00,9265.421928490043
1715140800000,2024-05-08 04:00:00+00:00,9265.421928490043
1715144400000,2024-05-08 05:00:00+00:00,9265.421928490043
1715148000000,2024-05-08 06:00:00+00:00,9265.421928490043
1715151600000,2024-05-08 07:00:00+00:00,9265.421928490043
1715155200000,2024-05-08 08:00:00+00:00,9265.421928490043
1715158800000,2024-05-08 09:00:00+00:00,9265.421928490043
1715162400000,2024-05-08 10:00:00+00:00,9265.421928490043
1715166000000,2024-05-08 11:00:00+00:00,9265.421928490043
1715169600000,2024-05-08 12:00:00+00:00,9265.421928490043
1715173200000,2024-05-08 13:00:00+00:00,9265.421928490043
1715176800000,2024-05-08 14:00:00+00:00,9265.421928490043
1715180400000,2024-05-08 15:00:00+00:00,9265.421928490043
1715184000000,2024-05-08 16:00:00+00:00,9265.421928490043
1715187600000,2024-05-08 17:00:00+00:00,9265.421928490043
1715191200000,2024-05-08 18:00:00+00:00,9265.421928490043
1715194800000,2024-05-08 19:00:00+00:00,9265.421928490043
1715198400000,2024-05-08 20:00:00+00:00,9265.421928490043
1715202000000,2024-05-08 21:00:00+00:00,9265.421928490043
1715205600000,2024-05-08 22:00:00+00:00,9265.421928490043
1715209200000,2024-05-08 23:00:00+00:00,9265.421928490043
1715212800000,2024-05-09 00:00:00+00:00,9265.421928490043
1715216400000,2024-05-09 01:00:00+00:00,9265.421928490043
1715220000000,2024-05-09 02:00:00+00:00,9265.421928490043
1715223600000,2024-05-09 03:00:00+00:00,9265.421928490043
1715227200000,2024-05-09 04:00:00+00:00,9265.421928490043
1715230800000,2024-05-09 05:00:00+00:00,9265.421928490043
1715234400000,2024-05-09 06:00:00+00:00,9265.421928490043
1715238000000,2024-05-09 07:00:00+00:00,9265.421928490043
1715241600000,2024-05-09 08:00:00+00:00,9265.421928490043
1715245200000,2024-05-09 09:00:00+00:00,9265.421928490043
1715248800000,2024-05-09 10:00:00+00:00,9265.421928490043
1715252400000,2024-05-09 11:00:00+00:00,9265.421928490043
1715256000000,2024-05-09 12:00:00+00:00,9265.421928490043
1715259600000,2024-05-09 13:00:00+00:00,9265.421928490043
1715263200000,2024-05-09 14:00:00+00:00,9265.421928490043
1715266800000,2024-05-09 15:00:00+00:00,9265.421928490043
1715270400000,2024-05-09 16:00:00+00:00,9265.421928490043
1715274000000,2024-05-09 17:00:00+00:00,9265.421928490043
1715277600000,2024-05-09 18:00:00+00:00,9265.421928490043
1715281200000,2024-05-09 19:00:00+00:00,9265.421928490043
1715284800000,2024-05-09 20:00:00+00:00,9265.421928490043
1715288400000,2024-05-09 21:00:00+00:00,9265.421928490043
1715292000000,2024-05-09 22:00:00+00:00,9265.421928490043
1715295600000,2024-05-09 23:00:00+00:00,9265.421928490043
1715299200000,2024-05-10 00:00:00+00:00,9265.421928490043
1715302800000,2024-05-10 01:00:00+00:00,9265.421928490043
1715306400000,2024-05-10 02:00:00+00:00,9265.421928490043
1715310000000,2024-05-10 03:00:00+00:00,9265.421928490043
1715313600000,2024-05-10 04:00:00+00:00,9265.421928490043
1715317200000,2024-05-10 05:00:00+00:00,9265.421928490043
1715320800000,2024-05-10 06:00:00+00:00,9265.421928490043
1715324400000,2024-05-10 07:00:00+00:00,9265.421928490043
1715328000000,2024-05-10 08:00:00+00:00,9265.421928490043
1715331600000,2024-05-10 09:00:00+00:00,9265.421928490043
1715335200000,2024-05-10 10:00:00+00:00,9265.421928490043
1715338800000,2024-05-10 11:00:00+00:00,9265.421928490043
1715342400000,2024-05-10 12:00:00+00:00,9265.421928490043
1715346000000,2024-05-10 13:00:00+00:00,9265.421928490043
1715349600000,2024-05-10 14:00:00+00:00,9276.056150631535
1715353200000,2024-05-10 15:00:00+00:00,9276.056150631535
1715356800000,2024-05-10 16:00:00+00:00,9276.056150631535
1715360400000,2024-05-10 17:00:00+00:00,9276.056150631535
1715364000000,2024-05-10 18:00:00+00:00,9276.056150631535
1715367600000,2024-05-10 19:00:00+00:00,9276.056150631535
1715371200000,2024-05-10 20:00:00+00:00,9276.056150631535
1715374800000,2024-05-10 21:00:00+00:00,9276.056150631535
1715378400000,2024-05-10 22:00:00+00:00,9276.056150631535
1715382000000,2024-05-10 23:00:00+00:00,9276.056150631535
1715385600000,2024-05-11 00:00:00+00:00,9276.056150631535
1715389200000,2024-05-11 01:00:00+00:00,9276.056150631535
1715392800000,2024-05-11 02:00:00+00:00,9276.056150631535
1715396400000,2024-05-11 03:00:00+00:00,9276.056150631535
1715400000000,2024-05-11 04:00:00+00:00,9276.056150631535
1715403600000,2024-05-11 05:00:00+00:00,9276.056150631535
1715407200000,2024-05-11 06:00:00+00:00,9276.056150631535
1715410800000,2024-05-11 07:00:00+00:00,9276.056150631535
1715414400000,2024-05-11 08:00:00+00:00,9276.056150631535
1715418000000,2024-05-11 09:00:00+00:00,9276.056150631535
1715421600000,2024-05-11 10:00:00+00:00,9276.056150631535
1715425200000,2024-05-11 11:00:00+00:00,9276.056150631535
1715428800000,2024-05-11 12:00:00+00:00,9276.056150631535
1715432400000,2024-05-11 13:00:00+00:00,9276.056150631535
1715436000000,2024-05-11 14:00:00+00:00,9276.056150631535
1715439600000,2024-05-11 15:00:00+00:00,9276.056150631535
1715443200000,2024-05-11 16:00:00+00:00,9276.056150631535
1715446800000,2024-05-11 17:00:00+00:00,9276.056150631535
1715450400000,2024-05-11 18:00:00+00:00,9276.056150631535
1715454000000,2024-05-11 19:00:00+00:00,9276.056150631535
1715457600000,2024-05-11 20:00:00+00:00,9276.056150631535
1715461200000,2024-05-11 21:00:00+00:00,9276.056150631535
1715464800000,2024-05-11 22:00:00+00:00,9276.056150631535
1715468400000,2024-05-11 23:00:00+00:00,9276.056150631535
1715472000000,2024-05-12 00:00:00+00:00,9276.056150631535
1715475600000,2024-05-12 01:00:00+00:00,9276.056150631535
1715479200000,2024-05-12 02:00:00+00:00,9276.056150631535
1715482800000,2024-05-12 03:00:00+00:00,9276.056150631535
1715486400000,2024-05-12 04:00:00+00:00,9276.056150631535
1715490000000,2024-05-12 05:00:00+00:00,9276.056150631535
1715493600000,2024-05-12 06:00:00+00:00,9276.056150631535
1715497200000,2024-05-12 07:00:00+00:00,9276.056150631535
1715500800000,2024-05-12 08:00:00+00:00,9276.056150631535
1715504400000,2024-05-12 09:00:00+00:00,9276.056150631535
1715508000000,2024-05-12 10:00:00+00:00,9276.056150631535
1715511600000,2024-05-12 11:00:00+00:00,9276.056150631535
1715515200000,2024-05-12 12:00:00+00:00,9276.056150631535
1715518800000,2024-05-12 13:00:00+00:00,9276.056150631535
1715522400000,2024-05-12 14:00:00+00:00,9276.056150631535
1715526000000,2024-05-12 15:00:00+00:00,9276.056150631535
1715529600000,2024-05-12 16:00:00+00:00,9276.056150631535
1715533200000,2024-05-12 17:00:00+00:00,9276.056150631535
1715536800000,2024-05-12 18:00:00+00:00,9276.056150631535
1715540400000,2024-05-12 19:00:00+00:00,9276.056150631535
1715544000000,2024-05-12 20:00:00+00:00,9276.056150631535
1715547600000,2024-05-12 21:00:00+00:00,9276.056150631535
1715551200000,2024-05-12 22:00:00+00:00,9276.056150631535
1715554800000,2024-05-12 23:00:00+00:00,9276.056150631535
1715558400000,2024-05-13 00:00:00+00:00,9276.056150631535
1715562000000,2024-05-13 01:00:00+00:00,9276.056150631535
1715565600000,2024-05-13 02:00:00+00:00,9276.056150631535
1715569200000,2024-05-13 03:00:00+00:00,9276.056150631535
1715572800000,2024-05-13 04:00:00+00:00,9276.056150631535
1715576400000,2024-05-13 05:00:00+00:00,9276.056150631535
1715580000000,2024-05-13 06:00:00+00:00,9276.056150631535
1715583600000,2024-05-13 07:00:00+00:00,9276.056150631535
1715587200000,2024-05-13 08:00:00+00:00,9284.694107510493
1715590800000,2024-05-13 09:00:00+00:00,9284.694107510493
1715594400000,2024-05-13 10:00:00+00:00,9284.694107510493
1715598000000,2024-05-13 11:00:00+00:00,9284.694107510493
1715601600000,2024-05-13 12:00:00+00:00,9284.694107510493
1715605200000,2024-05-13 13:00:00+00:00,9284.694107510493
1715608800000,2024-05-13 14:00:00+00:00,9284.694107510493
1715612400000,2024-05-13 15:00:00+00:00,9284.694107510493
1715616000000,2024-05-13 16:00:00+00:00,9284.694107510493
1715619600000,2024-05-13 17:00:00+00:00,9284.694107510493
1715623200000,2024-05-13 18:00:00+00:00,9284.694107510493
1715626800000,2024-05-13 19:00:00+00:00,9284.694107510493
1715630400000,2024-05-13 20:00:00+00:00,9284.694107510493
1715634000000,2024-05-13 21:00:00+00:00,9284.694107510493
1715637600000,2024-05-13 22:00:00+00:00,9284.694107510493
1715641200000,2024-05-13 23:00:00+00:00,9284.694107510493
1715644800000,2024-05-14 00:00:00+00:00,9284.694107510493
1715648400000,2024-05-14 01:00:00+00:00,9284.694107510493
1715652000000,2024-05-14 02:00:00+00:00,9284.694107510493
1715655600000,2024-05-14 03:00:00+00:00,9284.694107510493
1715659200000,2024-05-14 04:00:00+00:00,9284.694107510493
1715662800000,2024-05-14 05:00:00+00:00,9284.694107510493
1715666400000,2024-05-14 06:00:00+00:00,9284.694107510493
1715670000000,2024-05-14 07:00:00+00:00,9284.694107510493
1715673600000,2024-05-14 08:00:00+00:00,9284.694107510493
1715677200000,2024-05-14 09:00:00+00:00,9284.694107510493
1715680800000,2024-05-14 10:00:00+00:00,9284.694107510493
1715684400000,2024-05-14 11:00:00+00:00,9284.694107510493
1715688000000,2024-05-14 12:00:00+00:00,9284.694107510493
1715691600000,2024-05-14 13:00:00+00:00,9284.694107510493
1715695200000,2024-05-14 14:00:00+00:00,9284.694107510493
1715698800000,2024-05-14 15:00:00+00:00,9284.694107510493
1715702400000,2024-05-14 16:00:00+00:00,9284.694107510493
1715706000000,2024-05-14 17:00:00+00:00,9284.694107510493
1715709600000,2024-05-14 18:00:00+00:00,9284.694107510493
1715713200000,2024-05-14 19:00:00+00:00,9284.694107510493
1715716800000,2024-05-14 20:00:00+00:00,9284.694107510493
1715720400000,2024-05-14 21:00:00+00:00,9284.694107510493
1715724000000,2024-05-14 22:00:00+00:00,9284.694107510493
1715727600000,2024-05-14 23:00:00+00:00,9284.694107510493
1715731200000,2024-05-15 00:00:00+00:00,9284.694107510493
1715734800000,2024-05-15 01:00:00+00:00,9284.694107510493
1715738400000,2024-05-15 02:00:00+00:00,9284.694107510493
1715742000000,2024-05-15 03:00:00+00:00,9284.694107510493
1715745600000,2024-05-15 04:00:00+00:00,9284.694107510493
1715749200000,2024-05-15 05:00:00+00:00,9284.694107510493
1715752800000,2024-05-15 06:00:00+00:00,9284.694107510493
1715756400000,2024-05-15 07:00:00+00:00,9284.694107510493
1715760000000,2024-05-15 08:00:00+00:00,9284.694107510493
1715763600000,2024-05-15 09:00:00+00:00,9284.694107510493
1715767200000,2024-05-15 10:00:00+00:00,9284.694107510493
1715770800000,2024-05-15 11:00:00+00:00,9284.694107510493
1715774400000,2024-05-15 12:00:00+00:00,9284.694107510493
1715778000000,2024-05-15 13:00:00+00:00,9284.694107510493
1715781600000,2024-05-15 14:00:00+00:00,9284.694107510493
1715785200000,2024-05-15 15:00:00+00:00,9284.694107510493
1715788800000,2024-05-15 16:00:00+00:00,9284.694107510493
1715792400000,2024-05-15 17:00:00+00:00,9284.694107510493
1715796000000,2024-05-15 18:00:00+00:00,9284.694107510493
1715799600000,2024-05-15 19:00:00+00:00,9284.694107510493
1715803200000,2024-05-15 20:00:00+00:00,9284.694107510493
1715806800000,2024-05-15 21:00:00+00:00,9284.694107510493
1715810400000,2024-05-15 22:00:00+00:00,9284.694107510493
1715814000000,2024-05-15 23:00:00+00:00,9284.694107510493
1715817600000,2024-05-16 00:00:00+00:00,9284.694107510493
1715821200000,2024-05-16 01:00:00+00:00,9284.694107510493
1715824800000,2024-05-16 02:00:00+00:00,9284.694107510493
1715828400000,2024-05-16 03:00:00+00:00,9284.694107510493
1715832000000,2024-05-16 04:00:00+00:00,9284.694107510493
1715835600000,2024-05-16 05:00:00+00:00,9284.694107510493
1715839200000,2024-05-16 06:00:00+00:00,9284.694107510493
1715842800000,2024-05-16 07:00:00+00:00,9284.694107510493
1715846400000,2024-05-16 08:00:00+00:00,9284.694107510493
1715850000000,2024-05-16 09:00:00+00:00,9284.694107510493
1715853600000,2024-05-16 10:00:00+00:00,9284.694107510493
1715857200000,2024-05-16 11:00:00+00:00,9284.694107510493
1715860800000,2024-05-16 12:00:00+00:00,9284.694107510493
1715864400000,2024-05-16 13:00:00+00:00,9284.694107510493
1715868000000,2024-05-16 14:00:00+00:00,9284.694107510493
1715871600000,2024-05-16 15:00:00+00:00,9284.694107510493
1715875200000,2024-05-16 16:00:00+00:00,9284.694107510493
1715878800000,2024-05-16 17:00:00+00:00,9284.694107510493
1715882400000,2024-05-16 18:00:00+00:00,9284.694107510493
1715886000000,2024-05-16 19:00:00+00:00,9284.694107510493
1715889600000,2024-05-16 20:00:00+00:00,9284.694107510493
1715893200000,2024-05-16 21:00:00+00:00,9284.694107510493
1715896800000,2024-05-16 22:00:00+00:00,9284.694107510493
1715900400000,2024-05-16 23:00:00+00:00,9284.694107510493
1715904000000,2024-05-17 00:00:00+00:00,9284.694107510493
1715907600000,2024-05-17 01:00:00+00:00,9284.694107510493
1715911200000,2024-05-17 02:00:00+00:00,9284.694107510493
1715914800000,2024-05-17 03:00:00+00:00,9284.694107510493
1715918400000,2024-05-17 04:00:00+00:00,9284.694107510493
1715922000000,2024-05-17 05:00:00+00:00,9284.694107510493
1715925600000,2024-05-17 06:00:00+00:00,9284.694107510493
1715929200000,2024-05-17 07:00:00+00:00,9284.694107510493
1715932800000,2024-05-17 08:00:00+00:00,9284.694107510493
1715936400000,2024-05-17 09:00:00+00:00,9284.694107510493
1715940000000,2024-05-17 10:00:00+00:00,9284.694107510493
1715943600000,2024-05-17 11:00:00+00:00,9284.694107510493
1715947200000,2024-05-17 12:00:00+00:00,9284.694107510493
1715950800000,2024-05-17 13:00:00+00:00,9284.694107510493
1715954400000,2024-05-17 14:00:00+00:00,9284.694107510493
1715958000000,2024-05-17 15:00:00+00:00,9284.694107510493
1715961600000,2024-05-17 16:00:00+00:00,9284.694107510493
1715965200000,2024-05-17 17:00:00+00:00,9284.694107510493
1715968800000,2024-05-17 18:00:00+00:00,9284.694107510493
1715972400000,2024-05-17 19:00:00+00:00,9284.694107510493
1715976000000,2024-05-17 20:00:00+00:00,9284.694107510493
1715979600000,2024-05-17 21:00:00+00:00,9284.694107510493
1715983200000,2024-05-17 22:00:00+00:00,9284.694107510493
1715986800000,2024-05-17 23:00:00+00:00,9284.694107510493
1715990400000,2024-05-18 00:00:00+00:00,9284.694107510493
1715994000000,2024-05-18 01:00:00+00:00,9284.694107510493
1715997600000,2024-05-18 02:00:00+00:00,9284.694107510493
1716001200000,2024-05-18 03:00:00+00:00,9284.694107510493
1716004800000,2024-05-18 04:00:00+00:00,9284.694107510493
1716008400000,2024-05-18 05:00:00+00:00,9284.694107510493
1716012000000,2024-05-18 06:00:00+00:00,9284.694107510493
1716015600000,2024-05-18 07:00:00+00:00,9284.694107510493
1716019200000,2024-05-18 08:00:00+00:00,9284.694107510493
1716022800000,2024-05-18 09:00:00+00:00,9284.694107510493
1716026400000,2024-05-18 10:00:00+00:00,9284.694107510493
1716030000000,2024-05-18 11:00:00+00:00,9284.694107510493
1716033600000,2024-05-18 12:00:00+00:00,9284.694107510493
1716037200000,2024-05-18 13:00:00+00:00,9284.694107510493
1716040800000,2024-05-18 14:00:00+00:00,9284.694107510493
1716044400000,2024-05-18 15:00:00+00:00,9284.694107510493
1716048000000,2024-05-18 16:00:00+00:00,9284.694107510493
1716051600000,2024-05-18 17:00:00+00:00,9284.694107510493
1716055200000,2024-05-18 18:00:00+00:00,9284.694107510493
1716058800000,2024-05-18 19:00:00+00:00,9284.694107510493
1716062400000,2024-05-18 20:00:00+00:00,9284.694107510493
1716066000000,2024-05-18 21:00:00+00:00,9284.694107510493
1716069600000,2024-05-18 22:00:00+00:00,9284.694107510493
1716073200000,2024-05-18 23:00:00+00:00,9284.694107510493
1716076800000,2024-05-19 00:00:00+00:00,9284.694107510493
1716080400000,2024-05-19 01:00:00+00:00,9284.694107510493
1716084000000,2024-05-19 02:00:00+00:00,9284.694107510493
1716087600000,2024-05-19 03:00:00+00:00,9284.694107510493
1716091200000,2024-05-19 04:00:00+00:00,9284.694107510493
1716094800000,2024-05-19 05:00:00+00:00,9284.694107510493
1716098400000,2024-05-19 06:00:00+00:00,9284.694107510493
1716102000000,2024-05-19 07:00:00+00:00,9284.694107510493
1716105600000,2024-05-19 08:00:00+00:00,9284.694107510493
1716109200000,2024-05-19 09:00:00+00:00,9284.694107510493
1716112800000,2024-05-19 10:00:00+00:00,9284.694107510493
1716116400000,2024-05-19 11:00:00+00:00,9284.694107510493
1716120000000,2024-05-19 12:00:00+00:00,9284.694107510493
1716123600000,2024-05-19 13:00:00+00:00,9284.694107510493
1716127200000,2024-05-19 14:00:00+00:00,9284.694107510493
1716130800000,2024-05-19 15:00:00+00:00,9284.694107510493
1716134400000,2024-05-19 16:00:00+00:00,9284.694107510493
1716138000000,2024-05-19 17:00:00+00:00,9284.694107510493
1716141600000,2024-05-19 18:00:00+00:00,9284.694107510493
1716145200000,2024-05-19 19:00:00+00:00,9239.825577625124
1716148800000,2024-05-19 20:00:00+00:00,9239.825577625124
1716152400000,2024-05-19 21:00:00+00:00,9239.825577625124
1716156000000,2024-05-19 22:00:00+00:00,9239.825577625124
1716159600000,2024-05-19 23:00:00+00:00,9239.825577625124
1716163200000,2024-05-20 00:00:00+00:00,9239.825577625124
1716166800000,2024-05-20 01:00:00+00:00,9239.825577625124
1716170400000,2024-05-20 02:00:00+00:00,9239.825577625124
1716174000000,2024-05-20 03:00:00+00:00,9239.825577625124
1716177600000,2024-05-20 04:00:00+00:00,9250.394261776484
1716181200000,2024-05-20 05:00:00+00:00,9250.394261776484
1716184800000,2024-05-20 06:00:00+00:00,9250.394261776484
1716188400000,2024-05-20 07:00:00+00:00,9250.394261776484
1716192000000,2024-05-20 08:00:00+00:00,9250.394261776484
1716195600000,2024-05-20 09:00:00+00:00,9250.394261776484
1716199200000,2024-05-20 10:00:00+00:00,9250.394261776484
1716202800000,2024-05-20 11:00:00+00:00,9250.394261776484
1716206400000,2024-05-20 12:00:00+00:00,9250.394261776484
1716210000000,2024-05-20 13:00:00+00:00,9250.394261776484
1716213600000,2024-05-20 14:00:00+00:00,9250.394261776484
1716217200000,2024-05-20 15:00:00+00:00,9250.394261776484
1716220800000,2024-05-20 16:00:00+00:00,9264.712143304881
1716224400000,2024-05-20 17:00:00+00:00,9264.712143304881
1716228000000,2024-05-20 18:00:00+00:00,9264.712143304881
1716231600000,2024-05-20 19:00:00+00:00,9264.712143304881
1716235200000,2024-05-20 20:00:00+00:00,9264.712143304881
1716238800000,2024-05-20 21:00:00+00:00,9338.161837635427
1716242400000,2024-05-20 22:00:00+00:00,9338.161837635427
1716246000000,2024-05-20 23:00:00+00:00,9353.38048042083
1716249600000,2024-05-21 00:00:00+00:00,9353.38048042083
1716253200000,2024-05-21 01:00:00+00:00,9367.063807133516
1716256800000,2024-05-21 02:00:00+00:00,9367.063807133516
1716260400000,2024-05-21 03:00:00+00:00,9367.063807133516
1716264000000,2024-05-21 04:00:00+00:00,9367.063807133516
1716267600000,2024-05-21 05:00:00+00:00,9367.063807133516
1716271200000,2024-05-21 06:00:00+00:00,9367.063807133516
1716274800000,2024-05-21 07:00:00+00:00,9367.063807133516
1716278400000,2024-05-21 08:00:00+00:00,9367.063807133516
1716282000000,2024-05-21 09:00:00+00:00,9367.063807133516
1716285600000,2024-05-21 10:00:00+00:00,9367.063807133516
1716289200000,2024-05-21 11:00:00+00:00,9367.063807133516
1716292800000,2024-05-21 12:00:00+00:00,9367.063807133516
1716296400000,2024-05-21 13:00:00+00:00,9367.063807133516
1716300000000,2024-05-21 14:00:00+00:00,9367.063807133516
1716303600000,2024-05-21 15:00:00+00:00,9367.063807133516
1716307200000,2024-05-21 16:00:00+00:00,9367.063807133516
1716310800000,2024-05-21 17:00:00+00:00,9367.063807133516
1716314400000,2024-05-21 18:00:00+00:00,9367.063807133516
1716318000000,2024-05-21 19:00:00+00:00,9367.063807133516
1716321600000,2024-05-21 20:00:00+00:00,9367.063807133516
1716325200000,2024-05-21 21:00:00+00:00,9367.063807133516
1716328800000,2024-05-21 22:00:00+00:00,9367.063807133516
1716332400000,2024-05-21 23:00:00+00:00,9367.063807133516
1716336000000,2024-05-22 00:00:00+00:00,9367.063807133516
1716339600000,2024-05-22 01:00:00+00:00,9367.063807133516
1716343200000,2024-05-22 02:00:00+00:00,9367.063807133516
1716346800000,2024-05-22 03:00:00+00:00,9367.063807133516
1716350400000,2024-05-22 04:00:00+00:00,9367.063807133516
1716354000000,2024-05-22 05:00:00+00:00,9367.063807133516
1716357600000,2024-05-22 06:00:00+00:00,9367.063807133516
1716361200000,2024-05-22 07:00:00+00:00,9367.063807133516
1716364800000,2024-05-22 08:00:00+00:00,9367.063807133516
1716368400000,2024-05-22 09:00:00+00:00,9367.063807133516
1716372000000,2024-05-22 10:00:00+00:00,9367.063807133516
1716375600000,2024-05-22 11:00:00+00:00,9367.063807133516
1716379200000,2024-05-22 12:00:00+00:00,9367.063807133516
1716382800000,2024-05-22 13:00:00+00:00,9367.063807133516
1716386400000,2024-05-22 14:00:00+00:00,9367.063807133516
1716390000000,2024-05-22 15:00:00+00:00,9367.063807133516
1716393600000,2024-05-22 16:00:00+00:00,9367.063807133516
1716397200000,2024-05-22 17:00:00+00:00,9367.063807133516
1716400800000,2024-05-22 18:00:00+00:00,9367.063807133516
1716404400000,2024-05-22 19:00:00+00:00,9367.063807133516
1716408000000,2024-05-22 20:00:00+00:00,9367.063807133516
1716411600000,2024-05-22 21:00:00+00:00,9367.063807133516
1716415200000,2024-05-22 22:00:00+00:00,9367.063807133516
1716418800000,2024-05-22 23:00:00+00:00,9367.063807133516
1716422400000,2024-05-23 00:00:00+00:00,9367.063807133516
1716426000000,2024-05-23 01:00:00+00:00,9367.063807133516
1716429600000,2024-05-23 02:00:00+00:00,9367.063807133516
1716433200000,2024-05-23 03:00:00+00:00,9367.063807133516
1716436800000,2024-05-23 04:00:00+00:00,9367.063807133516
1716440400000,2024-05-23 05:00:00+00:00,9367.063807133516
1716444000000,2024-05-23 06:00:00+00:00,9367.063807133516
1716447600000,2024-05-23 07:00:00+00:00,9367.063807133516
1716451200000,2024-05-23 08:00:00+00:00,9367.063807133516
1716454800000,2024-05-23 09:00:00+00:00,9367.063807133516
1716458400000,2024-05-23 10:00:00+00:00,9342.008786910206
1716462000000,2024-05-23 11:00:00+00:00,9342.008786910206
1716465600000,2024-05-23 12:00:00+00:00,9342.008786910206
1716469200000,2024-05-23 13:00:00+00:00,9342.008786910206
1716472800000,2024-05-23 14:00:00+00:00,9342.008786910206
1716476400000,2024-05-23 15:00:00+00:00,9342.008786910206
1716480000000,2024-05-23 16:00:00+00:00,9342.008786910206
1716483600000,2024-05-23 17:00:00+00:00,9342.008786910206
1716487200000,2024-05-23 18:00:00+00:00,9301.627836913916
1716490800000,2024-05-23 19:00:00+00:00,9301.627836913916
1716494400000,2024-05-23 20:00:00+00:00,9301.627836913916
1716498000000,2024-05-23 21:00:00+00:00,9301.627836913916
1716501600000,2024-05-23 22:00:00+00:00,9301.627836913916
1716505200000,2024-05-23 23:00:00+00:00,9301.627836913916
1716508800000,2024-05-24 00:00:00+00:00,9301.627836913916
1716512400000,2024-05-24 01:00:00+00:00,9301.627836913916
1716516000000,2024-05-24 02:00:00+00:00,9301.627836913916
1716519600000,2024-05-24 03:00:00+00:00,9301.627836913916
1716523200000,2024-05-24 04:00:00+00:00,9301.627836913916
1716526800000,2024-05-24 05:00:00+00:00,9301.627836913916
1716530400000,2024-05-24 06:00:00+00:00,9301.627836913916
1716534000000,2024-05-24 07:00:00+00:00,9301.627836913916
1716537600000,2024-05-24 08:00:00+00:00,9276.843167689394
1716541200000,2024-05-24 09:00:00+00:00,9276.843167689394
1716544800000,2024-05-24 10:00:00+00:00,9276.843167689394
1716548400000,2024-05-24 11:00:00+00:00,9276.843167689394
1716552000000,2024-05-24 12:00:00+00:00,9276.843167689394
1716555600000,2024-05-24 13:00:00+00:00,9276.843167689394
1716559200000,2024-05-24 14:00:00+00:00,9276.843167689394
1716562800000,2024-05-24 15:00:00+00:00,9276.843167689394
1716566400000,2024-05-24 16:00:00+00:00,9276.843167689394
1716570000000,2024-05-24 17:00:00+00:00,9276.843167689394
1716573600000,2024-05-24 18:00:00+00:00,9292.978423038638
1716577200000,2024-05-24 19:00:00+00:00,9292.978423038638
1716580800000,2024-05-24 20:00:00+00:00,9292.978423038638
1716584400000,2024-05-24 21:00:00+00:00,9292.978423038638
1716588000000,2024-05-24 22:00:00+00:00,9292.978423038638
1716591600000,2024-05-24 23:00:00+00:00,9292.978423038638
1716595200000,2024-05-25 00:00:00+00:00,9292.978423038638
1716598800000,2024-05-25 01:00:00+00:00,9292.978423038638
1716602400000,2024-05-25 02:00:00+00:00,9292.978423038638
1716606000000,2024-05-25 03:00:00+00:00,9292.978423038638
1716609600000,2024-05-25 04:00:00+00:00,9292.978423038638
1716613200000,2024-05-25 05:00:00+00:00,9292.978423038638
1716616800000,2024-05-25 06:00:00+00:00,9292.978423038638
1716620400000,2024-05-25 07:00:00+00:00,9292.978423038638
1716624000000,2024-05-25 08:00:00+00:00,9292.978423038638
1716627600000,2024-05-25 09:00:00+00:00,9292.978423038638
1716631200000,2024-05-25 10:00:00+00:00,9292.978423038638
1716634800000,2024-05-25 11:00:00+00:00,9292.978423038638
1716638400000,2024-05-25 12:00:00+00:00,9292.978423038638
1716642000000,2024-05-25 13:00:00+00:00,9292.978423038638
1716645600000,2024-05-25 14:00:00+00:00,9292.978423038638
1716649200000,2024-05-25 15:00:00+00:00,9292.978423038638
1716652800000,2024-05-25 16:00:00+00:00,9292.978423038638
1716656400000,2024-05-25 17:00:00+00:00,9292.978423038638
1716660000000,2024-05-25 18:00:00+00:00,9292.978423038638
1716663600000,2024-05-25 19:00:00+00:00,9292.978423038638
1716667200000,2024-05-25 20:00:00+00:00,9292.978423038638
1716670800000,2024-05-25 21:00:00+00:00,9292.978423038638
1716674400000,2024-05-25 22:00:00+00:00,9292.978423038638
1716678000000,2024-05-25 23:00:00+00:00,9292.978423038638
1716681600000,2024-05-26 00:00:00+00:00,9292.978423038638
1716685200000,2024-05-26 01:00:00+00:00,9292.978423038638
1716688800000,2024-05-26 02:00:00+00:00,9292.978423038638
1716692400000,2024-05-26 03:00:00+00:00,9292.978423038638
1716696000000,2024-05-26 04:00:00+00:00,9292.978423038638
1716699600000,2024-05-26 05:00:00+00:00,9292.978423038638
1716703200000,2024-05-26 06:00:00+00:00,9292.978423038638
1716706800000,2024-05-26 07:00:00+00:00,9292.978423038638
1716710400000,2024-05-26 08:00:00+00:00,9292.978423038638
1716714000000,2024-05-26 09:00:00+00:00,9292.978423038638
1716717600000,2024-05-26 10:00:00+00:00,9292.978423038638
1716721200000,2024-05-26 11:00:00+00:00,9292.978423038638
1716724800000,2024-05-26 12:00:00+00:00,9292.978423038638
1716728400000,2024-05-26 13:00:00+00:00,9292.978423038638
1716732000000,2024-05-26 14:00:00+00:00,9292.978423038638
1716735600000,2024-05-26 15:00:00+00:00,9292.978423038638
1716739200000,2024-05-26 16:00:00+00:00,9292.978423038638
1716742800000,2024-05-26 17:00:00+00:00,9292.978423038638
1716746400000,2024-05-26 18:00:00+00:00,9292.978423038638
1716750000000,2024-05-26 19:00:00+00:00,9292.978423038638
1716753600000,2024-05-26 20:00:00+00:00,9292.978423038638
1716757200000,2024-05-26 21:00:00+00:00,9292.978423038638
1716760800000,2024-05-26 22:00:00+00:00,9292.978423038638
1716764400000,2024-05-26 23:00:00+00:00,9292.978423038638
1716768000000,2024-05-27 00:00:00+00:00,9292.978423038638
1716771600000,2024-05-27 01:00:00+00:00,9292.978423038638
1716775200000,2024-05-27 02:00:00+00:00,9292.978423038638
1716778800000,2024-05-27 03:00:00+00:00,9292.978423038638
1716782400000,2024-05-27 04:00:00+00:00,9292.978423038638
1716786000000,2024-05-27 05:00:00+00:00,9292.978423038638
1716789600000,2024-05-27 06:00:00+00:00,9292.978423038638
1716793200000,2024-05-27 07:00:00+00:00,9292.978423038638
1716796800000,2024-05-27 08:00:00+00:00,9292.978423038638
1716800400000,2024-05-27 09:00:00+00:00,9292.978423038638
1716804000000,2024-05-27 10:00:00+00:00,9292.978423038638
1716807600000,2024-05-27 11:00:00+00:00,9292.978423038638
1716811200000,2024-05-27 12:00:00+00:00,9292.978423038638
1716814800000,2024-05-27 13:00:00+00:00,9292.978423038638
1716818400000,2024-05-27 14:00:00+00:00,9292.978423038638
1716822000000,2024-05-27 15:00:00+00:00,9292.978423038638
1716825600000,2024-05-27 16:00:00+00:00,9292.978423038638
1716829200000,2024-05-27 17:00:00+00:00,9292.978423038638
1716832800000,2024-05-27 18:00:00+00:00,9292.978423038638
1716836400000,2024-05-27 19:00:00+00:00,9310.677898023394
1716840000000,2024-05-27 20:00:00+00:00,9310.677898023394
1716843600000,2024-05-27 21:00:00+00:00,9310.677898023394
1716847200000,2024-05-27 22:00:00+00:00,9310.677898023394
1716850800000,2024-05-27 23:00:00+00:00,9310.677898023394
1716854400000,2024-05-28 00:00:00+00:00,9310.677898023394
1716858000000,2024-05-28 01:00:00+00:00,9310.677898023394
1716861600000,2024-05-28 02:00:00+00:00,9310.677898023394
1716865200000,2024-05-28 03:00:00+00:00,9310.677898023394
1716868800000,2024-05-28 04:00:00+00:00,9310.677898023394
1716872400000,2024-05-28 05:00:00+00:00,9310.677898023394
1716876000000,2024-05-28 06:00:00+00:00,9310.677898023394
1716879600000,2024-05-28 07:00:00+00:00,9310.677898023394
1716883200000,2024-05-28 08:00:00+00:00,9310.677898023394
1716886800000,2024-05-28 09:00:00+00:00,9310.677898023394
1716890400000,2024-05-28 10:00:00+00:00,9310.677898023394
1716894000000,2024-05-28 11:00:00+00:00,9310.677898023394
1716897600000,2024-05-28 12:00:00+00:00,9310.677898023394
1716901200000,2024-05-28 13:00:00+00:00,9310.677898023394
1716904800000,2024-05-28 14:00:00+00:00,9310.677898023394
1716908400000,2024-05-28 15:00:00+00:00,9310.677898023394
1716912000000,2024-05-28 16:00:00+00:00,9310.677898023394
1716915600000,2024-05-28 17:00:00+00:00,9310.677898023394
1716919200000,2024-05-28 18:00:00+00:00,9310.677898023394
1716922800000,2024-05-28 19:00:00+00:00,9310.677898023394
1716926400000,2024-05-28 20:00:00+00:00,9310.677898023394
1716930000000,2024-05-28 21:00:00+00:00,9310.677898023394
1716933600000,2024-05-28 22:00:00+00:00,9310.677898023394
1716937200000,2024-05-28 23:00:00+00:00,9310.677898023394
1716940800000,2024-05-29 00:00:00+00:00,9310.677898023394
1716944400000,2024-05-29 01:00:00+00:00,9310.677898023394
1716948000000,2024-05-29 02:00:00+00:00,9310.677898023394
1716951600000,2024-05-29 03:00:00+00:00,9310.677898023394
1716955200000,2024-05-29 04:00:00+00:00,9310.677898023394
1716958800000,2024-05-29 05:00:00+00:00,9310.677898023394
1716962400000,2024-05-29 06:00:00+00:00,9310.677898023394
1716966000000,2024-05-29 07:00:00+00:00,9310.677898023394
1716969600000,2024-05-29 08:00:00+00:00,9310.677898023394
1716973200000,2024-05-29 09:00:00+00:00,9310.677898023394
1716976800000,2024-05-29 10:00:00+00:00,9310.677898023394
1716980400000,2024-05-29 11:00:00+00:00,9310.677898023394
1716984000000,2024-05-29 12:00:00+00:00,9310.677898023394
1716987600000,2024-05-29 13:00:00+00:00,9310.677898023394
1716991200000,2024-05-29 14:00:00+00:00,9310.677898023394
1716994800000,2024-05-29 15:00:00+00:00,9310.677898023394
1716998400000,2024-05-29 16:00:00+00:00,9310.677898023394
1717002000000,2024-05-29 17:00:00+00:00,9310.677898023394
1717005600000,2024-05-29 18:00:00+00:00,9310.677898023394
1717009200000,2024-05-29 19:00:00+00:00,9310.677898023394
1717012800000,2024-05-29 20:00:00+00:00,9310.677898023394
1717016400000,2024-05-29 21:00:00+00:00,9310.677898023394
1717020000000,2024-05-29 22:00:00+00:00,9310.677898023394
1717023600000,2024-05-29 23:00:00+00:00,9310.677898023394
1717027200000,2024-05-30 00:00:00+00:00,9310.677898023394
1717030800000,2024-05-30 01:00:00+00:00,9310.677898023394
1717034400000,2024-05-30 02:00:00+00:00,9310.677898023394
1717038000000,2024-05-30 03:00:00+00:00,9310.677898023394
1717041600000,2024-05-30 04:00:00+00:00,9310.677898023394
1717045200000,2024-05-30 05:00:00+00:00,9310.677898023394
1717048800000,2024-05-30 06:00:00+00:00,9310.677898023394
1717052400000,2024-05-30 07:00:00+00:00,9269.781887713047
1717056000000,2024-05-30 08:00:00+00:00,9269.781887713047
1717059600000,2024-05-30 09:00:00+00:00,9269.781887713047
1717063200000,2024-05-30 10:00:00+00:00,9269.781887713047
1717066800000,2024-05-30 11:00:00+00:00,9269.781887713047
1717070400000,2024-05-30 12:00:00+00:00,9269.781887713047
1717074000000,2024-05-30 13:00:00+00:00,9269.781887713047
1717077600000,2024-05-30 14:00:00+00:00,9269.781887713047
1717081200000,2024-05-30 15:00:00+00:00,9269.781887713047
1717084800000,2024-05-30 16:00:00+00:00,9269.781887713047
1717088400000,2024-05-30 17:00:00+00:00,9269.781887713047
1717092000000,2024-05-30 18:00:00+00:00,9269.781887713047
1717095600000,2024-05-30 19:00:00+00:00,9269.781887713047
1717099200000,2024-05-30 20:00:00+00:00,9269.781887713047
1717102800000,2024-05-30 21:00:00+00:00,9269.781887713047
1717106400000,2024-05-30 22:00:00+00:00,9269.781887713047
1717110000000,2024-05-30 23:00:00+00:00,9269.781887713047
1717113600000,2024-05-31 00:00:00+00:00,9269.781887713047
1717117200000,2024-05-31 01:00:00+00:00,9269.781887713047
1717120800000,2024-05-31 02:00:00+00:00,9269.781887713047
1717124400000,2024-05-31 03:00:00+00:00,9269.781887713047
1717128000000,2024-05-31 04:00:00+00:00,9269.781887713047
1717131600000,2024-05-31 05:00:00+00:00,9269.781887713047
1717135200000,2024-05-31 06:00:00+00:00,9269.781887713047
1717138800000,2024-05-31 07:00:00+00:00,9269.781887713047
1717142400000,2024-05-31 08:00:00+00:00,9269.781887713047
1717146000000,2024-05-31 09:00:00+00:00,9269.781887713047
1717149600000,2024-05-31 10:00:00+00:00,9269.781887713047
1717153200000,2024-05-31 11:00:00+00:00,9269.781887713047
1717156800000,2024-05-31 12:00:00+00:00,9286.120079603948
1717160400000,2024-05-31 13:00:00+00:00,9286.120079603948
1717164000000,2024-05-31 14:00:00+00:00,9286.120079603948
1717167600000,2024-05-31 15:00:00+00:00,9285.58155153214
1717171200000,2024-05-31 16:00:00+00:00,9285.58155153214
1717174800000,2024-05-31 17:00:00+00:00,9285.58155153214
1717178400000,2024-05-31 18:00:00+00:00,9285.58155153214
1717182000000,2024-05-31 19:00:00+00:00,9285.58155153214
1717185600000,2024-05-31 20:00:00+00:00,9285.58155153214
1717189200000,2024-05-31 21:00:00+00:00,9285.58155153214
1717192800000,2024-05-31 22:00:00+00:00,9285.58155153214
1717196400000,2024-05-31 23:00:00+00:00,9285.58155153214
1717200000000,2024-06-01 00:00:00+00:00,9285.58155153214
1717203600000,2024-06-01 01:00:00+00:00,9285.58155153214
1717207200000,2024-06-01 02:00:00+00:00,9285.58155153214
1717210800000,2024-06-01 03:00:00+00:00,9285.58155153214
1717214400000,2024-06-01 04:00:00+00:00,9285.58155153214
1717218000000,2024-06-01 05:00:00+00:00,9285.58155153214
1717221600000,2024-06-01 06:00:00+00:00,9285.58155153214
1717225200000,2024-06-01 07:00:00+00:00,9285.58155153214
1717228800000,2024-06-01 08:00:00+00:00,9285.58155153214
1717232400000,2024-06-01 09:00:00+00:00,9285.58155153214
1717236000000,2024-06-01 10:00:00+00:00,9285.58155153214
1717239600000,2024-06-01 11:00:00+00:00,9285.58155153214
1717243200000,2024-06-01 12:00:00+00:00,9285.58155153214
1717246800000,2024-06-01 13:00:00+00:00,9285.58155153214
1717250400000,2024-06-01 14:00:00+00:00,9285.58155153214
1717254000000,2024-06-01 15:00:00+00:00,9285.58155153214
1717257600000,2024-06-01 16:00:00+00:00,9285.58155153214
1717261200000,2024-06-01 17:00:00+00:00,9285.58155153214
1717264800000,2024-06-01 18:00:00+00:00,9285.58155153214
1717268400000,2024-06-01 19:00:00+00:00,9285.58155153214
1717272000000,2024-06-01 20:00:00+00:00,9285.58155153214
1717275600000,2024-06-01 21:00:00+00:00,9285.58155153214
1717279200000,2024-06-01 22:00:00+00:00,9285.58155153214
1717282800000,2024-06-01 23:00:00+00:00,9285.58155153214
1717286400000,2024-06-02 00:00:00+00:00,9285.58155153214
1717290000000,2024-06-02 01:00:00+00:00,9285.58155153214
1717293600000,2024-06-02 02:00:00+00:00,9285.58155153214
1717297200000,2024-06-02 03:00:00+00:00,9285.58155153214
1717300800000,2024-06-02 04:00:00+00:00,9285.58155153214
1717304400000,2024-06-02 05:00:00+00:00,9285.58155153214
1717308000000,2024-06-02 06:00:00+00:00,9285.58155153214
1717311600000,2024-06-02 07:00:00+00:00,9285.58155153214
1717315200000,2024-06-02 08:00:00+00:00,9285.58155153214
1717318800000,2024-06-02 09:00:00+00:00,9285.58155153214
1717322400000,2024-06-02 10:00:00+00:00,9285.58155153214
1717326000000,2024-06-02 11:00:00+00:00,9285.58155153214
1717329600000,2024-06-02 12:00:00+00:00,9285.58155153214
1717333200000,2024-06-02 13:00:00+00:00,9285.58155153214
1717336800000,2024-06-02 14:00:00+00:00,9285.58155153214
1717340400000,2024-06-02 15:00:00+00:00,9285.58155153214
1717344000000,2024-06-02 16:00:00+00:00,9285.58155153214
1717347600000,2024-06-02 17:00:00+00:00,9285.58155153214
1717351200000,2024-06-02 18:00:00+00:00,9295.469997761293
1717354800000,2024-06-02 19:00:00+00:00,9295.469997761293
1717358400000,2024-06-02 20:00:00+00:00,9295.469997761293
1717362000000,2024-06-02 21:00:00+00:00,9295.469997761293
1717365600000,2024-06-02 22:00:00+00:00,9295.469997761293
1717369200000,2024-06-02 23:00:00+00:00,9295.469997761293
1717372800000,2024-06-03 00:00:00+00:00,9295.469997761293
1717376400000,2024-06-03 01:00:00+00:00,9295.469997761293
1717380000000,2024-06-03 02:00:00+00:00,9294.186538051114
1717383600000,2024-06-03 03:00:00+00:00,9294.186538051114
1717387200000,2024-06-03 04:00:00+00:00,9294.186538051114
1717390800000,2024-06-03 05:00:00+00:00,9294.186538051114
1717394400000,2024-06-03 06:00:00+00:00,9294.186538051114
1717398000000,2024-06-03 07:00:00+00:00,9294.186538051114
1717401600000,2024-06-03 08:00:00+00:00,9264.662326322454
1717405200000,2024-06-03 09:00:00+00:00,9264.662326322454
1717408800000,2024-06-03 10:00:00+00:00,9264.662326322454
1717412400000,2024-06-03 11:00:00+00:00,9264.662326322454
1717416000000,2024-06-03 12:00:00+00:00,9264.662326322454
1717419600000,2024-06-03 13:00:00+00:00,9264.662326322454
1717423200000,2024-06-03 14:00:00+00:00,9264.662326322454
1717426800000,2024-06-03 15:00:00+00:00,9264.662326322454
1717430400000,2024-06-03 16:00:00+00:00,9264.662326322454
1717434000000,2024-06-03 17:00:00+00:00,9264.662326322454
1717437600000,2024-06-03 18:00:00+00:00,9264.662326322454
1717441200000,2024-06-03 19:00:00+00:00,9264.662326322454
1717444800000,2024-06-03 20:00:00+00:00,9264.662326322454
1717448400000,2024-06-03 21:00:00+00:00,9264.662326322454
1717452000000,2024-06-03 22:00:00+00:00,9264.662326322454
1717455600000,2024-06-03 23:00:00+00:00,9264.662326322454
1717459200000,2024-06-04 00:00:00+00:00,9264.662326322454
1717462800000,2024-06-04 01:00:00+00:00,9264.662326322454
1717466400000,2024-06-04 02:00:00+00:00,9264.662326322454
1717470000000,2024-06-04 03:00:00+00:00,9264.662326322454
1717473600000,2024-06-04 04:00:00+00:00,9264.662326322454
1717477200000,2024-06-04 05:00:00+00:00,9264.662326322454
1717480800000,2024-06-04 06:00:00+00:00,9264.662326322454
1717484400000,2024-06-04 07:00:00+00:00,9264.662326322454
1717488000000,2024-06-04 08:00:00+00:00,9264.662326322454
1717491600000,2024-06-04 09:00:00+00:00,9264.662326322454
1717495200000,2024-06-04 10:00:00+00:00,9264.662326322454
1717498800000,2024-06-04 11:00:00+00:00,9264.662326322454
1717502400000,2024-06-04 12:00:00+00:00,9264.662326322454
1717506000000,2024-06-04 13:00:00+00:00,9264.662326322454
1717509600000,2024-06-04 14:00:00+00:00,9264.662326322454
1717513200000,2024-06-04 15:00:00+00:00,9264.662326322454
1717516800000,2024-06-04 16:00:00+00:00,9264.662326322454
1717520400000,2024-06-04 17:00:00+00:00,9264.662326322454
1717524000000,2024-06-04 18:00:00+00:00,9264.662326322454
1717527600000,2024-06-04 19:00:00+00:00,9264.662326322454
1717531200000,2024-06-04 20:00:00+00:00,9264.662326322454
1717534800000,2024-06-04 21:00:00+00:00,9264.662326322454
1717538400000,2024-06-04 22:00:00+00:00,9264.662326322454
1717542000000,2024-06-04 23:00:00+00:00,9264.662326322454
1717545600000,2024-06-05 00:00:00+00:00,9264.662326322454
1717549200000,2024-06-05 01:00:00+00:00,9264.662326322454
1717552800000,2024-06-05 02:00:00+00:00,9275.602490367814
1717556400000,2024-06-05 03:00:00+00:00,9275.602490367814
1717560000000,2024-06-05 04:00:00+00:00,9275.602490367814
1717563600000,2024-06-05 05:00:00+00:00,9275.602490367814
1717567200000,2024-06-05 06:00:00+00:00,9275.602490367814
1717570800000,2024-06-05 07:00:00+00:00,9275.602490367814
1717574400000,2024-06-05 08:00:00+00:00,9275.602490367814
1717578000000,2024-06-05 09:00:00+00:00,9275.602490367814
1717581600000,2024-06-05 10:00:00+00:00,9275.602490367814
1717585200000,2024-06-05 11:00:00+00:00,9275.602490367814
1717588800000,2024-06-05 12:00:00+00:00,9275.602490367814
1717592400000,2024-06-05 13:00:00+00:00,9275.602490367814
1717596000000,2024-06-05 14:00:00+00:00,9275.602490367814
1717599600000,2024-06-05 15:00:00+00:00,9275.602490367814
1717603200000,2024-06-05 16:00:00+00:00,9275.602490367814
1717606800000,2024-06-05 17:00:00+00:00,9275.602490367814
1717610400000,2024-06-05 18:00:00+00:00,9291.866544162736
1717614000000,2024-06-05 19:00:00+00:00,9291.866544162736
1717617600000,2024-06-05 20:00:00+00:00,9291.866544162736
1717621200000,2024-06-05 21:00:00+00:00,9291.866544162736
1717624800000,2024-06-05 22:00:00+00:00,9291.866544162736
1717628400000,2024-06-05 23:00:00+00:00,9291.866544162736
1717632000000,2024-06-06 00:00:00+00:00,9291.866544162736
1717635600000,2024-06-06 01:00:00+00:00,9291.866544162736
1717639200000,2024-06-06 02:00:00+00:00,9291.866544162736
1717642800000,2024-06-06 03:00:00+00:00,9291.866544162736
1717646400000,2024-06-06 04:00:00+00:00,9291.866544162736
1717650000000,2024-06-06 05:00:00+00:00,9291.866544162736
1717653600000,2024-06-06 06:00:00+00:00,9291.866544162736
1717657200000,2024-06-06 07:00:00+00:00,9291.866544162736
1717660800000,2024-06-06 08:00:00+00:00,9291.866544162736
1717664400000,2024-06-06 09:00:00+00:00,9291.866544162736
1717668000000,2024-06-06 10:00:00+00:00,9291.866544162736
1717671600000,2024-06-06 11:00:00+00:00,9291.866544162736
1717675200000,2024-06-06 12:00:00+00:00,9291.866544162736
1717678800000,2024-06-06 13:00:00+00:00,9291.866544162736
1717682400000,2024-06-06 14:00:00+00:00,9291.866544162736
1717686000000,2024-06-06 15:00:00+00:00,9291.866544162736
1717689600000,2024-06-06 16:00:00+00:00,9291.866544162736
1717693200000,2024-06-06 17:00:00+00:00,9291.866544162736
1717696800000,2024-06-06 18:00:00+00:00,9291.866544162736
1717700400000,2024-06-06 19:00:00+00:00,9297.105323288935
1717704000000,2024-06-06 20:00:00+00:00,9297.105323288935
1717707600000,2024-06-06 21:00:00+00:00,9297.105323288935
1717711200000,2024-06-06 22:00:00+00:00,9297.105323288935
1717714800000,2024-06-06 23:00:00+00:00,9297.105323288935
1717718400000,2024-06-07 00:00:00+00:00,9297.105323288935
1717722000000,2024-06-07 01:00:00+00:00,9297.105323288935
1717725600000,2024-06-07 02:00:00+00:00,9297.105323288935
1717729200000,2024-06-07 03:00:00+00:00,9297.105323288935
1717732800000,2024-06-07 04:00:00+00:00,9297.105323288935
1717736400000,2024-06-07 05:00:00+00:00,9297.105323288935
1717740000000,2024-06-07 06:00:00+00:00,9297.105323288935
1717743600000,2024-06-07 07:00:00+00:00,9297.105323288935
1717747200000,2024-06-07 08:00:00+00:00,9297.105323288935
1717750800000,2024-06-07 09:00:00+00:00,9297.105323288935
1717754400000,2024-06-07 10:00:00+00:00,9297.105323288935
1717758000000,2024-06-07 11:00:00+00:00,9297.105323288935
1717761600000,2024-06-07 12:00:00+00:00,9297.105323288935
1717765200000,2024-06-07 13:00:00+00:00,9297.105323288935
1717768800000,2024-06-07 14:00:00+00:00,9297.105323288935
1717772400000,2024-06-07 15:00:00+00:00,9297.105323288935
1717776000000,2024-06-07 16:00:00+00:00,9297.105323288935
1717779600000,2024-06-07 17:00:00+00:00,9263.19776774253
1717783200000,2024-06-07 18:00:00+00:00,9263.19776774253
1717786800000,2024-06-07 19:00:00+00:00,9366.57710012026
1717790400000,2024-06-07 20:00:00+00:00,9366.57710012026
1717794000000,2024-06-07 21:00:00+00:00,9366.57710012026
1717797600000,2024-06-07 22:00:00+00:00,9366.57710012026
1717801200000,2024-06-07 23:00:00+00:00,9366.57710012026
1717804800000,2024-06-08 00:00:00+00:00,9366.57710012026
1717808400000,2024-06-08 01:00:00+00:00,9366.57710012026
1717812000000,2024-06-08 02:00:00+00:00,9366.57710012026
1717815600000,2024-06-08 03:00:00+00:00,9366.57710012026
1717819200000,2024-06-08 04:00:00+00:00,9366.57710012026
1717822800000,2024-06-08 05:00:00+00:00,9366.57710012026
1717826400000,2024-06-08 06:00:00+00:00,9366.57710012026
1717830000000,2024-06-08 07:00:00+00:00,9366.57710012026
1717833600000,2024-06-08 08:00:00+00:00,9366.57710012026
1717837200000,2024-06-08 09:00:00+00:00,9366.57710012026
1717840800000,2024-06-08 10:00:00+00:00,9366.57710012026
1717844400000,2024-06-08 11:00:00+00:00,9366.57710012026
1717848000000,2024-06-08 12:00:00+00:00,9366.57710012026
1717851600000,2024-06-08 13:00:00+00:00,9366.57710012026
1717855200000,2024-06-08 14:00:00+00:00,9366.57710012026
1717858800000,2024-06-08 15:00:00+00:00,9366.57710012026
1717862400000,2024-06-08 16:00:00+00:00,9366.57710012026
1717866000000,2024-06-08 17:00:00+00:00,9366.57710012026
1717869600000,2024-06-08 18:00:00+00:00,9366.57710012026
1717873200000,2024-06-08 19:00:00+00:00,9366.57710012026
1717876800000,2024-06-08 20:00:00+00:00,9366.57710012026
1717880400000,2024-06-08 21:00:00+00:00,9366.57710012026
1717884000000,2024-06-08 22:00:00+00:00,9366.57710012026
1717887600000,2024-06-08 23:00:00+00:00,9366.57710012026
1717891200000,2024-06-09 00:00:00+00:00,9366.57710012026
1717894800000,2024-06-09 01:00:00+00:00,9366.57710012026
1717898400000,2024-06-09 02:00:00+00:00,9366.57710012026
1717902000000,2024-06-09 03:00:00+00:00,9366.57710012026
1717905600000,2024-06-09 04:00:00+00:00,9366.57710012026
1717909200000,2024-06-09 05:00:00+00:00,9366.57710012026
1717912800000,2024-06-09 06:00:00+00:00,9366.57710012026
1717916400000,2024-06-09 07:00:00+00:00,9366.57710012026
1717920000000,2024-06-09 08:00:00+00:00,9366.57710012026
1717923600000,2024-06-09 09:00:00+00:00,9366.57710012026
1717927200000,2024-06-09 10:00:00+00:00,9366.57710012026
1717930800000,2024-06-09 11:00:00+00:00,9366.57710012026
1717934400000,2024-06-09 12:00:00+00:00,9366.57710012026
1717938000000,2024-06-09 13:00:00+00:00,9366.57710012026
1717941600000,2024-06-09 14:00:00+00:00,9366.57710012026
1717945200000,2024-06-09 15:00:00+00:00,9366.57710012026
1717948800000,2024-06-09 16:00:00+00:00,9366.57710012026
1717952400000,2024-06-09 17:00:00+00:00,9366.57710012026
1717956000000,2024-06-09 18:00:00+00:00,9366.57710012026
1717959600000,2024-06-09 19:00:00+00:00,9366.57710012026
1717963200000,2024-06-09 20:00:00+00:00,9366.57710012026
1717966800000,2024-06-09 21:00:00+00:00,9366.57710012026
1717970400000,2024-06-09 22:00:00+00:00,9366.57710012026
1717974000000,2024-06-09 23:00:00+00:00,9366.57710012026
1717977600000,2024-06-10 00:00:00+00:00,9366.57710012026
1717981200000,2024-06-10 01:00:00+00:00,9366.57710012026
1717984800000,2024-06-10 02:00:00+00:00,9366.57710012026
1717988400000,2024-06-10 03:00:00+00:00,9366.57710012026
1717992000000,2024-06-10 04:00:00+00:00,9366.57710012026
1717995600000,2024-06-10 05:00:00+00:00,9366.57710012026
1717999200000,2024-06-10 06:00:00+00:00,9366.57710012026
1718002800000,2024-06-10 07:00:00+00:00,9322.297364224933
1718006400000,2024-06-10 08:00:00+00:00,9322.297364224933
1718010000000,2024-06-10 09:00:00+00:00,9322.297364224933
1718013600000,2024-06-10 10:00:00+00:00,9322.297364224933
1718017200000,2024-06-10 11:00:00+00:00,9322.297364224933
1718020800000,2024-06-10 12:00:00+00:00,9322.297364224933
1718024400000,2024-06-10 13:00:00+00:00,9322.297364224933
1718028000000,2024-06-10 14:00:00+00:00,9322.297364224933
1718031600000,2024-06-10 15:00:00+00:00,9331.82856736529
1718035200000,2024-06-10 16:00:00+00:00,9333.536255422237
1718038800000,2024-06-10 17:00:00+00:00,9333.536255422237
1718042400000,2024-06-10 18:00:00+00:00,9333.536255422237
1718046000000,2024-06-10 19:00:00+00:00,9280.969321414881
1718049600000,2024-06-10 20:00:00+00:00,9280.969321414881
1718053200000,2024-06-10 21:00:00+00:00,9280.969321414881
1718056800000,2024-06-10 22:00:00+00:00,9280.969321414881
1718060400000,2024-06-10 23:00:00+00:00,9280.969321414881
1718064000000,2024-06-11 00:00:00+00:00,9280.969321414881
1718067600000,2024-06-11 01:00:00+00:00,9280.969321414881
1718071200000,2024-06-11 02:00:00+00:00,9280.969321414881
1718074800000,2024-06-11 03:00:00+00:00,9280.969321414881
1718078400000,2024-06-11 04:00:00+00:00,9280.969321414881
1718082000000,2024-06-11 05:00:00+00:00,9280.969321414881
1718085600000,2024-06-11 06:00:00+00:00,9280.969321414881
1718089200000,2024-06-11 07:00:00+00:00,9280.969321414881
1718092800000,2024-06-11 08:00:00+00:00,9280.969321414881
1718096400000,2024-06-11 09:00:00+00:00,9233.543261147981
1718100000000,2024-06-11 10:00:00+00:00,9233.543261147981
1718103600000,2024-06-11 11:00:00+00:00,9233.543261147981
1718107200000,2024-06-11 12:00:00+00:00,9233.543261147981
1718110800000,2024-06-11 13:00:00+00:00,9233.543261147981
1718114400000,2024-06-11 14:00:00+00:00,9233.543261147981
1718118000000,2024-06-11 15:00:00+00:00,9199.143727704512
1718121600000,2024-06-11 16:00:00+00:00,9199.143727704512
1718125200000,2024-06-11 17:00:00+00:00,9199.143727704512
1718128800000,2024-06-11 18:00:00+00:00,9199.143727704512
1718132400000,2024-06-11 19:00:00+00:00,9199.143727704512
1718136000000,2024-06-11 20:00:00+00:00,9199.143727704512
1718139600000,2024-06-11 21:00:00+00:00,9199.143727704512
1718143200000,2024-06-11 22:00:00+00:00,9199.143727704512
1718146800000,2024-06-11 23:00:00+00:00,9199.143727704512
1718150400000,2024-06-12 00:00:00+00:00,9199.143727704512
1718154000000,2024-06-12 01:00:00+00:00,9199.143727704512
1718157600000,2024-06-12 02:00:00+00:00,9199.143727704512
1718161200000,2024-06-12 03:00:00+00:00,9199.143727704512
1718164800000,2024-06-12 04:00:00+00:00,9199.143727704512
1718168400000,2024-06-12 05:00:00+00:00,9199.143727704512
1718172000000,2024-06-12 06:00:00+00:00,9199.143727704512
1718175600000,2024-06-12 07:00:00+00:00,9199.143727704512
1718179200000,2024-06-12 08:00:00+00:00,9199.143727704512
1718182800000,2024-06-12 09:00:00+00:00,9199.143727704512
1718186400000,2024-06-12 10:00:00+00:00,9199.143727704512
1718190000000,2024-06-12 11:00:00+00:00,9199.143727704512
1718193600000,2024-06-12 12:00:00+00:00,9202.46698688017
1718197200000,2024-06-12 13:00:00+00:00,9176.604025764775
1718200800000,2024-06-12 14:00:00+00:00,9176.604025764775
1718204400000,2024-06-12 15:00:00+00:00,9176.604025764775
1718208000000,2024-06-12 16:00:00+00:00,9176.604025764775
1718211600000,2024-06-12 17:00:00+00:00,9176.604025764775
1718215200000,2024-06-12 18:00:00+00:00,9176.604025764775
1718218800000,2024-06-12 19:00:00+00:00,9176.604025764775
1718222400000,2024-06-12 20:00:00+00:00,9176.604025764775
1718226000000,2024-06-12 21:00:00+00:00,9176.604025764775
1718229600000,2024-06-12 22:00:00+00:00,9176.604025764775
1718233200000,2024-06-12 23:00:00+00:00,9176.604025764775
1718236800000,2024-06-13 00:00:00+00:00,9176.604025764775
1718240400000,2024-06-13 01:00:00+00:00,9176.604025764775
1718244000000,2024-06-13 02:00:00+00:00,9176.604025764775
1718247600000,2024-06-13 03:00:00+00:00,9176.604025764775
1718251200000,2024-06-13 04:00:00+00:00,9176.604025764775
1718254800000,2024-06-13 05:00:00+00:00,9176.604025764775
1718258400000,2024-06-13 06:00:00+00:00,9176.604025764775
1718262000000,2024-06-13 07:00:00+00:00,9176.604025764775
1718265600000,2024-06-13 08:00:00+00:00,9176.604025764775
1718269200000,2024-06-13 09:00:00+00:00,9176.604025764775
1718272800000,2024-06-13 10:00:00+00:00,9176.604025764775
1718276400000,2024-06-13 11:00:00+00:00,9176.604025764775
1718280000000,2024-06-13 12:00:00+00:00,9176.604025764775
1718283600000,2024-06-13 13:00:00+00:00,9176.604025764775
1718287200000,2024-06-13 14:00:00+00:00,9176.604025764775
1718290800000,2024-06-13 15:00:00+00:00,9176.604025764775
1718294400000,2024-06-13 16:00:00+00:00,9176.604025764775
1718298000000,2024-06-13 17:00:00+00:00,9176.604025764775
1718301600000,2024-06-13 18:00:00+00:00,9176.604025764775
1718305200000,2024-06-13 19:00:00+00:00,9176.604025764775
1718308800000,2024-06-13 20:00:00+00:00,9176.604025764775
1718312400000,2024-06-13 21:00:00+00:00,9176.604025764775
1718316000000,2024-06-13 22:00:00+00:00,9176.604025764775
1718319600000,2024-06-13 23:00:00+00:00,9176.604025764775
1718323200000,2024-06-14 00:00:00+00:00,9176.604025764775
1718326800000,2024-06-14 01:00:00+00:00,9176.604025764775
1718330400000,2024-06-14 02:00:00+00:00,9176.604025764775
1718334000000,2024-06-14 03:00:00+00:00,9176.604025764775
1718337600000,2024-06-14 04:00:00+00:00,9176.604025764775
1718341200000,2024-06-14 05:00:00+00:00,9176.604025764775
1718344800000,2024-06-14 06:00:00+00:00,9176.604025764775
1718348400000,2024-06-14 07:00:00+00:00,9176.604025764775
1718352000000,2024-06-14 08:00:00+00:00,9176.604025764775
1718355600000,2024-06-14 09:00:00+00:00,9176.604025764775
1718359200000,2024-06-14 10:00:00+00:00,9176.604025764775
1718362800000,2024-06-14 11:00:00+00:00,9176.604025764775
1718366400000,2024-06-14 12:00:00+00:00,9176.604025764775
1718370000000,2024-06-14 13:00:00+00:00,9176.604025764775
1718373600000,2024-06-14 14:00:00+00:00,9176.604025764775
1718377200000,2024-06-14 15:00:00+00:00,9176.604025764775
1718380800000,2024-06-14 16:00:00+00:00,9186.722407811534
1718384400000,2024-06-14 17:00:00+00:00,9186.722407811534
1718388000000,2024-06-14 18:00:00+00:00,9186.722407811534
1718391600000,2024-06-14 19:00:00+00:00,9186.722407811534
1718395200000,2024-06-14 20:00:00+00:00,9186.722407811534
1718398800000,2024-06-14 21:00:00+00:00,9190.792188253361
1718402400000,2024-06-14 22:00:00+00:00,9190.792188253361
1718406000000,2024-06-14 23:00:00+00:00,9190.792188253361
1718409600000,2024-06-15 00:00:00+00:00,9190.792188253361
1718413200000,2024-06-15 01:00:00+00:00,9190.792188253361
1718416800000,2024-06-15 02:00:00+00:00,9190.792188253361
1718420400000,2024-06-15 03:00:00+00:00,9190.792188253361
1718424000000,2024-06-15 04:00:00+00:00,9190.792188253361
1718427600000,2024-06-15 05:00:00+00:00,9190.792188253361
1718431200000,2024-06-15 06:00:00+00:00,9190.792188253361
1718434800000,2024-06-15 07:00:00+00:00,9190.792188253361
1718438400000,2024-06-15 08:00:00+00:00,9190.792188253361
1718442000000,2024-06-15 09:00:00+00:00,9190.792188253361
1718445600000,2024-06-15 10:00:00+00:00,9190.792188253361
1718449200000,2024-06-15 11:00:00+00:00,9190.792188253361
1718452800000,2024-06-15 12:00:00+00:00,9190.792188253361
1718456400000,2024-06-15 13:00:00+00:00,9190.792188253361
1718460000000,2024-06-15 14:00:00+00:00,9190.792188253361
1718463600000,2024-06-15 15:00:00+00:00,9190.792188253361
1718467200000,2024-06-15 16:00:00+00:00,9190.792188253361
1718470800000,2024-06-15 17:00:00+00:00,9190.792188253361
1718474400000,2024-06-15 18:00:00+00:00,9190.792188253361
1718478000000,2024-06-15 19:00:00+00:00,9190.792188253361
1718481600000,2024-06-15 20:00:00+00:00,9190.792188253361
1718485200000,2024-06-15 21:00:00+00:00,9190.792188253361
1718488800000,2024-06-15 22:00:00+00:00,9190.792188253361
1718492400000,2024-06-15 23:00:00+00:00,9190.792188253361
1718496000000,2024-06-16 00:00:00+00:00,9190.792188253361
1718499600000,2024-06-16 01:00:00+00:00,9190.792188253361
1718503200000,2024-06-16 02:00:00+00:00,9190.792188253361
1718506800000,2024-06-16 03:00:00+00:00,9190.792188253361
1718510400000,2024-06-16 04:00:00+00:00,9190.792188253361
1718514000000,2024-06-16 05:00:00+00:00,9190.792188253361
1718517600000,2024-06-16 06:00:00+00:00,9190.792188253361
1718521200000,2024-06-16 07:00:00+00:00,9190.792188253361
1718524800000,2024-06-16 08:00:00+00:00,9190.792188253361
1718528400000,2024-06-16 09:00:00+00:00,9190.792188253361
1718532000000,2024-06-16 10:00:00+00:00,9190.792188253361
1718535600000,2024-06-16 11:00:00+00:00,9190.792188253361
1718539200000,2024-06-16 12:00:00+00:00,9190.792188253361
1718542800000,2024-06-16 13:00:00+00:00,9190.792188253361
1718546400000,2024-06-16 14:00:00+00:00,9190.792188253361
1718550000000,2024-06-16 15:00:00+00:00,9190.792188253361
1718553600000,2024-06-16 16:00:00+00:00,9190.792188253361
1718557200000,2024-06-16 17:00:00+00:00,9190.792188253361
1718560800000,2024-06-16 18:00:00+00:00,9190.792188253361
1718564400000,2024-06-16 19:00:00+00:00,9190.792188253361
1718568000000,2024-06-16 20:00:00+00:00,9190.792188253361
1718571600000,2024-06-16 21:00:00+00:00,9190.792188253361
1718575200000,2024-06-16 22:00:00+00:00,9190.792188253361
1718578800000,2024-06-16 23:00:00+00:00,9190.792188253361
1718582400000,2024-06-17 00:00:00+00:00,9190.792188253361
1718586000000,2024-06-17 01:00:00+00:00,9190.792188253361
1718589600000,2024-06-17 02:00:00+00:00,9190.792188253361
1718593200000,2024-06-17 03:00:00+00:00,9190.792188253361
1718596800000,2024-06-17 04:00:00+00:00,9190.792188253361
1718600400000,2024-06-17 05:00:00+00:00,9190.792188253361
1718604000000,2024-06-17 06:00:00+00:00,9190.792188253361
1718607600000,2024-06-17 07:00:00+00:00,9164.826444542095
1718611200000,2024-06-17 08:00:00+00:00,9138.566543511033
1718614800000,2024-06-17 09:00:00+00:00,9138.566543511033
1718618400000,2024-06-17 10:00:00+00:00,9138.566543511033
1718622000000,2024-06-17 11:00:00+00:00,9138.566543511033
1718625600000,2024-06-17 12:00:00+00:00,9138.566543511033
1718629200000,2024-06-17 13:00:00+00:00,9138.566543511033
1718632800000,2024-06-17 14:00:00+00:00,9138.566543511033
1718636400000,2024-06-17 15:00:00+00:00,9138.566543511033
1718640000000,2024-06-17 16:00:00+00:00,9138.566543511033
1718643600000,2024-06-17 17:00:00+00:00,9138.566543511033
1718647200000,2024-06-17 18:00:00+00:00,9138.566543511033
1718650800000,2024-06-17 19:00:00+00:00,9138.566543511033
1718654400000,2024-06-17 20:00:00+00:00,9138.566543511033
1718658000000,2024-06-17 21:00:00+00:00,9138.566543511033
1718661600000,2024-06-17 22:00:00+00:00,9138.566543511033
1718665200000,2024-06-17 23:00:00+00:00,9138.566543511033
1718668800000,2024-06-18 00:00:00+00:00,9096.309865498371
1718672400000,2024-06-18 01:00:00+00:00,9096.309865498371
1718676000000,2024-06-18 02:00:00+00:00,9096.309865498371
1718679600000,2024-06-18 03:00:00+00:00,9096.309865498371
1718683200000,2024-06-18 04:00:00+00:00,9096.309865498371
1718686800000,2024-06-18 05:00:00+00:00,9096.309865498371
1718690400000,2024-06-18 06:00:00+00:00,9096.309865498371
1718694000000,2024-06-18 07:00:00+00:00,9096.309865498371
1718697600000,2024-06-18 08:00:00+00:00,9096.309865498371
1718701200000,2024-06-18 09:00:00+00:00,9096.309865498371
1718704800000,2024-06-18 10:00:00+00:00,9096.309865498371
1718708400000,2024-06-18 11:00:00+00:00,9096.309865498371
1718712000000,2024-06-18 12:00:00+00:00,9096.309865498371
1718715600000,2024-06-18 13:00:00+00:00,9096.309865498371
1718719200000,2024-06-18 14:00:00+00:00,9096.309865498371
1718722800000,2024-06-18 15:00:00+00:00,9096.309865498371
1718726400000,2024-06-18 16:00:00+00:00,9096.309865498371
1718730000000,2024-06-18 17:00:00+00:00,9096.309865498371
1718733600000,2024-06-18 18:00:00+00:00,9096.309865498371
1718737200000,2024-06-18 19:00:00+00:00,9096.309865498371
1718740800000,2024-06-18 20:00:00+00:00,9096.309865498371
1718744400000,2024-06-18 21:00:00+00:00,9096.309865498371
1718748000000,2024-06-18 22:00:00+00:00,9096.309865498371
1718751600000,2024-06-18 23:00:00+00:00,9096.309865498371
1718755200000,2024-06-19 00:00:00+00:00,9096.309865498371
1718758800000,2024-06-19 01:00:00+00:00,9096.309865498371
1718762400000,2024-06-19 02:00:00+00:00,9096.309865498371
1718766000000,2024-06-19 03:00:00+00:00,9096.309865498371
1718769600000,2024-06-19 04:00:00+00:00,9096.309865498371
1718773200000,2024-06-19 05:00:00+00:00,9096.309865498371
1718776800000,2024-06-19 06:00:00+00:00,9096.309865498371
1718780400000,2024-06-19 07:00:00+00:00,9096.309865498371
1718784000000,2024-06-19 08:00:00+00:00,9096.309865498371
1718787600000,2024-06-19 09:00:00+00:00,9096.309865498371
1718791200000,2024-06-19 10:00:00+00:00,9096.309865498371
1718794800000,2024-06-19 11:00:00+00:00,9096.309865498371
1718798400000,2024-06-19 12:00:00+00:00,9096.309865498371
1718802000000,2024-06-19 13:00:00+00:00,9096.309865498371
1718805600000,2024-06-19 14:00:00+00:00,9096.309865498371
1718809200000,2024-06-19 15:00:00+00:00,9096.309865498371
1718812800000,2024-06-19 16:00:00+00:00,9096.309865498371
1718816400000,2024-06-19 17:00:00+00:00,9096.309865498371
1718820000000,2024-06-19 18:00:00+00:00,9096.309865498371
1718823600000,2024-06-19 19:00:00+00:00,9096.309865498371
1718827200000,2024-06-19 20:00:00+00:00,9096.309865498371
1718830800000,2024-06-19 21:00:00+00:00,9096.309865498371
1718834400000,2024-06-19 22:00:00+00:00,9096.309865498371
1718838000000,2024-06-19 23:00:00+00:00,9096.309865498371
1718841600000,2024-06-20 00:00:00+00:00,9096.309865498371
1718845200000,2024-06-20 01:00:00+00:00,9096.309865498371
1718848800000,2024-06-20 02:00:00+00:00,9096.309865498371
1718852400000,2024-06-20 03:00:00+00:00,9096.309865498371
1718856000000,2024-06-20 04:00:00+00:00,9096.309865498371
1718859600000,2024-06-20 05:00:00+00:00,9096.309865498371
1718863200000,2024-06-20 06:00:00+00:00,9096.309865498371
1718866800000,2024-06-20 07:00:00+00:00,9096.309865498371
1718870400000,2024-06-20 08:00:00+00:00,9096.309865498371
1718874000000,2024-06-20 09:00:00+00:00,9096.309865498371
1718877600000,2024-06-20 10:00:00+00:00,9096.309865498371
1718881200000,2024-06-20 11:00:00+00:00,9096.309865498371
1718884800000,2024-06-20 12:00:00+00:00,9096.309865498371
1718888400000,2024-06-20 13:00:00+00:00,9096.309865498371
1718892000000,2024-06-20 14:00:00+00:00,9096.309865498371
1718895600000,2024-06-20 15:00:00+00:00,9096.309865498371
1718899200000,2024-06-20 16:00:00+00:00,9096.309865498371
1718902800000,2024-06-20 17:00:00+00:00,9096.309865498371
1718906400000,2024-06-20 18:00:00+00:00,9096.309865498371
1718910000000,2024-06-20 19:00:00+00:00,9096.309865498371
1718913600000,2024-06-20 20:00:00+00:00,9096.309865498371
1718917200000,2024-06-20 21:00:00+00:00,9096.309865498371
1718920800000,2024-06-20 22:00:00+00:00,9096.309865498371
1718924400000,2024-06-20 23:00:00+00:00,9096.309865498371
1718928000000,2024-06-21 00:00:00+00:00,9096.309865498371
1718931600000,2024-06-21 01:00:00+00:00,9096.309865498371
1718935200000,2024-06-21 02:00:00+00:00,9096.309865498371
1718938800000,2024-06-21 03:00:00+00:00,9096.309865498371
1718942400000,2024-06-21 04:00:00+00:00,9096.309865498371
1718946000000,2024-06-21 05:00:00+00:00,9096.309865498371
1718949600000,2024-06-21 06:00:00+00:00,9096.309865498371
1718953200000,2024-06-21 07:00:00+00:00,9096.309865498371
1718956800000,2024-06-21 08:00:00+00:00,9096.309865498371
1718960400000,2024-06-21 09:00:00+00:00,9096.309865498371
1718964000000,2024-06-21 10:00:00+00:00,9096.309865498371
1718967600000,2024-06-21 11:00:00+00:00,9096.309865498371
1718971200000,2024-06-21 12:00:00+00:00,9096.309865498371
1718974800000,2024-06-21 13:00:00+00:00,9096.309865498371
1718978400000,2024-06-21 14:00:00+00:00,9096.309865498371
1718982000000,2024-06-21 15:00:00+00:00,9096.309865498371
1718985600000,2024-06-21 16:00:00+00:00,9096.309865498371
1718989200000,2024-06-21 17:00:00+00:00,9096.309865498371
1718992800000,2024-06-21 18:00:00+00:00,9096.309865498371
1718996400000,2024-06-21 19:00:00+00:00,9096.309865498371
1719000000000,2024-06-21 20:00:00+00:00,9096.309865498371
1719003600000,2024-06-21 21:00:00+00:00,9096.309865498371
1719007200000,2024-06-21 22:00:00+00:00,9096.309865498371
1719010800000,2024-06-21 23:00:00+00:00,9096.309865498371
1719014400000,2024-06-22 00:00:00+00:00,9096.309865498371
1719018000000,2024-06-22 01:00:00+00:00,9096.309865498371
1719021600000,2024-06-22 02:00:00+00:00,9096.309865498371
1719025200000,2024-06-22 03:00:00+00:00,9096.309865498371
1719028800000,2024-06-22 04:00:00+00:00,9096.309865498371
1719032400000,2024-06-22 05:00:00+00:00,9096.309865498371
1719036000000,2024-06-22 06:00:00+00:00,9096.309865498371
1719039600000,2024-06-22 07:00:00+00:00,9096.309865498371
1719043200000,2024-06-22 08:00:00+00:00,9096.309865498371
1719046800000,2024-06-22 09:00:00+00:00,9096.309865498371
1719050400000,2024-06-22 10:00:00+00:00,9096.309865498371
1719054000000,2024-06-22 11:00:00+00:00,9096.309865498371
1719057600000,2024-06-22 12:00:00+00:00,9096.309865498371
1719061200000,2024-06-22 13:00:00+00:00,9096.309865498371
1719064800000,2024-06-22 14:00:00+00:00,9096.309865498371
1719068400000,2024-06-22 15:00:00+00:00,9096.309865498371
1719072000000,2024-06-22 16:00:00+00:00,9096.309865498371
1719075600000,2024-06-22 17:00:00+00:00,9096.309865498371
1719079200000,2024-06-22 18:00:00+00:00,9096.309865498371
1719082800000,2024-06-22 19:00:00+00:00,9096.309865498371
1719086400000,2024-06-22 20:00:00+00:00,9096.309865498371
1719090000000,2024-06-22 21:00:00+00:00,9096.309865498371
1719093600000,2024-06-22 22:00:00+00:00,9096.309865498371
1719097200000,2024-06-22 23:00:00+00:00,9096.309865498371
1719100800000,2024-06-23 00:00:00+00:00,9096.309865498371
1719104400000,2024-06-23 01:00:00+00:00,9096.309865498371
1719108000000,2024-06-23 02:00:00+00:00,9096.309865498371
1719111600000,2024-06-23 03:00:00+00:00,9096.309865498371
1719115200000,2024-06-23 04:00:00+00:00,9096.309865498371
1719118800000,2024-06-23 05:00:00+00:00,9096.309865498371
1719122400000,2024-06-23 06:00:00+00:00,9096.309865498371
1719126000000,2024-06-23 07:00:00+00:00,9096.309865498371
1719129600000,2024-06-23 08:00:00+00:00,9096.309865498371
1719133200000,2024-06-23 09:00:00+00:00,9096.309865498371
1719136800000,2024-06-23 10:00:00+00:00,9096.309865498371
1719140400000,2024-06-23 11:00:00+00:00,9096.309865498371
1719144000000,2024-06-23 12:00:00+00:00,9096.309865498371
1719147600000,2024-06-23 13:00:00+00:00,9096.309865498371
1719151200000,2024-06-23 14:00:00+00:00,9096.309865498371
1719154800000,2024-06-23 15:00:00+00:00,9096.309865498371
1719158400000,2024-06-23 16:00:00+00:00,9096.309865498371
1719162000000,2024-06-23 17:00:00+00:00,9096.309865498371
1719165600000,2024-06-23 18:00:00+00:00,9096.309865498371
1719169200000,2024-06-23 19:00:00+00:00,9096.309865498371
1719172800000,2024-06-23 20:00:00+00:00,9106.790309754668
1719176400000,2024-06-23 21:00:00+00:00,9106.790309754668
1719180000000,2024-06-23 22:00:00+00:00,9106.790309754668
1719183600000,2024-06-23 23:00:00+00:00,9106.790309754668
1719187200000,2024-06-24 00:00:00+00:00,9106.790309754668
1719190800000,2024-06-24 01:00:00+00:00,9106.790309754668
1719194400000,2024-06-24 02:00:00+00:00,9106.790309754668
1719198000000,2024-06-24 03:00:00+00:00,9106.790309754668
1719201600000,2024-06-24 04:00:00+00:00,9106.790309754668
1719205200000,2024-06-24 05:00:00+00:00,9106.790309754668
1719208800000,2024-06-24 06:00:00+00:00,9106.790309754668
1719212400000,2024-06-24 07:00:00+00:00,9106.790309754668
1719216000000,2024-06-24 08:00:00+00:00,9106.790309754668
1719219600000,2024-06-24 09:00:00+00:00,9106.790309754668
1719223200000,2024-06-24 10:00:00+00:00,9106.790309754668
1719226800000,2024-06-24 11:00:00+00:00,9106.790309754668
1719230400000,2024-06-24 12:00:00+00:00,9106.790309754668
1719234000000,2024-06-24 13:00:00+00:00,9112.839200098397
1719237600000,2024-06-24 14:00:00+00:00,9112.839200098397
1719241200000,2024-06-24 15:00:00+00:00,9112.839200098397
1719244800000,2024-06-24 16:00:00+00:00,9112.839200098397
1719248400000,2024-06-24 17:00:00+00:00,9112.839200098397
1719252000000,2024-06-24 18:00:00+00:00,9112.839200098397
1719255600000,2024-06-24 19:00:00+00:00,9112.839200098397
1719259200000,2024-06-24 20:00:00+00:00,9112.839200098397
1719262800000,2024-06-24 21:00:00+00:00,9112.839200098397
1719266400000,2024-06-24 22:00:00+00:00,9112.839200098397
1719270000000,2024-06-24 23:00:00+00:00,9112.839200098397
1719273600000,2024-06-25 00:00:00+00:00,9112.839200098397
1719277200000,2024-06-25 01:00:00+00:00,9112.839200098397
1719280800000,2024-06-25 02:00:00+00:00,9112.839200098397
1719284400000,2024-06-25 03:00:00+00:00,9112.839200098397
1719288000000,2024-06-25 04:00:00+00:00,9112.839200098397
1719291600000,2024-06-25 05:00:00+00:00,9112.839200098397
1719295200000,2024-06-25 06:00:00+00:00,9112.839200098397
1719298800000,2024-06-25 07:00:00+00:00,9112.839200098397
1719302400000,2024-06-25 08:00:00+00:00,9112.839200098397
1719306000000,2024-06-25 09:00:00+00:00,9112.839200098397
1719309600000,2024-06-25 10:00:00+00:00,9112.839200098397
1719313200000,2024-06-25 11:00:00+00:00,9112.839200098397
1719316800000,2024-06-25 12:00:00+00:00,9112.839200098397
1719320400000,2024-06-25 13:00:00+00:00,9112.839200098397
1719324000000,2024-06-25 14:00:00+00:00,9112.839200098397
1719327600000,2024-06-25 15:00:00+00:00,9112.839200098397
1719331200000,2024-06-25 16:00:00+00:00,9112.839200098397
1719334800000,2024-06-25 17:00:00+00:00,9112.839200098397
1719338400000,2024-06-25 18:00:00+00:00,9112.839200098397
1719342000000,2024-06-25 19:00:00+00:00,9112.839200098397
1719345600000,2024-06-25 20:00:00+00:00,9112.839200098397
1719349200000,2024-06-25 21:00:00+00:00,9112.839200098397
1719352800000,2024-06-25 22:00:00+00:00,9112.839200098397
1719356400000,2024-06-25 23:00:00+00:00,9112.839200098397
1719360000000,2024-06-26 00:00:00+00:00,9112.839200098397
1719363600000,2024-06-26 01:00:00+00:00,9112.839200098397
1719367200000,2024-06-26 02:00:00+00:00,9112.839200098397
1719370800000,2024-06-26 03:00:00+00:00,9112.839200098397
1719374400000,2024-06-26 04:00:00+00:00,9112.839200098397
1719378000000,2024-06-26 05:00:00+00:00,9112.839200098397
1719381600000,2024-06-26 06:00:00+00:00,9112.839200098397
1719385200000,2024-06-26 07:00:00+00:00,9112.839200098397
1719388800000,2024-06-26 08:00:00+00:00,9112.839200098397
1719392400000,2024-06-26 09:00:00+00:00,9112.839200098397
1719396000000,2024-06-26 10:00:00+00:00,9112.839200098397
1719399600000,2024-06-26 11:00:00+00:00,9112.839200098397
1719403200000,2024-06-26 12:00:00+00:00,9112.839200098397
1719406800000,2024-06-26 13:00:00+00:00,9112.839200098397
1719410400000,2024-06-26 14:00:00+00:00,9112.839200098397
1719414000000,2024-06-26 15:00:00+00:00,9112.839200098397
1719417600000,2024-06-26 16:00:00+00:00,9112.839200098397
1719421200000,2024-06-26 17:00:00+00:00,9112.839200098397
1719424800000,2024-06-26 18:00:00+00:00,9112.839200098397
1719428400000,2024-06-26 19:00:00+00:00,9112.839200098397
1719432000000,2024-06-26 20:00:00+00:00,9112.839200098397
1719435600000,2024-06-26 21:00:00+00:00,9112.839200098397
1719439200000,2024-06-26 22:00:00+00:00,9112.839200098397
1719442800000,2024-06-26 23:00:00+00:00,9112.839200098397
1719446400000,2024-06-27 00:00:00+00:00,9112.839200098397
1719450000000,2024-06-27 01:00:00+00:00,9112.839200098397
1719453600000,2024-06-27 02:00:00+00:00,9112.839200098397
1719457200000,2024-06-27 03:00:00+00:00,9112.839200098397
1719460800000,2024-06-27 04:00:00+00:00,9112.839200098397
1719464400000,2024-06-27 05:00:00+00:00,9112.839200098397
1719468000000,2024-06-27 06:00:00+00:00,9112.839200098397
1719471600000,2024-06-27 07:00:00+00:00,9112.839200098397
1719475200000,2024-06-27 08:00:00+00:00,9112.839200098397
1719478800000,2024-06-27 09:00:00+00:00,9112.839200098397
1719482400000,2024-06-27 10:00:00+00:00,9112.839200098397
1719486000000,2024-06-27 11:00:00+00:00,9112.839200098397
1719489600000,2024-06-27 12:00:00+00:00,9112.839200098397
1719493200000,2024-06-27 13:00:00+00:00,9112.839200098397
1719496800000,2024-06-27 14:00:00+00:00,9112.839200098397
1719500400000,2024-06-27 15:00:00+00:00,9112.839200098397
1719504000000,2024-06-27 16:00:00+00:00,9112.839200098397
1719507600000,2024-06-27 17:00:00+00:00,9112.839200098397
1719511200000,2024-06-27 18:00:00+00:00,9112.839200098397
1719514800000,2024-06-27 19:00:00+00:00,9112.839200098397
1719518400000,2024-06-27 20:00:00+00:00,9112.839200098397
1719522000000,2024-06-27 21:00:00+00:00,9112.839200098397
1719525600000,2024-06-27 22:00:00+00:00,9112.839200098397
1719529200000,2024-06-27 23:00:00+00:00,9112.839200098397
1719532800000,2024-06-28 00:00:00+00:00,9112.839200098397
1719536400000,2024-06-28 01:00:00+00:00,9112.839200098397
1719540000000,2024-06-28 02:00:00+00:00,9112.839200098397
1719543600000,2024-06-28 03:00:00+00:00,9112.839200098397
1719547200000,2024-06-28 04:00:00+00:00,9112.839200098397
1719550800000,2024-06-28 05:00:00+00:00,9112.839200098397
1719554400000,2024-06-28 06:00:00+00:00,9112.839200098397
1719558000000,2024-06-28 07:00:00+00:00,9112.839200098397
1719561600000,2024-06-28 08:00:00+00:00,9112.839200098397
1719565200000,2024-06-28 09:00:00+00:00,9112.839200098397
1719568800000,2024-06-28 10:00:00+00:00,9112.839200098397
1719572400000,2024-06-28 11:00:00+00:00,9112.839200098397
1719576000000,2024-06-28 12:00:00+00:00,9112.839200098397
1719579600000,2024-06-28 13:00:00+00:00,9112.839200098397
1719583200000,2024-06-28 14:00:00+00:00,9112.839200098397
1719586800000,2024-06-28 15:00:00+00:00,9112.839200098397
1719590400000,2024-06-28 16:00:00+00:00,9112.839200098397
1719594000000,2024-06-28 17:00:00+00:00,9112.839200098397
1719597600000,2024-06-28 18:00:00+00:00,9112.839200098397
1719601200000,2024-06-28 19:00:00+00:00,9112.839200098397
1719604800000,2024-06-28 20:00:00+00:00,9112.839200098397
1719608400000,2024-06-28 21:00:00+00:00,9112.839200098397
1719612000000,2024-06-28 22:00:00+00:00,9112.839200098397
1719615600000,2024-06-28 23:00:00+00:00,9112.839200098397
1719619200000,2024-06-29 00:00:00+00:00,9112.839200098397
1719622800000,2024-06-29 01:00:00+00:00,9112.839200098397
1719626400000,2024-06-29 02:00:00+00:00,9112.839200098397
1719630000000,2024-06-29 03:00:00+00:00,9112.839200098397
1719633600000,2024-06-29 04:00:00+00:00,9112.839200098397
1719637200000,2024-06-29 05:00:00+00:00,9112.839200098397
1719640800000,2024-06-29 06:00:00+00:00,9112.839200098397
1719644400000,2024-06-29 07:00:00+00:00,9112.839200098397
1719648000000,2024-06-29 08:00:00+00:00,9112.839200098397
1719651600000,2024-06-29 09:00:00+00:00,9112.839200098397
1719655200000,2024-06-29 10:00:00+00:00,9112.839200098397
1719658800000,2024-06-29 11:00:00+00:00,9112.839200098397
1719662400000,2024-06-29 12:00:00+00:00,9112.839200098397
1719666000000,2024-06-29 13:00:00+00:00,9112.839200098397
1719669600000,2024-06-29 14:00:00+00:00,9112.839200098397
1719673200000,2024-06-29 15:00:00+00:00,9112.839200098397
1719676800000,2024-06-29 16:00:00+00:00,9112.839200098397
1719680400000,2024-06-29 17:00:00+00:00,9112.839200098397
1719684000000,2024-06-29 18:00:00+00:00,9112.839200098397
1719687600000,2024-06-29 19:00:00+00:00,9112.839200098397
1719691200000,2024-06-29 20:00:00+00:00,9112.839200098397
1719694800000,2024-06-29 21:00:00+00:00,9112.839200098397
1719698400000,2024-06-29 22:00:00+00:00,9112.839200098397
1719702000000,2024-06-29 23:00:00+00:00,9112.839200098397
1719705600000,2024-06-30 00:00:00+00:00,9112.839200098397
1719709200000,2024-06-30 01:00:00+00:00,9112.839200098397
1719712800000,2024-06-30 02:00:00+00:00,9112.839200098397
1719716400000,2024-06-30 03:00:00+00:00,9112.839200098397
1719720000000,2024-06-30 04:00:00+00:00,9112.839200098397
1719723600000,2024-06-30 05:00:00+00:00,9112.839200098397
1719727200000,2024-06-30 06:00:00+00:00,9112.839200098397
1719730800000,2024-06-30 07:00:00+00:00,9112.839200098397
1719734400000,2024-06-30 08:00:00+00:00,9112.839200098397
1719738000000,2024-06-30 09:00:00+00:00,9112.839200098397
1719741600000,2024-06-30 10:00:00+00:00,9112.839200098397
1719745200000,2024-06-30 11:00:00+00:00,9112.839200098397
1719748800000,2024-06-30 12:00:00+00:00,9112.839200098397
1719752400000,2024-06-30 13:00:00+00:00,9112.839200098397
1719756000000,2024-06-30 14:00:00+00:00,9112.839200098397
1719759600000,2024-06-30 15:00:00+00:00,9112.839200098397
1719763200000,2024-06-30 16:00:00+00:00,9112.839200098397
1719766800000,2024-06-30 17:00:00+00:00,9112.839200098397
1719770400000,2024-06-30 18:00:00+00:00,9112.839200098397
1719774000000,2024-06-30 19:00:00+00:00,9112.839200098397
1719777600000,2024-06-30 20:00:00+00:00,9112.839200098397
1719781200000,2024-06-30 21:00:00+00:00,9112.839200098397
1719784800000,2024-06-30 22:00:00+00:00,9112.839200098397
1719788400000,2024-06-30 23:00:00+00:00,9112.839200098397
1719792000000,2024-07-01 00:00:00+00:00,9112.839200098397
1719795600000,2024-07-01 01:00:00+00:00,9112.839200098397
1719799200000,2024-07-01 02:00:00+00:00,9112.839200098397
1719802800000,2024-07-01 03:00:00+00:00,9112.839200098397
1719806400000,2024-07-01 04:00:00+00:00,9112.839200098397
1719810000000,2024-07-01 05:00:00+00:00,9112.839200098397
1719813600000,2024-07-01 06:00:00+00:00,9112.839200098397
1719817200000,2024-07-01 07:00:00+00:00,9112.839200098397
1719820800000,2024-07-01 08:00:00+00:00,9112.839200098397
1719824400000,2024-07-01 09:00:00+00:00,9112.839200098397
1719828000000,2024-07-01 10:00:00+00:00,9112.839200098397
1719831600000,2024-07-01 11:00:00+00:00,9112.839200098397
1719835200000,2024-07-01 12:00:00+00:00,9112.839200098397
1719838800000,2024-07-01 13:00:00+00:00,9112.839200098397
1719842400000,2024-07-01 14:00:00+00:00,9112.839200098397
1719846000000,2024-07-01 15:00:00+00:00,9112.839200098397
1719849600000,2024-07-01 16:00:00+00:00,9112.839200098397
1719853200000,2024-07-01 17:00:00+00:00,9112.839200098397
1719856800000,2024-07-01 18:00:00+00:00,9112.839200098397
1719860400000,2024-07-01 19:00:00+00:00,9112.839200098397
1719864000000,2024-07-01 20:00:00+00:00,9112.839200098397
1719867600000,2024-07-01 21:00:00+00:00,9112.839200098397
1719871200000,2024-07-01 22:00:00+00:00,9112.839200098397
1719874800000,2024-07-01 23:00:00+00:00,9112.839200098397
1719878400000,2024-07-02 00:00:00+00:00,9112.839200098397
1719882000000,2024-07-02 01:00:00+00:00,9112.839200098397
1719885600000,2024-07-02 02:00:00+00:00,9112.839200098397
1719889200000,2024-07-02 03:00:00+00:00,9112.839200098397
1719892800000,2024-07-02 04:00:00+00:00,9112.839200098397
1719896400000,2024-07-02 05:00:00+00:00,9112.839200098397
1719900000000,2024-07-02 06:00:00+00:00,9112.839200098397
1719903600000,2024-07-02 07:00:00+00:00,9112.839200098397
1719907200000,2024-07-02 08:00:00+00:00,9112.839200098397
1719910800000,2024-07-02 09:00:00+00:00,9112.839200098397
1719914400000,2024-07-02 10:00:00+00:00,9087.080617727017
1719918000000,2024-07-02 11:00:00+00:00,9087.080617727017
1719921600000,2024-07-02 12:00:00+00:00,9087.080617727017
1719925200000,2024-07-02 13:00:00+00:00,9087.080617727017
1719928800000,2024-07-02 14:00:00+00:00,9087.080617727017
1719932400000,2024-07-02 15:00:00+00:00,9087.080617727017
1719936000000,2024-07-02 16:00:00+00:00,9087.080617727017
1719939600000,2024-07-02 17:00:00+00:00,9087.080617727017
1719943200000,2024-07-02 18:00:00+00:00,9087.080617727017
1719946800000,2024-07-02 19:00:00+00:00,9087.080617727017
1719950400000,2024-07-02 20:00:00+00:00,9087.080617727017
1719954000000,2024-07-02 21:00:00+00:00,9087.080617727017
1719957600000,2024-07-02 22:00:00+00:00,9087.080617727017
1719961200000,2024-07-02 23:00:00+00:00,9087.080617727017
1719964800000,2024-07-03 00:00:00+00:00,9087.080617727017
1719968400000,2024-07-03 01:00:00+00:00,9087.080617727017
1719972000000,2024-07-03 02:00:00+00:00,9087.080617727017
1719975600000,2024-07-03 03:00:00+00:00,9087.080617727017
1719979200000,2024-07-03 04:00:00+00:00,9087.080617727017
1719982800000,2024-07-03 05:00:00+00:00,9087.080617727017
1719986400000,2024-07-03 06:00:00+00:00,9087.080617727017
1719990000000,2024-07-03 07:00:00+00:00,9087.080617727017
1719993600000,2024-07-03 08:00:00+00:00,9087.080617727017
1719997200000,2024-07-03 09:00:00+00:00,9087.080617727017
1720000800000,2024-07-03 10:00:00+00:00,9087.080617727017
1720004400000,2024-07-03 11:00:00+00:00,9087.080617727017
1720008000000,2024-07-03 12:00:00+00:00,9087.080617727017
1720011600000,2024-07-03 13:00:00+00:00,9087.080617727017
1720015200000,2024-07-03 14:00:00+00:00,9087.080617727017
1720018800000,2024-07-03 15:00:00+00:00,9087.080617727017
1720022400000,2024-07-03 16:00:00+00:00,9087.080617727017
1720026000000,2024-07-03 17:00:00+00:00,9087.080617727017
1720029600000,2024-07-03 18:00:00+00:00,9087.080617727017
1720033200000,2024-07-03 19:00:00+00:00,9087.080617727017
1720036800000,2024-07-03 20:00:00+00:00,9087.080617727017
1720040400000,2024-07-03 21:00:00+00:00,9087.080617727017
1720044000000,2024-07-03 22:00:00+00:00,9087.080617727017
1720047600000,2024-07-03 23:00:00+00:00,9087.080617727017
1720051200000,2024-07-04 00:00:00+00:00,9087.080617727017
1720054800000,2024-07-04 01:00:00+00:00,9087.080617727017
1720058400000,2024-07-04 02:00:00+00:00,9087.080617727017
1720062000000,2024-07-04 03:00:00+00:00,9087.080617727017
1720065600000,2024-07-04 04:00:00+00:00,9087.080617727017
1720069200000,2024-07-04 05:00:00+00:00,9087.080617727017
1720072800000,2024-07-04 06:00:00+00:00,9087.080617727017
1720076400000,2024-07-04 07:00:00+00:00,9087.080617727017
1720080000000,2024-07-04 08:00:00+00:00,9087.080617727017
1720083600000,2024-07-04 09:00:00+00:00,9087.080617727017
1720087200000,2024-07-04 10:00:00+00:00,9087.080617727017
1720090800000,2024-07-04 11:00:00+00:00,9087.080617727017
1720094400000,2024-07-04 12:00:00+00:00,9087.080617727017
1720098000000,2024-07-04 13:00:00+00:00,9097.211565229785
1720101600000,2024-07-04 14:00:00+00:00,9097.211565229785
1720105200000,2024-07-04 15:00:00+00:00,9097.211565229785
1720108800000,2024-07-04 16:00:00+00:00,9097.211565229785
1720112400000,2024-07-04 17:00:00+00:00,9097.211565229785
1720116000000,2024-07-04 18:00:00+00:00,9097.211565229785
1720119600000,2024-07-04 19:00:00+00:00,9097.211565229785
1720123200000,2024-07-04 20:00:00+00:00,9097.211565229785
1720126800000,2024-07-04 21:00:00+00:00,9097.211565229785
1720130400000,2024-07-04 22:00:00+00:00,9097.211565229785
1720134000000,2024-07-04 23:00:00+00:00,9097.211565229785
1720137600000,2024-07-05 00:00:00+00:00,9097.211565229785
1720141200000,2024-07-05 01:00:00+00:00,9097.211565229785
1720144800000,2024-07-05 02:00:00+00:00,9097.211565229785
1720148400000,2024-07-05 03:00:00+00:00,9140.36718347665
1720152000000,2024-07-05 04:00:00+00:00,9140.36718347665
1720155600000,2024-07-05 05:00:00+00:00,9140.36718347665
1720159200000,2024-07-05 06:00:00+00:00,9140.36718347665
1720162800000,2024-07-05 07:00:00+00:00,9140.36718347665
1720166400000,2024-07-05 08:00:00+00:00,9140.36718347665
1720170000000,2024-07-05 09:00:00+00:00,9140.36718347665
1720173600000,2024-07-05 10:00:00+00:00,9140.36718347665
1720177200000,2024-07-05 11:00:00+00:00,9140.36718347665
1720180800000,2024-07-05 12:00:00+00:00,9140.36718347665
1720184400000,2024-07-05 13:00:00+00:00,9140.36718347665
1720188000000,2024-07-05 14:00:00+00:00,9140.36718347665
1720191600000,2024-07-05 15:00:00+00:00,9140.36718347665
1720195200000,2024-07-05 16:00:00+00:00,9140.36718347665
1720198800000,2024-07-05 17:00:00+00:00,9140.36718347665
1720202400000,2024-07-05 18:00:00+00:00,9140.36718347665
1720206000000,2024-07-05 19:00:00+00:00,9140.36718347665
1720209600000,2024-07-05 20:00:00+00:00,9140.36718347665
1720213200000,2024-07-05 21:00:00+00:00,9140.36718347665
1720216800000,2024-07-05 22:00:00+00:00,9140.36718347665
1720220400000,2024-07-05 23:00:00+00:00,9140.36718347665
1720224000000,2024-07-06 00:00:00+00:00,9140.36718347665
1720227600000,2024-07-06 01:00:00+00:00,9140.36718347665
1720231200000,2024-07-06 02:00:00+00:00,9140.36718347665
1720234800000,2024-07-06 03:00:00+00:00,9140.36718347665
1720238400000,2024-07-06 04:00:00+00:00,9140.36718347665
1720242000000,2024-07-06 05:00:00+00:00,9140.36718347665
1720245600000,2024-07-06 06:00:00+00:00,9140.36718347665
1720249200000,2024-07-06 07:00:00+00:00,9140.36718347665
1720252800000,2024-07-06 08:00:00+00:00,9140.36718347665
1720256400000,2024-07-06 09:00:00+00:00,9140.36718347665
1720260000000,2024-07-06 10:00:00+00:00,9140.36718347665
1720263600000,2024-07-06 11:00:00+00:00,9140.36718347665
1720267200000,2024-07-06 12:00:00+00:00,9140.36718347665
1720270800000,2024-07-06 13:00:00+00:00,9140.36718347665
1720274400000,2024-07-06 14:00:00+00:00,9140.36718347665
1720278000000,2024-07-06 15:00:00+00:00,9140.36718347665
1720281600000,2024-07-06 16:00:00+00:00,9140.36718347665
1720285200000,2024-07-06 17:00:00+00:00,9140.36718347665
1720288800000,2024-07-06 18:00:00+00:00,9140.36718347665
1720292400000,2024-07-06 19:00:00+00:00,9140.36718347665
1720296000000,2024-07-06 20:00:00+00:00,9140.36718347665
1720299600000,2024-07-06 21:00:00+00:00,9140.36718347665
1720303200000,2024-07-06 22:00:00+00:00,9140.36718347665
1720306800000,2024-07-06 23:00:00+00:00,9140.36718347665
1720310400000,2024-07-07 00:00:00+00:00,9140.36718347665
1720314000000,2024-07-07 01:00:00+00:00,9140.36718347665
1720317600000,2024-07-07 02:00:00+00:00,9140.36718347665
1720321200000,2024-07-07 03:00:00+00:00,9140.36718347665
1720324800000,2024-07-07 04:00:00+00:00,9140.36718347665
1720328400000,2024-07-07 05:00:00+00:00,9140.36718347665
1720332000000,2024-07-07 06:00:00+00:00,9140.36718347665
1720335600000,2024-07-07 07:00:00+00:00,9140.36718347665
1720339200000,2024-07-07 08:00:00+00:00,9140.36718347665
1720342800000,2024-07-07 09:00:00+00:00,9140.36718347665
1720346400000,2024-07-07 10:00:00+00:00,9140.36718347665
1720350000000,2024-07-07 11:00:00+00:00,9140.36718347665
1720353600000,2024-07-07 12:00:00+00:00,9140.36718347665
1720357200000,2024-07-07 13:00:00+00:00,9140.36718347665
1720360800000,2024-07-07 14:00:00+00:00,9140.36718347665
1720364400000,2024-07-07 15:00:00+00:00,9140.36718347665
1720368000000,2024-07-07 16:00:00+00:00,9140.36718347665
1720371600000,2024-07-07 17:00:00+00:00,9140.36718347665
1720375200000,2024-07-07 18:00:00+00:00,9140.36718347665
1720378800000,2024-07-07 19:00:00+00:00,9140.36718347665
1720382400000,2024-07-07 20:00:00+00:00,9140.36718347665
1720386000000,2024-07-07 21:00:00+00:00,9140.36718347665
1720389600000,2024-07-07 22:00:00+00:00,9140.36718347665
1720393200000,2024-07-07 23:00:00+00:00,9140.36718347665
1720396800000,2024-07-08 00:00:00+00:00,9140.36718347665
1720400400000,2024-07-08 01:00:00+00:00,9140.36718347665
1720404000000,2024-07-08 02:00:00+00:00,9140.36718347665
1720407600000,2024-07-08 03:00:00+00:00,9140.36718347665
1720411200000,2024-07-08 04:00:00+00:00,9140.36718347665
1720414800000,2024-07-08 05:00:00+00:00,9140.36718347665
1720418400000,2024-07-08 06:00:00+00:00,9140.36718347665
1720422000000,2024-07-08 07:00:00+00:00,9140.36718347665
1720425600000,2024-07-08 08:00:00+00:00,9140.36718347665
1720429200000,2024-07-08 09:00:00+00:00,9140.36718347665
1720432800000,2024-07-08 10:00:00+00:00,9140.36718347665
1720436400000,2024-07-08 11:00:00+00:00,9140.36718347665
1720440000000,2024-07-08 12:00:00+00:00,9140.36718347665
1720443600000,2024-07-08 13:00:00+00:00,9140.36718347665
1720447200000,2024-07-08 14:00:00+00:00,9140.36718347665
1720450800000,2024-07-08 15:00:00+00:00,9140.36718347665
1720454400000,2024-07-08 16:00:00+00:00,9140.36718347665
1720458000000,2024-07-08 17:00:00+00:00,9140.36718347665
1720461600000,2024-07-08 18:00:00+00:00,9140.36718347665
1720465200000,2024-07-08 19:00:00+00:00,9140.36718347665
1720468800000,2024-07-08 20:00:00+00:00,9140.36718347665
1720472400000,2024-07-08 21:00:00+00:00,9140.36718347665
1720476000000,2024-07-08 22:00:00+00:00,9140.36718347665
1720479600000,2024-07-08 23:00:00+00:00,9140.36718347665
1720483200000,2024-07-09 00:00:00+00:00,9140.36718347665
1720486800000,2024-07-09 01:00:00+00:00,9140.36718347665
1720490400000,2024-07-09 02:00:00+00:00,9140.36718347665
1720494000000,2024-07-09 03:00:00+00:00,9140.36718347665
1720497600000,2024-07-09 04:00:00+00:00,9140.36718347665
1720501200000,2024-07-09 05:00:00+00:00,9140.36718347665
1720504800000,2024-07-09 06:00:00+00:00,9140.36718347665
1720508400000,2024-07-09 07:00:00+00:00,9140.36718347665
1720512000000,2024-07-09 08:00:00+00:00,9140.36718347665
1720515600000,2024-07-09 09:00:00+00:00,9140.36718347665
1720519200000,2024-07-09 10:00:00+00:00,9140.36718347665
1720522800000,2024-07-09 11:00:00+00:00,9140.36718347665
1720526400000,2024-07-09 12:00:00+00:00,9140.36718347665
1720530000000,2024-07-09 13:00:00+00:00,9140.36718347665
1720533600000,2024-07-09 14:00:00+00:00,9140.36718347665
1720537200000,2024-07-09 15:00:00+00:00,9140.36718347665
1720540800000,2024-07-09 16:00:00+00:00,9140.36718347665
1720544400000,2024-07-09 17:00:00+00:00,9140.36718347665
1720548000000,2024-07-09 18:00:00+00:00,9140.36718347665
1720551600000,2024-07-09 19:00:00+00:00,9140.36718347665
1720555200000,2024-07-09 20:00:00+00:00,9140.36718347665
1720558800000,2024-07-09 21:00:00+00:00,9140.36718347665
1720562400000,2024-07-09 22:00:00+00:00,9140.36718347665
1720566000000,2024-07-09 23:00:00+00:00,9140.36718347665
1720569600000,2024-07-10 00:00:00+00:00,9140.36718347665
1720573200000,2024-07-10 01:00:00+00:00,9140.36718347665
1720576800000,2024-07-10 02:00:00+00:00,9140.36718347665
1720580400000,2024-07-10 03:00:00+00:00,9140.36718347665
1720584000000,2024-07-10 04:00:00+00:00,9140.36718347665
1720587600000,2024-07-10 05:00:00+00:00,9140.36718347665
1720591200000,2024-07-10 06:00:00+00:00,9140.36718347665
1720594800000,2024-07-10 07:00:00+00:00,9140.36718347665
1720598400000,2024-07-10 08:00:00+00:00,9140.36718347665
1720602000000,2024-07-10 09:00:00+00:00,9140.36718347665
1720605600000,2024-07-10 10:00:00+00:00,9140.36718347665
1720609200000,2024-07-10 11:00:00+00:00,9140.36718347665
1720612800000,2024-07-10 12:00:00+00:00,9140.36718347665
1720616400000,2024-07-10 13:00:00+00:00,9140.36718347665
1720620000000,2024-07-10 14:00:00+00:00,9140.36718347665
1720623600000,2024-07-10 15:00:00+00:00,9140.36718347665
1720627200000,2024-07-10 16:00:00+00:00,9140.36718347665
1720630800000,2024-07-10 17:00:00+00:00,9140.36718347665
1720634400000,2024-07-10 18:00:00+00:00,9140.36718347665
1720638000000,2024-07-10 19:00:00+00:00,9140.36718347665
1720641600000,2024-07-10 20:00:00+00:00,9140.36718347665
1720645200000,2024-07-10 21:00:00+00:00,9140.36718347665
1720648800000,2024-07-10 22:00:00+00:00,9140.36718347665
1720652400000,2024-07-10 23:00:00+00:00,9140.36718347665
1720656000000,2024-07-11 00:00:00+00:00,9140.36718347665
1720659600000,2024-07-11 01:00:00+00:00,9140.36718347665
1720663200000,2024-07-11 02:00:00+00:00,9140.36718347665
1720666800000,2024-07-11 03:00:00+00:00,9140.36718347665
1720670400000,2024-07-11 04:00:00+00:00,9140.36718347665
1720674000000,2024-07-11 05:00:00+00:00,9140.36718347665
1720677600000,2024-07-11 06:00:00+00:00,9140.36718347665
1720681200000,2024-07-11 07:00:00+00:00,9140.36718347665
1720684800000,2024-07-11 08:00:00+00:00,9140.36718347665
1720688400000,2024-07-11 09:00:00+00:00,9140.36718347665
1720692000000,2024-07-11 10:00:00+00:00,9140.36718347665
1720695600000,2024-07-11 11:00:00+00:00,9115.69018097946
1720699200000,2024-07-11 12:00:00+00:00,9089.521044564612
1720702800000,2024-07-11 13:00:00+00:00,9089.521044564612
1720706400000,2024-07-11 14:00:00+00:00,9089.521044564612
1720710000000,2024-07-11 15:00:00+00:00,9099.262723559608
1720713600000,2024-07-11 16:00:00+00:00,9099.262723559608
1720717200000,2024-07-11 17:00:00+00:00,9099.120758431145
1720720800000,2024-07-11 18:00:00+00:00,9099.120758431145
1720724400000,2024-07-11 19:00:00+00:00,9099.120758431145
1720728000000,2024-07-11 20:00:00+00:00,9099.120758431145
1720731600000,2024-07-11 21:00:00+00:00,9099.120758431145
1720735200000,2024-07-11 22:00:00+00:00,9099.120758431145
1720738800000,2024-07-11 23:00:00+00:00,9099.120758431145
1720742400000,2024-07-12 00:00:00+00:00,9099.120758431145
1720746000000,2024-07-12 01:00:00+00:00,9099.120758431145
1720749600000,2024-07-12 02:00:00+00:00,9099.120758431145
1720753200000,2024-07-12 03:00:00+00:00,9099.120758431145
1720756800000,2024-07-12 04:00:00+00:00,9099.120758431145
1720760400000,2024-07-12 05:00:00+00:00,9099.120758431145
1720764000000,2024-07-12 06:00:00+00:00,9099.120758431145
1720767600000,2024-07-12 07:00:00+00:00,9099.120758431145
1720771200000,2024-07-12 08:00:00+00:00,9099.120758431145
1720774800000,2024-07-12 09:00:00+00:00,9099.120758431145
1720778400000,2024-07-12 10:00:00+00:00,9099.120758431145
1720782000000,2024-07-12 11:00:00+00:00,9073.809745940547
1720785600000,2024-07-12 12:00:00+00:00,9073.809745940547
1720789200000,2024-07-12 13:00:00+00:00,9073.809745940547
1720792800000,2024-07-12 14:00:00+00:00,9073.809745940547
1720796400000,2024-07-12 15:00:00+00:00,9073.809745940547
1720800000000,2024-07-12 16:00:00+00:00,9073.809745940547
1720803600000,2024-07-12 17:00:00+00:00,9073.809745940547
1720807200000,2024-07-12 18:00:00+00:00,9073.809745940547
1720810800000,2024-07-12 19:00:00+00:00,9073.809745940547
1720814400000,2024-07-12 20:00:00+00:00,9073.809745940547
1720818000000,2024-07-12 21:00:00+00:00,9073.809745940547
1720821600000,2024-07-12 22:00:00+00:00,9073.809745940547
1720825200000,2024-07-12 23:00:00+00:00,9073.809745940547
1720828800000,2024-07-13 00:00:00+00:00,9073.809745940547
1720832400000,2024-07-13 01:00:00+00:00,9073.809745940547
1720836000000,2024-07-13 02:00:00+00:00,9073.809745940547
1720839600000,2024-07-13 03:00:00+00:00,9073.809745940547
1720843200000,2024-07-13 04:00:00+00:00,9073.809745940547
1720846800000,2024-07-13 05:00:00+00:00,9073.809745940547
1720850400000,2024-07-13 06:00:00+00:00,9073.809745940547
1720854000000,2024-07-13 07:00:00+00:00,9073.809745940547
1720857600000,2024-07-13 08:00:00+00:00,9073.809745940547
1720861200000,2024-07-13 09:00:00+00:00,9073.809745940547
1720864800000,2024-07-13 10:00:00+00:00,9073.809745940547
1720868400000,2024-07-13 11:00:00+00:00,9073.809745940547
1720872000000,2024-07-13 12:00:00+00:00,9073.809745940547
1720875600000,2024-07-13 13:00:00+00:00,9073.809745940547
1720879200000,2024-07-13 14:00:00+00:00,9073.809745940547
1720882800000,2024-07-13 15:00:00+00:00,9073.809745940547
1720886400000,2024-07-13 16:00:00+00:00,9073.809745940547
1720890000000,2024-07-13 17:00:00+00:00,9073.809745940547
1720893600000,2024-07-13 18:00:00+00:00,9073.809745940547
1720897200000,2024-07-13 19:00:00+00:00,9073.809745940547
1720900800000,2024-07-13 20:00:00+00:00,9073.809745940547
1720904400000,2024-07-13 21:00:00+00:00,9073.809745940547
1720908000000,2024-07-13 22:00:00+00:00,9073.809745940547
1720911600000,2024-07-13 23:00:00+00:00,9073.809745940547
1720915200000,2024-07-14 00:00:00+00:00,9073.809745940547
1720918800000,2024-07-14 01:00:00+00:00,9073.809745940547
1720922400000,2024-07-14 02:00:00+00:00,9073.809745940547
1720926000000,2024-07-14 03:00:00+00:00,9073.809745940547
1720929600000,2024-07-14 04:00:00+00:00,9073.809745940547
1720933200000,2024-07-14 05:00:00+00:00,9073.809745940547
1720936800000,2024-07-14 06:00:00+00:00,9073.809745940547
1720940400000,2024-07-14 07:00:00+00:00,9073.809745940547
1720944000000,2024-07-14 08:00:00+00:00,9073.809745940547
1720947600000,2024-07-14 09:00:00+00:00,9073.809745940547
1720951200000,2024-07-14 10:00:00+00:00,9073.809745940547
1720954800000,2024-07-14 11:00:00+00:00,9073.809745940547
1720958400000,2024-07-14 12:00:00+00:00,9073.809745940547
1720962000000,2024-07-14 13:00:00+00:00,9073.809745940547
1720965600000,2024-07-14 14:00:00+00:00,9073.809745940547
1720969200000,2024-07-14 15:00:00+00:00,9073.809745940547
1720972800000,2024-07-14 16:00:00+00:00,9073.809745940547
1720976400000,2024-07-14 17:00:00+00:00,9073.809745940547
1720980000000,2024-07-14 18:00:00+00:00,9073.809745940547
1720983600000,2024-07-14 19:00:00+00:00,9073.809745940547
1720987200000,2024-07-14 20:00:00+00:00,9073.809745940547
1720990800000,2024-07-14 21:00:00+00:00,9073.809745940547
1720994400000,2024-07-14 22:00:00+00:00,9073.809745940547
1720998000000,2024-07-14 23:00:00+00:00,9073.809745940547
1721001600000,2024-07-15 00:00:00+00:00,9073.809745940547
1721005200000,2024-07-15 01:00:00+00:00,9073.809745940547
1721008800000,2024-07-15 02:00:00+00:00,9073.809745940547
1721012400000,2024-07-15 03:00:00+00:00,9073.809745940547
1721016000000,2024-07-15 04:00:00+00:00,9073.809745940547
1721019600000,2024-07-15 05:00:00+00:00,9073.809745940547
1721023200000,2024-07-15 06:00:00+00:00,9073.809745940547
1721026800000,2024-07-15 07:00:00+00:00,9073.809745940547
1721030400000,2024-07-15 08:00:00+00:00,9073.809745940547
1721034000000,2024-07-15 09:00:00+00:00,9073.809745940547
1721037600000,2024-07-15 10:00:00+00:00,9073.809745940547
1721041200000,2024-07-15 11:00:00+00:00,9073.809745940547
1721044800000,2024-07-15 12:00:00+00:00,9073.809745940547
1721048400000,2024-07-15 13:00:00+00:00,9073.809745940547
1721052000000,2024-07-15 14:00:00+00:00,9073.809745940547
1721055600000,2024-07-15 15:00:00+00:00,9073.809745940547
1721059200000,2024-07-15 16:00:00+00:00,9073.809745940547
1721062800000,2024-07-15 17:00:00+00:00,9073.809745940547
1721066400000,2024-07-15 18:00:00+00:00,9073.809745940547
1721070000000,2024-07-15 19:00:00+00:00,9073.809745940547
1721073600000,2024-07-15 20:00:00+00:00,9073.809745940547
1721077200000,2024-07-15 21:00:00+00:00,9073.809745940547
1721080800000,2024-07-15 22:00:00+00:00,9073.809745940547
1721084400000,2024-07-15 23:00:00+00:00,9073.809745940547
1721088000000,2024-07-16 00:00:00+00:00,9073.809745940547
1721091600000,2024-07-16 01:00:00+00:00,9073.809745940547
1721095200000,2024-07-16 02:00:00+00:00,9073.809745940547
1721098800000,2024-07-16 03:00:00+00:00,9073.809745940547
1721102400000,2024-07-16 04:00:00+00:00,9073.809745940547
1721106000000,2024-07-16 05:00:00+00:00,9073.809745940547
1721109600000,2024-07-16 06:00:00+00:00,9073.809745940547
1721113200000,2024-07-16 07:00:00+00:00,9073.809745940547
1721116800000,2024-07-16 08:00:00+00:00,9073.809745940547
1721120400000,2024-07-16 09:00:00+00:00,9073.809745940547
1721124000000,2024-07-16 10:00:00+00:00,9073.809745940547
1721127600000,2024-07-16 11:00:00+00:00,9073.809745940547
1721131200000,2024-07-16 12:00:00+00:00,9073.809745940547
1721134800000,2024-07-16 13:00:00+00:00,9073.809745940547
1721138400000,2024-07-16 14:00:00+00:00,9073.809745940547
1721142000000,2024-07-16 15:00:00+00:00,9073.809745940547
1721145600000,2024-07-16 16:00:00+00:00,9073.809745940547
1721149200000,2024-07-16 17:00:00+00:00,9073.809745940547
1721152800000,2024-07-16 18:00:00+00:00,9073.809745940547
1721156400000,2024-07-16 19:00:00+00:00,9073.809745940547
1721160000000,2024-07-16 20:00:00+00:00,9073.809745940547
1721163600000,2024-07-16 21:00:00+00:00,9073.809745940547
1721167200000,2024-07-16 22:00:00+00:00,9073.809745940547
1721170800000,2024-07-16 23:00:00+00:00,9073.809745940547
1721174400000,2024-07-17 00:00:00+00:00,9073.809745940547
1721178000000,2024-07-17 01:00:00+00:00,9073.809745940547
1721181600000,2024-07-17 02:00:00+00:00,9073.809745940547
1721185200000,2024-07-17 03:00:00+00:00,9073.809745940547
1721188800000,2024-07-17 04:00:00+00:00,9073.809745940547
1721192400000,2024-07-17 05:00:00+00:00,9073.809745940547
1721196000000,2024-07-17 06:00:00+00:00,9073.809745940547
1721199600000,2024-07-17 07:00:00+00:00,9073.809745940547
1721203200000,2024-07-17 08:00:00+00:00,9073.809745940547
1721206800000,2024-07-17 09:00:00+00:00,9073.809745940547
1721210400000,2024-07-17 10:00:00+00:00,9073.809745940547
1721214000000,2024-07-17 11:00:00+00:00,9073.809745940547
1721217600000,2024-07-17 12:00:00+00:00,9073.809745940547
1721221200000,2024-07-17 13:00:00+00:00,9073.809745940547
1721224800000,2024-07-17 14:00:00+00:00,9073.809745940547
1721228400000,2024-07-17 15:00:00+00:00,9073.809745940547
1721232000000,2024-07-17 16:00:00+00:00,9073.809745940547
1721235600000,2024-07-17 17:00:00+00:00,9073.809745940547
1721239200000,2024-07-17 18:00:00+00:00,9073.809745940547
1721242800000,2024-07-17 19:00:00+00:00,9073.809745940547
1721246400000,2024-07-17 20:00:00+00:00,9073.809745940547
1721250000000,2024-07-17 21:00:00+00:00,9073.809745940547
1721253600000,2024-07-17 22:00:00+00:00,9073.809745940547
1721257200000,2024-07-17 23:00:00+00:00,9073.809745940547
1721260800000,2024-07-18 00:00:00+00:00,9073.809745940547
1721264400000,2024-07-18 01:00:00+00:00,9073.809745940547
1721268000000,2024-07-18 02:00:00+00:00,9073.809745940547
1721271600000,2024-07-18 03:00:00+00:00,9073.809745940547
1721275200000,2024-07-18 04:00:00+00:00,9073.809745940547
1721278800000,2024-07-18 05:00:00+00:00,9073.809745940547
1721282400000,2024-07-18 06:00:00+00:00,9073.809745940547
1721286000000,2024-07-18 07:00:00+00:00,9073.809745940547
1721289600000,2024-07-18 08:00:00+00:00,9073.809745940547
1721293200000,2024-07-18 09:00:00+00:00,9073.809745940547
1721296800000,2024-07-18 10:00:00+00:00,9073.809745940547
1721300400000,2024-07-18 11:00:00+00:00,9073.809745940547
1721304000000,2024-07-18 12:00:00+00:00,9073.809745940547
1721307600000,2024-07-18 13:00:00+00:00,9073.809745940547
1721311200000,2024-07-18 14:00:00+00:00,9073.809745940547
1721314800000,2024-07-18 15:00:00+00:00,9073.809745940547
1721318400000,2024-07-18 16:00:00+00:00,9073.809745940547
1721322000000,2024-07-18 17:00:00+00:00,9073.809745940547
1721325600000,2024-07-18 18:00:00+00:00,9073.809745940547
1721329200000,2024-07-18 19:00:00+00:00,9073.809745940547
1721332800000,2024-07-18 20:00:00+00:00,9073.809745940547
1721336400000,2024-07-18 21:00:00+00:00,9073.809745940547
1721340000000,2024-07-18 22:00:00+00:00,9073.809745940547
1721343600000,2024-07-18 23:00:00+00:00,9073.809745940547
1721347200000,2024-07-19 00:00:00+00:00,9073.809745940547
1721350800000,2024-07-19 01:00:00+00:00,9073.809745940547
1721354400000,2024-07-19 02:00:00+00:00,9073.809745940547
1721358000000,2024-07-19 03:00:00+00:00,9073.809745940547
1721361600000,2024-07-19 04:00:00+00:00,9073.809745940547
1721365200000,2024-07-19 05:00:00+00:00,9073.809745940547
1721368800000,2024-07-19 06:00:00+00:00,9073.809745940547
1721372400000,2024-07-19 07:00:00+00:00,9073.809745940547
1721376000000,2024-07-19 08:00:00+00:00,9073.809745940547
1721379600000,2024-07-19 09:00:00+00:00,9073.809745940547
1721383200000,2024-07-19 10:00:00+00:00,9073.809745940547
1721386800000,2024-07-19 11:00:00+00:00,9073.809745940547
1721390400000,2024-07-19 12:00:00+00:00,9073.809745940547
1721394000000,2024-07-19 13:00:00+00:00,9073.809745940547
1721397600000,2024-07-19 14:00:00+00:00,9073.809745940547
1721401200000,2024-07-19 15:00:00+00:00,9073.809745940547
1721404800000,2024-07-19 16:00:00+00:00,9073.809745940547
1721408400000,2024-07-19 17:00:00+00:00,9073.809745940547
1721412000000,2024-07-19 18:00:00+00:00,9073.809745940547
1721415600000,2024-07-19 19:00:00+00:00,9073.809745940547
1721419200000,2024-07-19 20:00:00+00:00,9073.809745940547
1721422800000,2024-07-19 21:00:00+00:00,9073.809745940547
1721426400000,2024-07-19 22:00:00+00:00,9073.809745940547
1721430000000,2024-07-19 23:00:00+00:00,9073.809745940547
1721433600000,2024-07-20 00:00:00+00:00,9073.809745940547
1721437200000,2024-07-20 01:00:00+00:00,9073.809745940547
1721440800000,2024-07-20 02:00:00+00:00,9073.809745940547
1721444400000,2024-07-20 03:00:00+00:00,9073.809745940547
1721448000000,2024-07-20 04:00:00+00:00,9073.809745940547
1721451600000,2024-07-20 05:00:00+00:00,9073.809745940547
1721455200000,2024-07-20 06:00:00+00:00,9073.809745940547
1721458800000,2024-07-20 07:00:00+00:00,9073.809745940547
1721462400000,2024-07-20 08:00:00+00:00,9073.809745940547
1721466000000,2024-07-20 09:00:00+00:00,9073.809745940547
1721469600000,2024-07-20 10:00:00+00:00,9073.809745940547
1721473200000,2024-07-20 11:00:00+00:00,9073.809745940547
1721476800000,2024-07-20 12:00:00+00:00,9073.809745940547
1721480400000,2024-07-20 13:00:00+00:00,9073.809745940547
1721484000000,2024-07-20 14:00:00+00:00,9073.809745940547
1721487600000,2024-07-20 15:00:00+00:00,9073.809745940547
1721491200000,2024-07-20 16:00:00+00:00,9073.809745940547
1721494800000,2024-07-20 17:00:00+00:00,9073.809745940547
1721498400000,2024-07-20 18:00:00+00:00,9073.809745940547
1721502000000,2024-07-20 19:00:00+00:00,9073.809745940547
1721505600000,2024-07-20 20:00:00+00:00,9073.809745940547
1721509200000,2024-07-20 21:00:00+00:00,9073.809745940547
1721512800000,2024-07-20 22:00:00+00:00,9073.809745940547
1721516400000,2024-07-20 23:00:00+00:00,9073.809745940547
1721520000000,2024-07-21 00:00:00+00:00,9073.809745940547
1721523600000,2024-07-21 01:00:00+00:00,9073.809745940547
1721527200000,2024-07-21 02:00:00+00:00,9073.809745940547
1721530800000,2024-07-21 03:00:00+00:00,9073.809745940547
1721534400000,2024-07-21 04:00:00+00:00,9073.809745940547
1721538000000,2024-07-21 05:00:00+00:00,9073.809745940547
1721541600000,2024-07-21 06:00:00+00:00,9073.809745940547
1721545200000,2024-07-21 07:00:00+00:00,9073.809745940547
1721548800000,2024-07-21 08:00:00+00:00,9073.809745940547
1721552400000,2024-07-21 09:00:00+00:00,9073.809745940547
1721556000000,2024-07-21 10:00:00+00:00,9073.809745940547
1721559600000,2024-07-21 11:00:00+00:00,9073.809745940547
1721563200000,2024-07-21 12:00:00+00:00,9073.809745940547
1721566800000,2024-07-21 13:00:00+00:00,9073.809745940547
1721570400000,2024-07-21 14:00:00+00:00,9073.809745940547
1721574000000,2024-07-21 15:00:00+00:00,9073.809745940547
1721577600000,2024-07-21 16:00:00+00:00,9073.809745940547
1721581200000,2024-07-21 17:00:00+00:00,9073.809745940547
1721584800000,2024-07-21 18:00:00+00:00,9073.809745940547
1721588400000,2024-07-21 19:00:00+00:00,9073.809745940547
1721592000000,2024-07-21 20:00:00+00:00,9084.009620859078
1721595600000,2024-07-21 21:00:00+00:00,9084.009620859078
1721599200000,2024-07-21 22:00:00+00:00,9084.009620859078
1721602800000,2024-07-21 23:00:00+00:00,9084.009620859078
1721606400000,2024-07-22 00:00:00+00:00,9084.009620859078
1721610000000,2024-07-22 01:00:00+00:00,9084.009620859078
1721613600000,2024-07-22 02:00:00+00:00,9084.009620859078
1721617200000,2024-07-22 03:00:00+00:00,9084.009620859078
1721620800000,2024-07-22 04:00:00+00:00,9084.009620859078
1721624400000,2024-07-22 05:00:00+00:00,9095.048891775219
1721628000000,2024-07-22 06:00:00+00:00,9095.048891775219
1721631600000,2024-07-22 07:00:00+00:00,9095.048891775219
1721635200000,2024-07-22 08:00:00+00:00,9095.048891775219
1721638800000,2024-07-22 09:00:00+00:00,9095.048891775219
1721642400000,2024-07-22 10:00:00+00:00,9095.048891775219
1721646000000,2024-07-22 11:00:00+00:00,9095.048891775219
1721649600000,2024-07-22 12:00:00+00:00,9095.048891775219
1721653200000,2024-07-22 13:00:00+00:00,9095.048891775219
1721656800000,2024-07-22 14:00:00+00:00,9095.048891775219
1721660400000,2024-07-22 15:00:00+00:00,9095.048891775219
1721664000000,2024-07-22 16:00:00+00:00,9095.048891775219
1721667600000,2024-07-22 17:00:00+00:00,9095.048891775219
1721671200000,2024-07-22 18:00:00+00:00,9095.048891775219
1721674800000,2024-07-22 19:00:00+00:00,9095.048891775219
1721678400000,2024-07-22 20:00:00+00:00,9095.048891775219
1721682000000,2024-07-22 21:00:00+00:00,9095.048891775219
1721685600000,2024-07-22 22:00:00+00:00,9095.048891775219
1721689200000,2024-07-22 23:00:00+00:00,9095.048891775219
1721692800000,2024-07-23 00:00:00+00:00,9095.048891775219
1721696400000,2024-07-23 01:00:00+00:00,9095.048891775219
1721700000000,2024-07-23 02:00:00+00:00,9095.048891775219
1721703600000,2024-07-23 03:00:00+00:00,9095.048891775219
1721707200000,2024-07-23 04:00:00+00:00,9095.048891775219
1721710800000,2024-07-23 05:00:00+00:00,9095.048891775219
1721714400000,2024-07-23 06:00:00+00:00,9095.048891775219
1721718000000,2024-07-23 07:00:00+00:00,9095.048891775219
1721721600000,2024-07-23 08:00:00+00:00,9095.048891775219
1721725200000,2024-07-23 09:00:00+00:00,9095.048891775219
1721728800000,2024-07-23 10:00:00+00:00,9095.048891775219
1721732400000,2024-07-23 11:00:00+00:00,9095.048891775219
1721736000000,2024-07-23 12:00:00+00:00,9095.048891775219
1721739600000,2024-07-23 13:00:00+00:00,9070.4264958958
1721743200000,2024-07-23 14:00:00+00:00,9070.4264958958
1721746800000,2024-07-23 15:00:00+00:00,9070.4264958958
1721750400000,2024-07-23 16:00:00+00:00,9070.4264958958
1721754000000,2024-07-23 17:00:00+00:00,9070.4264958958
1721757600000,2024-07-23 18:00:00+00:00,9070.4264958958
1721761200000,2024-07-23 19:00:00+00:00,9070.4264958958
1721764800000,2024-07-23 20:00:00+00:00,9070.4264958958
1721768400000,2024-07-23 21:00:00+00:00,9070.4264958958
1721772000000,2024-07-23 22:00:00+00:00,9070.4264958958
1721775600000,2024-07-23 23:00:00+00:00,9070.4264958958
1721779200000,2024-07-24 00:00:00+00:00,9070.4264958958
1721782800000,2024-07-24 01:00:00+00:00,9070.4264958958
1721786400000,2024-07-24 02:00:00+00:00,9070.4264958958
1721790000000,2024-07-24 03:00:00+00:00,9070.4264958958
1721793600000,2024-07-24 04:00:00+00:00,9070.4264958958
1721797200000,2024-07-24 05:00:00+00:00,9070.4264958958
1721800800000,2024-07-24 06:00:00+00:00,9070.4264958958
1721804400000,2024-07-24 07:00:00+00:00,9070.4264958958
1721808000000,2024-07-24 08:00:00+00:00,9070.4264958958
1721811600000,2024-07-24 09:00:00+00:00,9070.4264958958
1721815200000,2024-07-24 10:00:00+00:00,9070.4264958958
1721818800000,2024-07-24 11:00:00+00:00,9070.4264958958
1721822400000,2024-07-24 12:00:00+00:00,9070.4264958958
1721826000000,2024-07-24 13:00:00+00:00,9070.4264958958
1721829600000,2024-07-24 14:00:00+00:00,9070.4264958958
1721833200000,2024-07-24 15:00:00+00:00,9070.4264958958
1721836800000,2024-07-24 16:00:00+00:00,9070.4264958958
1721840400000,2024-07-24 17:00:00+00:00,9070.4264958958
1721844000000,2024-07-24 18:00:00+00:00,9070.4264958958
1721847600000,2024-07-24 19:00:00+00:00,9070.4264958958
1721851200000,2024-07-24 20:00:00+00:00,9070.4264958958
1721854800000,2024-07-24 21:00:00+00:00,9070.4264958958
1721858400000,2024-07-24 22:00:00+00:00,9070.4264958958
1721862000000,2024-07-24 23:00:00+00:00,9070.4264958958
1721865600000,2024-07-25 00:00:00+00:00,9070.4264958958
1721869200000,2024-07-25 01:00:00+00:00,9070.4264958958
1721872800000,2024-07-25 02:00:00+00:00,9070.4264958958
1721876400000,2024-07-25 03:00:00+00:00,9070.4264958958
1721880000000,2024-07-25 04:00:00+00:00,9070.4264958958
1721883600000,2024-07-25 05:00:00+00:00,9070.4264958958
1721887200000,2024-07-25 06:00:00+00:00,9070.4264958958
1721890800000,2024-07-25 07:00:00+00:00,9070.4264958958
1721894400000,2024-07-25 08:00:00+00:00,9070.4264958958
1721898000000,2024-07-25 09:00:00+00:00,9070.4264958958
1721901600000,2024-07-25 10:00:00+00:00,9070.4264958958
1721905200000,2024-07-25 11:00:00+00:00,9070.4264958958
1721908800000,2024-07-25 12:00:00+00:00,9070.4264958958
1721912400000,2024-07-25 13:00:00+00:00,9070.4264958958
1721916000000,2024-07-25 14:00:00+00:00,9070.4264958958
1721919600000,2024-07-25 15:00:00+00:00,9070.4264958958
1721923200000,2024-07-25 16:00:00+00:00,9070.4264958958
1721926800000,2024-07-25 17:00:00+00:00,9070.4264958958
1721930400000,2024-07-25 18:00:00+00:00,9070.4264958958
1721934000000,2024-07-25 19:00:00+00:00,9070.4264958958
1721937600000,2024-07-25 20:00:00+00:00,9070.4264958958
1721941200000,2024-07-25 21:00:00+00:00,9086.111816181538
1721944800000,2024-07-25 22:00:00+00:00,9086.111816181538
1721948400000,2024-07-25 23:00:00+00:00,9086.111816181538
1721952000000,2024-07-26 00:00:00+00:00,9086.111816181538
1721955600000,2024-07-26 01:00:00+00:00,9086.111816181538
1721959200000,2024-07-26 02:00:00+00:00,9086.111816181538
1721962800000,2024-07-26 03:00:00+00:00,9086.111816181538
1721966400000,2024-07-26 04:00:00+00:00,9086.111816181538
1721970000000,2024-07-26 05:00:00+00:00,9086.111816181538
1721973600000,2024-07-26 06:00:00+00:00,9086.111816181538
1721977200000,2024-07-26 07:00:00+00:00,9086.111816181538
1721980800000,2024-07-26 08:00:00+00:00,9086.111816181538
1721984400000,2024-07-26 09:00:00+00:00,9086.111816181538
1721988000000,2024-07-26 10:00:00+00:00,9086.111816181538
1721991600000,2024-07-26 11:00:00+00:00,9086.111816181538
1721995200000,2024-07-26 12:00:00+00:00,9086.111816181538
1721998800000,2024-07-26 13:00:00+00:00,9086.111816181538
1722002400000,2024-07-26 14:00:00+00:00,9086.111816181538
1722006000000,2024-07-26 15:00:00+00:00,9086.111816181538
1722009600000,2024-07-26 16:00:00+00:00,9086.111816181538
1722013200000,2024-07-26 17:00:00+00:00,9086.111816181538
1722016800000,2024-07-26 18:00:00+00:00,9086.111816181538
1722020400000,2024-07-26 19:00:00+00:00,9086.111816181538
1722024000000,2024-07-26 20:00:00+00:00,9086.111816181538
1722027600000,2024-07-26 21:00:00+00:00,9086.111816181538
1722031200000,2024-07-26 22:00:00+00:00,9086.111816181538
1722034800000,2024-07-26 23:00:00+00:00,9086.111816181538
1722038400000,2024-07-27 00:00:00+00:00,9086.111816181538
1722042000000,2024-07-27 01:00:00+00:00,9086.111816181538
1722045600000,2024-07-27 02:00:00+00:00,9086.111816181538
1722049200000,2024-07-27 03:00:00+00:00,9086.111816181538
1722052800000,2024-07-27 04:00:00+00:00,9086.111816181538
1722056400000,2024-07-27 05:00:00+00:00,9086.111816181538
1722060000000,2024-07-27 06:00:00+00:00,9086.111816181538
1722063600000,2024-07-27 07:00:00+00:00,9086.111816181538
1722067200000,2024-07-27 08:00:00+00:00,9086.111816181538
1722070800000,2024-07-27 09:00:00+00:00,9086.111816181538
1722074400000,2024-07-27 10:00:00+00:00,9086.111816181538
1722078000000,2024-07-27 11:00:00+00:00,9086.111816181538
1722081600000,2024-07-27 12:00:00+00:00,9086.111816181538
1722085200000,2024-07-27 13:00:00+00:00,9086.111816181538
1722088800000,2024-07-27 14:00:00+00:00,9086.111816181538
1722092400000,2024-07-27 15:00:00+00:00,9086.111816181538
1722096000000,2024-07-27 16:00:00+00:00,9086.111816181538
1722099600000,2024-07-27 17:00:00+00:00,9086.111816181538
1722103200000,2024-07-27 18:00:00+00:00,9086.111816181538
1722106800000,2024-07-27 19:00:00+00:00,9129.656571556714
1722110400000,2024-07-27 20:00:00+00:00,9129.656571556714
1722114000000,2024-07-27 21:00:00+00:00,9129.656571556714
1722117600000,2024-07-27 22:00:00+00:00,9129.656571556714
1722121200000,2024-07-27 23:00:00+00:00,9129.656571556714
1722124800000,2024-07-28 00:00:00+00:00,9129.656571556714
1722128400000,2024-07-28 01:00:00+00:00,9129.656571556714
1722132000000,2024-07-28 02:00:00+00:00,9129.656571556714
1722135600000,2024-07-28 03:00:00+00:00,9129.656571556714
1722139200000,2024-07-28 04:00:00+00:00,9129.656571556714
1722142800000,2024-07-28 05:00:00+00:00,9129.656571556714
1722146400000,2024-07-28 06:00:00+00:00,9129.656571556714
1722150000000,2024-07-28 07:00:00+00:00,9129.656571556714
1722153600000,2024-07-28 08:00:00+00:00,9129.656571556714
1722157200000,2024-07-28 09:00:00+00:00,9129.656571556714
1722160800000,2024-07-28 10:00:00+00:00,9129.656571556714
1722164400000,2024-07-28 11:00:00+00:00,9129.656571556714
1722168000000,2024-07-28 12:00:00+00:00,9129.656571556714
1722171600000,2024-07-28 13:00:00+00:00,9129.656571556714
1722175200000,2024-07-28 14:00:00+00:00,9129.656571556714
1722178800000,2024-07-28 15:00:00+00:00,9129.656571556714
1722182400000,2024-07-28 16:00:00+00:00,9129.656571556714
1722186000000,2024-07-28 17:00:00+00:00,9129.656571556714
1722189600000,2024-07-28 18:00:00+00:00,9129.656571556714
1722193200000,2024-07-28 19:00:00+00:00,9129.656571556714
1722196800000,2024-07-28 20:00:00+00:00,9129.656571556714
1722200400000,2024-07-28 21:00:00+00:00,9129.656571556714
1722204000000,2024-07-28 22:00:00+00:00,9129.656571556714
1722207600000,2024-07-28 23:00:00+00:00,9129.656571556714
1722211200000,2024-07-29 00:00:00+00:00,9129.656571556714
1722214800000,2024-07-29 01:00:00+00:00,9129.656571556714
1722218400000,2024-07-29 02:00:00+00:00,9155.755981451764
1722222000000,2024-07-29 03:00:00+00:00,9155.755981451764
1722225600000,2024-07-29 04:00:00+00:00,9155.755981451764
1722229200000,2024-07-29 05:00:00+00:00,9155.755981451764
1722232800000,2024-07-29 06:00:00+00:00,9155.755981451764
1722236400000,2024-07-29 07:00:00+00:00,9155.755981451764
1722240000000,2024-07-29 08:00:00+00:00,9155.755981451764
1722243600000,2024-07-29 09:00:00+00:00,9155.755981451764
1722247200000,2024-07-29 10:00:00+00:00,9155.755981451764
1722250800000,2024-07-29 11:00:00+00:00,9155.755981451764
1722254400000,2024-07-29 12:00:00+00:00,9155.755981451764
1722258000000,2024-07-29 13:00:00+00:00,9155.755981451764
1722261600000,2024-07-29 14:00:00+00:00,9168.759515774278
1722265200000,2024-07-29 15:00:00+00:00,9168.759515774278
1722268800000,2024-07-29 16:00:00+00:00,9168.759515774278
1722272400000,2024-07-29 17:00:00+00:00,9168.759515774278
1722276000000,2024-07-29 18:00:00+00:00,9168.759515774278
1722279600000,2024-07-29 19:00:00+00:00,9168.759515774278
1722283200000,2024-07-29 20:00:00+00:00,9168.759515774278
1722286800000,2024-07-29 21:00:00+00:00,9168.759515774278
1722290400000,2024-07-29 22:00:00+00:00,9168.759515774278
1722294000000,2024-07-29 23:00:00+00:00,9168.759515774278
1722297600000,2024-07-30 00:00:00+00:00,9168.759515774278
1722301200000,2024-07-30 01:00:00+00:00,9168.759515774278
1722304800000,2024-07-30 02:00:00+00:00,9168.759515774278
1722308400000,2024-07-30 03:00:00+00:00,9168.759515774278
1722312000000,2024-07-30 04:00:00+00:00,9168.759515774278
1722315600000,2024-07-30 05:00:00+00:00,9168.759515774278
1722319200000,2024-07-30 06:00:00+00:00,9168.759515774278
1722322800000,2024-07-30 07:00:00+00:00,9168.759515774278
1722326400000,2024-07-30 08:00:00+00:00,9168.759515774278
1722330000000,2024-07-30 09:00:00+00:00,9168.759515774278
1722333600000,2024-07-30 10:00:00+00:00,9168.759515774278
1722337200000,2024-07-30 11:00:00+00:00,9168.759515774278
1722340800000,2024-07-30 12:00:00+00:00,9168.759515774278
1722344400000,2024-07-30 13:00:00+00:00,9168.759515774278
1722348000000,2024-07-30 14:00:00+00:00,9168.759515774278
1722351600000,2024-07-30 15:00:00+00:00,9168.759515774278
1722355200000,2024-07-30 16:00:00+00:00,9168.759515774278
1722358800000,2024-07-30 17:00:00+00:00,9168.759515774278
1722362400000,2024-07-30 18:00:00+00:00,9168.759515774278
1722366000000,2024-07-30 19:00:00+00:00,9168.759515774278
1722369600000,2024-07-30 20:00:00+00:00,9168.759515774278
1722373200000,2024-07-30 21:00:00+00:00,9168.759515774278
1722376800000,2024-07-30 22:00:00+00:00,9168.759515774278
1722380400000,2024-07-30 23:00:00+00:00,9168.759515774278
1722384000000,2024-07-31 00:00:00+00:00,9168.759515774278
1722387600000,2024-07-31 01:00:00+00:00,9168.759515774278
1722391200000,2024-07-31 02:00:00+00:00,9168.759515774278
1722394800000,2024-07-31 03:00:00+00:00,9168.759515774278
1722398400000,2024-07-31 04:00:00+00:00,9168.759515774278
1722402000000,2024-07-31 05:00:00+00:00,9168.759515774278
1722405600000,2024-07-31 06:00:00+00:00,9168.759515774278
1722409200000,2024-07-31 07:00:00+00:00,9168.759515774278
1722412800000,2024-07-31 08:00:00+00:00,9168.759515774278
1722416400000,2024-07-31 09:00:00+00:00,9168.759515774278
1722420000000,2024-07-31 10:00:00+00:00,9168.759515774278
1722423600000,2024-07-31 11:00:00+00:00,9168.759515774278
1722427200000,2024-07-31 12:00:00+00:00,9168.759515774278
1722430800000,2024-07-31 13:00:00+00:00,9168.759515774278
1722434400000,2024-07-31 14:00:00+00:00,9168.759515774278
1722438000000,2024-07-31 15:00:00+00:00,9168.759515774278
1722441600000,2024-07-31 16:00:00+00:00,9168.759515774278
1722445200000,2024-07-31 17:00:00+00:00,9168.759515774278
1722448800000,2024-07-31 18:00:00+00:00,9168.759515774278
1722452400000,2024-07-31 19:00:00+00:00,9143.88431451569
1722456000000,2024-07-31 20:00:00+00:00,9103.036177200984
1722459600000,2024-07-31 21:00:00+00:00,9103.036177200984
1722463200000,2024-07-31 22:00:00+00:00,9103.036177200984
1722466800000,2024-07-31 23:00:00+00:00,9103.036177200984
1722470400000,2024-08-01 00:00:00+00:00,9103.036177200984
1722474000000,2024-08-01 01:00:00+00:00,9103.036177200984
1722477600000,2024-08-01 02:00:00+00:00,9103.036177200984
1722481200000,2024-08-01 03:00:00+00:00,9103.036177200984
1722484800000,2024-08-01 04:00:00+00:00,9078.701862192318
1722488400000,2024-08-01 05:00:00+00:00,9078.701862192318
1722492000000,2024-08-01 06:00:00+00:00,9078.701862192318
1722495600000,2024-08-01 07:00:00+00:00,9078.701862192318
1722499200000,2024-08-01 08:00:00+00:00,9078.701862192318
1722502800000,2024-08-01 09:00:00+00:00,9078.701862192318
1722506400000,2024-08-01 10:00:00+00:00,9078.701862192318
1722510000000,2024-08-01 11:00:00+00:00,9078.701862192318
1722513600000,2024-08-01 12:00:00+00:00,9078.701862192318
1722517200000,2024-08-01 13:00:00+00:00,9078.701862192318
1722520800000,2024-08-01 14:00:00+00:00,9078.701862192318
1722524400000,2024-08-01 15:00:00+00:00,9054.426886063811
1722528000000,2024-08-01 16:00:00+00:00,9030.297080307364
1722531600000,2024-08-01 17:00:00+00:00,9030.297080307364
1722535200000,2024-08-01 18:00:00+00:00,9030.297080307364
1722538800000,2024-08-01 19:00:00+00:00,9030.297080307364
1722542400000,2024-08-01 20:00:00+00:00,9030.297080307364
1722546000000,2024-08-01 21:00:00+00:00,9030.297080307364
1722549600000,2024-08-01 22:00:00+00:00,9030.297080307364
1722553200000,2024-08-01 23:00:00+00:00,9030.297080307364
1722556800000,2024-08-02 00:00:00+00:00,9030.297080307364
1722560400000,2024-08-02 01:00:00+00:00,9030.297080307364
1722564000000,2024-08-02 02:00:00+00:00,9030.297080307364
1722567600000,2024-08-02 03:00:00+00:00,9030.297080307364
1722571200000,2024-08-02 04:00:00+00:00,9030.297080307364
1722574800000,2024-08-02 05:00:00+00:00,9030.297080307364
1722578400000,2024-08-02 06:00:00+00:00,9030.297080307364
1722582000000,2024-08-02 07:00:00+00:00,9030.297080307364
1722585600000,2024-08-02 08:00:00+00:00,9030.297080307364
1722589200000,2024-08-02 09:00:00+00:00,9030.297080307364
1722592800000,2024-08-02 10:00:00+00:00,9030.297080307364
1722596400000,2024-08-02 11:00:00+00:00,9030.297080307364
1722600000000,2024-08-02 12:00:00+00:00,9030.297080307364
1722603600000,2024-08-02 13:00:00+00:00,9030.297080307364
1722607200000,2024-08-02 14:00:00+00:00,9030.297080307364
1722610800000,2024-08-02 15:00:00+00:00,8966.60353891048
1722614400000,2024-08-02 16:00:00+00:00,8966.60353891048
1722618000000,2024-08-02 17:00:00+00:00,8966.60353891048
1722621600000,2024-08-02 18:00:00+00:00,8966.60353891048
1722625200000,2024-08-02 19:00:00+00:00,8966.60353891048
1722628800000,2024-08-02 20:00:00+00:00,8966.60353891048
1722632400000,2024-08-02 21:00:00+00:00,8966.60353891048
1722636000000,2024-08-02 22:00:00+00:00,8966.60353891048
1722639600000,2024-08-02 23:00:00+00:00,8966.60353891048
1722643200000,2024-08-03 00:00:00+00:00,8966.60353891048
1722646800000,2024-08-03 01:00:00+00:00,8966.60353891048
1722650400000,2024-08-03 02:00:00+00:00,8966.60353891048
1722654000000,2024-08-03 03:00:00+00:00,8966.60353891048
1722657600000,2024-08-03 04:00:00+00:00,8966.60353891048
1722661200000,2024-08-03 05:00:00+00:00,8966.60353891048
1722664800000,2024-08-03 06:00:00+00:00,8966.60353891048
1722668400000,2024-08-03 07:00:00+00:00,8966.60353891048
1722672000000,2024-08-03 08:00:00+00:00,8966.60353891048
1722675600000,2024-08-03 09:00:00+00:00,8966.60353891048
1722679200000,2024-08-03 10:00:00+00:00,8966.60353891048
1722682800000,2024-08-03 11:00:00+00:00,8966.60353891048
1722686400000,2024-08-03 12:00:00+00:00,8966.60353891048
1722690000000,2024-08-03 13:00:00+00:00,8966.60353891048
1722693600000,2024-08-03 14:00:00+00:00,8966.60353891048
1722697200000,2024-08-03 15:00:00+00:00,8966.60353891048
1722700800000,2024-08-03 16:00:00+00:00,8966.60353891048
1722704400000,2024-08-03 17:00:00+00:00,8966.60353891048
1722708000000,2024-08-03 18:00:00+00:00,8966.60353891048
1722711600000,2024-08-03 19:00:00+00:00,8966.60353891048
1722715200000,2024-08-03 20:00:00+00:00,8966.60353891048
1722718800000,2024-08-03 21:00:00+00:00,8966.60353891048
1722722400000,2024-08-03 22:00:00+00:00,8966.60353891048
1722726000000,2024-08-03 23:00:00+00:00,8966.60353891048
1722729600000,2024-08-04 00:00:00+00:00,8966.60353891048
1722733200000,2024-08-04 01:00:00+00:00,8966.60353891048
1722736800000,2024-08-04 02:00:00+00:00,8966.60353891048
1722740400000,2024-08-04 03:00:00+00:00,8966.60353891048
1722744000000,2024-08-04 04:00:00+00:00,8966.60353891048
1722747600000,2024-08-04 05:00:00+00:00,8966.60353891048
1722751200000,2024-08-04 06:00:00+00:00,8966.60353891048
1722754800000,2024-08-04 07:00:00+00:00,8966.60353891048
1722758400000,2024-08-04 08:00:00+00:00,8966.60353891048
1722762000000,2024-08-04 09:00:00+00:00,8966.60353891048
1722765600000,2024-08-04 10:00:00+00:00,8966.60353891048
1722769200000,2024-08-04 11:00:00+00:00,8966.60353891048
1722772800000,2024-08-04 12:00:00+00:00,8966.60353891048
1722776400000,2024-08-04 13:00:00+00:00,8966.60353891048
1722780000000,2024-08-04 14:00:00+00:00,8966.60353891048
1722783600000,2024-08-04 15:00:00+00:00,8966.60353891048
1722787200000,2024-08-04 16:00:00+00:00,8966.60353891048
1722790800000,2024-08-04 17:00:00+00:00,8966.60353891048
1722794400000,2024-08-04 18:00:00+00:00,8966.60353891048
1722798000000,2024-08-04 19:00:00+00:00,8966.60353891048
1722801600000,2024-08-04 20:00:00+00:00,8966.60353891048
1722805200000,2024-08-04 21:00:00+00:00,8966.60353891048
1722808800000,2024-08-04 22:00:00+00:00,8966.60353891048
1722812400000,2024-08-04 23:00:00+00:00,8966.60353891048
1722816000000,2024-08-05 00:00:00+00:00,8966.60353891048
1722819600000,2024-08-05 01:00:00+00:00,8966.60353891048
1722823200000,2024-08-05 02:00:00+00:00,8966.60353891048
1722826800000,2024-08-05 03:00:00+00:00,8966.60353891048
1722830400000,2024-08-05 04:00:00+00:00,8966.60353891048
1722834000000,2024-08-05 05:00:00+00:00,8966.60353891048
1722837600000,2024-08-05 06:00:00+00:00,8966.60353891048
1722841200000,2024-08-05 07:00:00+00:00,8966.60353891048
1722844800000,2024-08-05 08:00:00+00:00,8966.60353891048
1722848400000,2024-08-05 09:00:00+00:00,8966.60353891048
1722852000000,2024-08-05 10:00:00+00:00,8966.60353891048
1722855600000,2024-08-05 11:00:00+00:00,8966.60353891048
1722859200000,2024-08-05 12:00:00+00:00,8966.60353891048
1722862800000,2024-08-05 13:00:00+00:00,8966.60353891048
1722866400000,2024-08-05 14:00:00+00:00,8966.60353891048
1722870000000,2024-08-05 15:00:00+00:00,8966.60353891048
1722873600000,2024-08-05 16:00:00+00:00,8966.60353891048
1722877200000,2024-08-05 17:00:00+00:00,8966.60353891048
1722880800000,2024-08-05 18:00:00+00:00,8966.60353891048
1722884400000,2024-08-05 19:00:00+00:00,8966.60353891048
1722888000000,2024-08-05 20:00:00+00:00,8966.60353891048
1722891600000,2024-08-05 21:00:00+00:00,8966.60353891048
1722895200000,2024-08-05 22:00:00+00:00,8966.60353891048
1722898800000,2024-08-05 23:00:00+00:00,8966.60353891048
1722902400000,2024-08-06 00:00:00+00:00,8966.60353891048
1722906000000,2024-08-06 01:00:00+00:00,8966.60353891048
1722909600000,2024-08-06 02:00:00+00:00,8966.60353891048
1722913200000,2024-08-06 03:00:00+00:00,8966.60353891048
1722916800000,2024-08-06 04:00:00+00:00,8966.60353891048
1722920400000,2024-08-06 05:00:00+00:00,8966.60353891048
1722924000000,2024-08-06 06:00:00+00:00,8966.60353891048
1722927600000,2024-08-06 07:00:00+00:00,8966.60353891048
1722931200000,2024-08-06 08:00:00+00:00,8966.60353891048
1722934800000,2024-08-06 09:00:00+00:00,8966.60353891048
1722938400000,2024-08-06 10:00:00+00:00,8966.60353891048
1722942000000,2024-08-06 11:00:00+00:00,8966.60353891048
1722945600000,2024-08-06 12:00:00+00:00,8966.60353891048
1722949200000,2024-08-06 13:00:00+00:00,8966.60353891048
1722952800000,2024-08-06 14:00:00+00:00,8966.60353891048
1722956400000,2024-08-06 15:00:00+00:00,8966.60353891048
1722960000000,2024-08-06 16:00:00+00:00,8966.60353891048
1722963600000,2024-08-06 17:00:00+00:00,8966.60353891048
1722967200000,2024-08-06 18:00:00+00:00,8966.60353891048
1722970800000,2024-08-06 19:00:00+00:00,8966.60353891048
1722974400000,2024-08-06 20:00:00+00:00,8966.60353891048
1722978000000,2024-08-06 21:00:00+00:00,8966.60353891048
1722981600000,2024-08-06 22:00:00+00:00,8966.60353891048
1722985200000,2024-08-06 23:00:00+00:00,8966.60353891048
1722988800000,2024-08-07 00:00:00+00:00,8966.60353891048
1722992400000,2024-08-07 01:00:00+00:00,8966.60353891048
1722996000000,2024-08-07 02:00:00+00:00,8966.60353891048
1722999600000,2024-08-07 03:00:00+00:00,8966.60353891048
1723003200000,2024-08-07 04:00:00+00:00,8966.60353891048
1723006800000,2024-08-07 05:00:00+00:00,8966.60353891048
1723010400000,2024-08-07 06:00:00+00:00,8966.60353891048
1723014000000,2024-08-07 07:00:00+00:00,8966.60353891048
1723017600000,2024-08-07 08:00:00+00:00,8966.60353891048
1723021200000,2024-08-07 09:00:00+00:00,8966.60353891048
1723024800000,2024-08-07 10:00:00+00:00,8966.60353891048
1723028400000,2024-08-07 11:00:00+00:00,8966.60353891048
1723032000000,2024-08-07 12:00:00+00:00,8966.60353891048
1723035600000,2024-08-07 13:00:00+00:00,8966.60353891048
1723039200000,2024-08-07 14:00:00+00:00,8966.60353891048
1723042800000,2024-08-07 15:00:00+00:00,8966.60353891048
1723046400000,2024-08-07 16:00:00+00:00,8966.60353891048
1723050000000,2024-08-07 17:00:00+00:00,8966.60353891048
1723053600000,2024-08-07 18:00:00+00:00,8966.60353891048
1723057200000,2024-08-07 19:00:00+00:00,8966.60353891048
1723060800000,2024-08-07 20:00:00+00:00,8966.60353891048
1723064400000,2024-08-07 21:00:00+00:00,8966.60353891048
1723068000000,2024-08-07 22:00:00+00:00,8966.60353891048
1723071600000,2024-08-07 23:00:00+00:00,8966.60353891048
1723075200000,2024-08-08 00:00:00+00:00,8966.60353891048
1723078800000,2024-08-08 01:00:00+00:00,8966.60353891048
1723082400000,2024-08-08 02:00:00+00:00,8966.60353891048
1723086000000,2024-08-08 03:00:00+00:00,8966.60353891048
1723089600000,2024-08-08 04:00:00+00:00,8966.60353891048
1723093200000,2024-08-08 05:00:00+00:00,8966.60353891048
1723096800000,2024-08-08 06:00:00+00:00,8966.60353891048
1723100400000,2024-08-08 07:00:00+00:00,8966.60353891048
1723104000000,2024-08-08 08:00:00+00:00,8966.60353891048
1723107600000,2024-08-08 09:00:00+00:00,8966.60353891048
1723111200000,2024-08-08 10:00:00+00:00,8966.60353891048
1723114800000,2024-08-08 11:00:00+00:00,8966.60353891048
1723118400000,2024-08-08 12:00:00+00:00,8966.60353891048
1723122000000,2024-08-08 13:00:00+00:00,8966.60353891048
1723125600000,2024-08-08 14:00:00+00:00,8966.60353891048
1723129200000,2024-08-08 15:00:00+00:00,8966.60353891048
1723132800000,2024-08-08 16:00:00+00:00,8966.60353891048
1723136400000,2024-08-08 17:00:00+00:00,8966.60353891048
1723140000000,2024-08-08 18:00:00+00:00,8966.60353891048
1723143600000,2024-08-08 19:00:00+00:00,8966.60353891048
1723147200000,2024-08-08 20:00:00+00:00,8966.60353891048
1723150800000,2024-08-08 21:00:00+00:00,8966.60353891048
1723154400000,2024-08-08 22:00:00+00:00,8966.60353891048
1723158000000,2024-08-08 23:00:00+00:00,8966.60353891048
1723161600000,2024-08-09 00:00:00+00:00,8966.60353891048
1723165200000,2024-08-09 01:00:00+00:00,8966.60353891048
1723168800000,2024-08-09 02:00:00+00:00,8966.60353891048
1723172400000,2024-08-09 03:00:00+00:00,8966.60353891048
1723176000000,2024-08-09 04:00:00+00:00,8966.60353891048
1723179600000,2024-08-09 05:00:00+00:00,8966.60353891048
1723183200000,2024-08-09 06:00:00+00:00,8966.60353891048
1723186800000,2024-08-09 07:00:00+00:00,8966.60353891048
1723190400000,2024-08-09 08:00:00+00:00,8966.60353891048
1723194000000,2024-08-09 09:00:00+00:00,8966.60353891048
1723197600000,2024-08-09 10:00:00+00:00,8966.60353891048
1723201200000,2024-08-09 11:00:00+00:00,8966.60353891048
1723204800000,2024-08-09 12:00:00+00:00,8966.60353891048
1723208400000,2024-08-09 13:00:00+00:00,8943.295716845272
1723212000000,2024-08-09 14:00:00+00:00,8943.295716845272
1723215600000,2024-08-09 15:00:00+00:00,8943.295716845272
1723219200000,2024-08-09 16:00:00+00:00,8943.295716845272
1723222800000,2024-08-09 17:00:00+00:00,8943.295716845272
1723226400000,2024-08-09 18:00:00+00:00,8943.295716845272
1723230000000,2024-08-09 19:00:00+00:00,8943.295716845272
1723233600000,2024-08-09 20:00:00+00:00,8943.295716845272
1723237200000,2024-08-09 21:00:00+00:00,8943.295716845272
1723240800000,2024-08-09 22:00:00+00:00,8943.295716845272
1723244400000,2024-08-09 23:00:00+00:00,8943.295716845272
1723248000000,2024-08-10 00:00:00+00:00,8943.295716845272
1723251600000,2024-08-10 01:00:00+00:00,8943.295716845272
1723255200000,2024-08-10 02:00:00+00:00,8943.295716845272
1723258800000,2024-08-10 03:00:00+00:00,8943.295716845272
1723262400000,2024-08-10 04:00:00+00:00,8943.295716845272
1723266000000,2024-08-10 05:00:00+00:00,8943.295716845272
1723269600000,2024-08-10 06:00:00+00:00,8943.295716845272
1723273200000,2024-08-10 07:00:00+00:00,8943.295716845272
1723276800000,2024-08-10 08:00:00+00:00,8943.295716845272
1723280400000,2024-08-10 09:00:00+00:00,8943.295716845272
1723284000000,2024-08-10 10:00:00+00:00,8943.295716845272
1723287600000,2024-08-10 11:00:00+00:00,8943.295716845272
1723291200000,2024-08-10 12:00:00+00:00,8943.295716845272
1723294800000,2024-08-10 13:00:00+00:00,8943.295716845272
1723298400000,2024-08-10 14:00:00+00:00,8943.295716845272
1723302000000,2024-08-10 15:00:00+00:00,8943.295716845272
1723305600000,2024-08-10 16:00:00+00:00,8943.295716845272
1723309200000,2024-08-10 17:00:00+00:00,8943.295716845272
1723312800000,2024-08-10 18:00:00+00:00,8943.295716845272
1723316400000,2024-08-10 19:00:00+00:00,8943.295716845272
1723320000000,2024-08-10 20:00:00+00:00,8943.295716845272
1723323600000,2024-08-10 21:00:00+00:00,8943.295716845272
1723327200000,2024-08-10 22:00:00+00:00,8943.295716845272
1723330800000,2024-08-10 23:00:00+00:00,8943.295716845272
1723334400000,2024-08-11 00:00:00+00:00,8943.295716845272
1723338000000,2024-08-11 01:00:00+00:00,8943.295716845272
1723341600000,2024-08-11 02:00:00+00:00,8943.295716845272
1723345200000,2024-08-11 03:00:00+00:00,8943.295716845272
1723348800000,2024-08-11 04:00:00+00:00,8943.295716845272
1723352400000,2024-08-11 05:00:00+00:00,8943.295716845272
1723356000000,2024-08-11 06:00:00+00:00,8943.295716845272
1723359600000,2024-08-11 07:00:00+00:00,8943.295716845272
1723363200000,2024-08-11 08:00:00+00:00,8943.295716845272
1723366800000,2024-08-11 09:00:00+00:00,8943.295716845272
1723370400000,2024-08-11 10:00:00+00:00,8943.295716845272
1723374000000,2024-08-11 11:00:00+00:00,8943.295716845272
1723377600000,2024-08-11 12:00:00+00:00,8943.295716845272
1723381200000,2024-08-11 13:00:00+00:00,8943.295716845272
1723384800000,2024-08-11 14:00:00+00:00,8919.440964650616
1723388400000,2024-08-11 15:00:00+00:00,8919.440964650616
1723392000000,2024-08-11 16:00:00+00:00,8919.440964650616
1723395600000,2024-08-11 17:00:00+00:00,8919.440964650616
1723399200000,2024-08-11 18:00:00+00:00,8919.440964650616
1723402800000,2024-08-11 19:00:00+00:00,8919.440964650616
1723406400000,2024-08-11 20:00:00+00:00,8919.440964650616
1723410000000,2024-08-11 21:00:00+00:00,8919.440964650616
1723413600000,2024-08-11 22:00:00+00:00,8919.440964650616
1723417200000,2024-08-11 23:00:00+00:00,8919.440964650616
1723420800000,2024-08-12 00:00:00+00:00,8919.440964650616
1723424400000,2024-08-12 01:00:00+00:00,8919.440964650616
1723428000000,2024-08-12 02:00:00+00:00,8919.440964650616
1723431600000,2024-08-12 03:00:00+00:00,8919.440964650616
1723435200000,2024-08-12 04:00:00+00:00,8919.440964650616
1723438800000,2024-08-12 05:00:00+00:00,8919.440964650616
1723442400000,2024-08-12 06:00:00+00:00,8919.440964650616
1723446000000,2024-08-12 07:00:00+00:00,8919.440964650616
1723449600000,2024-08-12 08:00:00+00:00,8929.609280997869
1723453200000,2024-08-12 09:00:00+00:00,8929.609280997869
1723456800000,2024-08-12 10:00:00+00:00,8929.609280997869
1723460400000,2024-08-12 11:00:00+00:00,8929.609280997869
1723464000000,2024-08-12 12:00:00+00:00,8929.609280997869
1723467600000,2024-08-12 13:00:00+00:00,8933.022244419804
1723471200000,2024-08-12 14:00:00+00:00,8933.022244419804
1723474800000,2024-08-12 15:00:00+00:00,8933.022244419804
1723478400000,2024-08-12 16:00:00+00:00,8933.022244419804
1723482000000,2024-08-12 17:00:00+00:00,8933.022244419804
1723485600000,2024-08-12 18:00:00+00:00,8933.022244419804
1723489200000,2024-08-12 19:00:00+00:00,8933.022244419804
1723492800000,2024-08-12 20:00:00+00:00,8933.022244419804
1723496400000,2024-08-12 21:00:00+00:00,8933.022244419804
1723500000000,2024-08-12 22:00:00+00:00,8933.022244419804
1723503600000,2024-08-12 23:00:00+00:00,8933.022244419804
1723507200000,2024-08-13 00:00:00+00:00,8933.022244419804
1723510800000,2024-08-13 01:00:00+00:00,8933.022244419804
1723514400000,2024-08-13 02:00:00+00:00,8933.022244419804
1723518000000,2024-08-13 03:00:00+00:00,8933.022244419804
1723521600000,2024-08-13 04:00:00+00:00,8933.022244419804
1723525200000,2024-08-13 05:00:00+00:00,8933.022244419804
1723528800000,2024-08-13 06:00:00+00:00,8933.022244419804
1723532400000,2024-08-13 07:00:00+00:00,8933.022244419804
1723536000000,2024-08-13 08:00:00+00:00,8933.022244419804
1723539600000,2024-08-13 09:00:00+00:00,8933.022244419804
1723543200000,2024-08-13 10:00:00+00:00,8933.022244419804
1723546800000,2024-08-13 11:00:00+00:00,8933.022244419804
1723550400000,2024-08-13 12:00:00+00:00,8933.022244419804
1723554000000,2024-08-13 13:00:00+00:00,8933.022244419804
1723557600000,2024-08-13 14:00:00+00:00,8933.022244419804
1723561200000,2024-08-13 15:00:00+00:00,8933.022244419804
1723564800000,2024-08-13 16:00:00+00:00,8933.022244419804
1723568400000,2024-08-13 17:00:00+00:00,8933.022244419804
1723572000000,2024-08-13 18:00:00+00:00,8933.022244419804
1723575600000,2024-08-13 19:00:00+00:00,8933.022244419804
1723579200000,2024-08-13 20:00:00+00:00,8933.022244419804
1723582800000,2024-08-13 21:00:00+00:00,8933.022244419804
1723586400000,2024-08-13 22:00:00+00:00,8933.022244419804
1723590000000,2024-08-13 23:00:00+00:00,8933.022244419804
1723593600000,2024-08-14 00:00:00+00:00,8933.022244419804
1723597200000,2024-08-14 01:00:00+00:00,8933.022244419804
1723600800000,2024-08-14 02:00:00+00:00,8933.022244419804
1723604400000,2024-08-14 03:00:00+00:00,8933.022244419804
1723608000000,2024-08-14 04:00:00+00:00,8933.022244419804
1723611600000,2024-08-14 05:00:00+00:00,8933.022244419804
1723615200000,2024-08-14 06:00:00+00:00,8933.022244419804
1723618800000,2024-08-14 07:00:00+00:00,8933.022244419804
1723622400000,2024-08-14 08:00:00+00:00,8933.022244419804
1723626000000,2024-08-14 09:00:00+00:00,8933.022244419804
1723629600000,2024-08-14 10:00:00+00:00,8933.022244419804
1723633200000,2024-08-14 11:00:00+00:00,8933.022244419804
1723636800000,2024-08-14 12:00:00+00:00,8933.022244419804
1723640400000,2024-08-14 13:00:00+00:00,8933.022244419804
1723644000000,2024-08-14 14:00:00+00:00,8933.022244419804
1723647600000,2024-08-14 15:00:00+00:00,8933.022244419804
1723651200000,2024-08-14 16:00:00+00:00,8933.022244419804
1723654800000,2024-08-14 17:00:00+00:00,8933.022244419804
1723658400000,2024-08-14 18:00:00+00:00,8933.022244419804
1723662000000,2024-08-14 19:00:00+00:00,8933.022244419804
1723665600000,2024-08-14 20:00:00+00:00,8933.022244419804
1723669200000,2024-08-14 21:00:00+00:00,8933.022244419804
1723672800000,2024-08-14 22:00:00+00:00,8933.022244419804
1723676400000,2024-08-14 23:00:00+00:00,8933.022244419804
1723680000000,2024-08-15 00:00:00+00:00,8933.022244419804
1723683600000,2024-08-15 01:00:00+00:00,8933.022244419804
1723687200000,2024-08-15 02:00:00+00:00,8933.022244419804
1723690800000,2024-08-15 03:00:00+00:00,8933.022244419804
1723694400000,2024-08-15 04:00:00+00:00,8933.022244419804
1723698000000,2024-08-15 05:00:00+00:00,8933.022244419804
1723701600000,2024-08-15 06:00:00+00:00,8949.47890204019
1723705200000,2024-08-15 07:00:00+00:00,8949.47890204019
1723708800000,2024-08-15 08:00:00+00:00,8949.47890204019
1723712400000,2024-08-15 09:00:00+00:00,8949.47890204019
1723716000000,2024-08-15 10:00:00+00:00,8949.47890204019
1723719600000,2024-08-15 11:00:00+00:00,8949.47890204019
1723723200000,2024-08-15 12:00:00+00:00,8949.47890204019
1723726800000,2024-08-15 13:00:00+00:00,8949.47890204019
1723730400000,2024-08-15 14:00:00+00:00,8949.47890204019
1723734000000,2024-08-15 15:00:00+00:00,8949.47890204019
1723737600000,2024-08-15 16:00:00+00:00,8949.47890204019
1723741200000,2024-08-15 17:00:00+00:00,8949.47890204019
1723744800000,2024-08-15 18:00:00+00:00,8925.238366905758
1723748400000,2024-08-15 19:00:00+00:00,8925.238366905758
1723752000000,2024-08-15 20:00:00+00:00,8925.238366905758
1723755600000,2024-08-15 21:00:00+00:00,8925.238366905758
1723759200000,2024-08-15 22:00:00+00:00,8925.238366905758
1723762800000,2024-08-15 23:00:00+00:00,8925.238366905758
1723766400000,2024-08-16 00:00:00+00:00,8925.238366905758
1723770000000,2024-08-16 01:00:00+00:00,8925.238366905758
1723773600000,2024-08-16 02:00:00+00:00,8925.238366905758
1723777200000,2024-08-16 03:00:00+00:00,8925.238366905758
1723780800000,2024-08-16 04:00:00+00:00,8925.238366905758
1723784400000,2024-08-16 05:00:00+00:00,8925.238366905758
1723788000000,2024-08-16 06:00:00+00:00,8943.651868390647
1723791600000,2024-08-16 07:00:00+00:00,8943.651868390647
1723795200000,2024-08-16 08:00:00+00:00,8943.651868390647
1723798800000,2024-08-16 09:00:00+00:00,8943.651868390647
1723802400000,2024-08-16 10:00:00+00:00,8943.651868390647
1723806000000,2024-08-16 11:00:00+00:00,8943.651868390647
1723809600000,2024-08-16 12:00:00+00:00,8943.651868390647
1723813200000,2024-08-16 13:00:00+00:00,8943.651868390647
1723816800000,2024-08-16 14:00:00+00:00,8943.651868390647
1723820400000,2024-08-16 15:00:00+00:00,8943.651868390647
1723824000000,2024-08-16 16:00:00+00:00,8943.651868390647
1723827600000,2024-08-16 17:00:00+00:00,8943.651868390647
1723831200000,2024-08-16 18:00:00+00:00,8943.651868390647
1723834800000,2024-08-16 19:00:00+00:00,8943.651868390647
1723838400000,2024-08-16 20:00:00+00:00,8943.651868390647
1723842000000,2024-08-16 21:00:00+00:00,8943.651868390647
1723845600000,2024-08-16 22:00:00+00:00,8943.651868390647
1723849200000,2024-08-16 23:00:00+00:00,8943.651868390647
1723852800000,2024-08-17 00:00:00+00:00,8943.651868390647
1723856400000,2024-08-17 01:00:00+00:00,8943.651868390647
1723860000000,2024-08-17 02:00:00+00:00,8943.651868390647
1723863600000,2024-08-17 03:00:00+00:00,8943.651868390647
1723867200000,2024-08-17 04:00:00+00:00,8943.651868390647
1723870800000,2024-08-17 05:00:00+00:00,8943.651868390647
1723874400000,2024-08-17 06:00:00+00:00,8943.651868390647
1723878000000,2024-08-17 07:00:00+00:00,8943.651868390647
1723881600000,2024-08-17 08:00:00+00:00,8943.651868390647
1723885200000,2024-08-17 09:00:00+00:00,8943.651868390647
1723888800000,2024-08-17 10:00:00+00:00,8943.651868390647
1723892400000,2024-08-17 11:00:00+00:00,8943.651868390647
1723896000000,2024-08-17 12:00:00+00:00,8943.651868390647
1723899600000,2024-08-17 13:00:00+00:00,8943.651868390647
1723903200000,2024-08-17 14:00:00+00:00,8943.651868390647
1723906800000,2024-08-17 15:00:00+00:00,8943.651868390647
1723910400000,2024-08-17 16:00:00+00:00,8943.651868390647
1723914000000,2024-08-17 17:00:00+00:00,8943.651868390647
1723917600000,2024-08-17 18:00:00+00:00,8943.651868390647
1723921200000,2024-08-17 19:00:00+00:00,8943.651868390647
1723924800000,2024-08-17 20:00:00+00:00,8943.651868390647
1723928400000,2024-08-17 21:00:00+00:00,8943.651868390647
1723932000000,2024-08-17 22:00:00+00:00,8943.651868390647
1723935600000,2024-08-17 23:00:00+00:00,8943.651868390647
1723939200000,2024-08-18 00:00:00+00:00,8943.651868390647
1723942800000,2024-08-18 01:00:00+00:00,8943.651868390647
1723946400000,2024-08-18 02:00:00+00:00,8943.651868390647
1723950000000,2024-08-18 03:00:00+00:00,8943.651868390647
1723953600000,2024-08-18 04:00:00+00:00,8943.651868390647
1723957200000,2024-08-18 05:00:00+00:00,8943.651868390647
1723960800000,2024-08-18 06:00:00+00:00,8943.651868390647
1723964400000,2024-08-18 07:00:00+00:00,8943.651868390647
1723968000000,2024-08-18 08:00:00+00:00,8943.651868390647
1723971600000,2024-08-18 09:00:00+00:00,8902.81273493589
1723975200000,2024-08-18 10:00:00+00:00,8902.81273493589
1723978800000,2024-08-18 11:00:00+00:00,8902.81273493589
1723982400000,2024-08-18 12:00:00+00:00,8902.81273493589
1723986000000,2024-08-18 13:00:00+00:00,8902.81273493589
1723989600000,2024-08-18 14:00:00+00:00,8902.81273493589
1723993200000,2024-08-18 15:00:00+00:00,8902.81273493589
1723996800000,2024-08-18 16:00:00+00:00,8902.81273493589
1724000400000,2024-08-18 17:00:00+00:00,8902.81273493589
1724004000000,2024-08-18 18:00:00+00:00,8902.81273493589
1724007600000,2024-08-18 19:00:00+00:00,8902.81273493589
1724011200000,2024-08-18 20:00:00+00:00,8902.81273493589
1724014800000,2024-08-18 21:00:00+00:00,8902.81273493589
1724018400000,2024-08-18 22:00:00+00:00,8902.81273493589
1724022000000,2024-08-18 23:00:00+00:00,8902.81273493589
1724025600000,2024-08-19 00:00:00+00:00,8902.81273493589
1724029200000,2024-08-19 01:00:00+00:00,8902.81273493589
1724032800000,2024-08-19 02:00:00+00:00,8902.81273493589
1724036400000,2024-08-19 03:00:00+00:00,8902.81273493589
1724040000000,2024-08-19 04:00:00+00:00,8902.81273493589
1724043600000,2024-08-19 05:00:00+00:00,8902.81273493589
1724047200000,2024-08-19 06:00:00+00:00,8902.81273493589
1724050800000,2024-08-19 07:00:00+00:00,8902.81273493589
1724054400000,2024-08-19 08:00:00+00:00,8902.81273493589
1724058000000,2024-08-19 09:00:00+00:00,8917.82111563492
1724061600000,2024-08-19 10:00:00+00:00,8917.82111563492
1724065200000,2024-08-19 11:00:00+00:00,8917.82111563492
1724068800000,2024-08-19 12:00:00+00:00,8917.82111563492
1724072400000,2024-08-19 13:00:00+00:00,8917.82111563492
1724076000000,2024-08-19 14:00:00+00:00,8917.82111563492
1724079600000,2024-08-19 15:00:00+00:00,8917.82111563492
1724083200000,2024-08-19 16:00:00+00:00,8917.82111563492
1724086800000,2024-08-19 17:00:00+00:00,8925.102603193602
1724090400000,2024-08-19 18:00:00+00:00,8925.102603193602
1724094000000,2024-08-19 19:00:00+00:00,8925.102603193602
1724097600000,2024-08-19 20:00:00+00:00,8925.102603193602
1724101200000,2024-08-19 21:00:00+00:00,8925.102603193602
1724104800000,2024-08-19 22:00:00+00:00,8925.102603193602
1724108400000,2024-08-19 23:00:00+00:00,8925.102603193602
1724112000000,2024-08-20 00:00:00+00:00,8925.102603193602
1724115600000,2024-08-20 01:00:00+00:00,8925.102603193602
1724119200000,2024-08-20 02:00:00+00:00,8925.102603193602
1724122800000,2024-08-20 03:00:00+00:00,8925.102603193602
1724126400000,2024-08-20 04:00:00+00:00,8925.102603193602
1724130000000,2024-08-20 05:00:00+00:00,8925.102603193602
1724133600000,2024-08-20 06:00:00+00:00,8925.102603193602
1724137200000,2024-08-20 07:00:00+00:00,8925.102603193602
1724140800000,2024-08-20 08:00:00+00:00,8925.102603193602
1724144400000,2024-08-20 09:00:00+00:00,8925.102603193602
1724148000000,2024-08-20 10:00:00+00:00,8925.102603193602
1724151600000,2024-08-20 11:00:00+00:00,8925.102603193602
1724155200000,2024-08-20 12:00:00+00:00,8925.102603193602
1724158800000,2024-08-20 13:00:00+00:00,8925.102603193602
1724162400000,2024-08-20 14:00:00+00:00,8915.941458464333
1724166000000,2024-08-20 15:00:00+00:00,8915.941458464333
1724169600000,2024-08-20 16:00:00+00:00,8915.941458464333
1724173200000,2024-08-20 17:00:00+00:00,8915.941458464333
1724176800000,2024-08-20 18:00:00+00:00,8915.941458464333
1724180400000,2024-08-20 19:00:00+00:00,8915.941458464333
1724184000000,2024-08-20 20:00:00+00:00,8915.941458464333
1724187600000,2024-08-20 21:00:00+00:00,8915.941458464333
1724191200000,2024-08-20 22:00:00+00:00,8915.941458464333
1724194800000,2024-08-20 23:00:00+00:00,8915.941458464333
1724198400000,2024-08-21 00:00:00+00:00,8915.941458464333
1724202000000,2024-08-21 01:00:00+00:00,8915.941458464333
1724205600000,2024-08-21 02:00:00+00:00,8915.941458464333
1724209200000,2024-08-21 03:00:00+00:00,8915.941458464333
1724212800000,2024-08-21 04:00:00+00:00,8915.941458464333
1724216400000,2024-08-21 05:00:00+00:00,8915.941458464333
1724220000000,2024-08-21 06:00:00+00:00,8915.941458464333
1724223600000,2024-08-21 07:00:00+00:00,8915.941458464333
1724227200000,2024-08-21 08:00:00+00:00,8915.941458464333
1724230800000,2024-08-21 09:00:00+00:00,8915.941458464333
1724234400000,2024-08-21 10:00:00+00:00,8915.941458464333
1724238000000,2024-08-21 11:00:00+00:00,8915.941458464333
1724241600000,2024-08-21 12:00:00+00:00,8915.941458464333
1724245200000,2024-08-21 13:00:00+00:00,8915.941458464333
1724248800000,2024-08-21 14:00:00+00:00,8929.010805610607
1724252400000,2024-08-21 15:00:00+00:00,8929.010805610607
1724256000000,2024-08-21 16:00:00+00:00,8929.010805610607
1724259600000,2024-08-21 17:00:00+00:00,8929.010805610607
1724263200000,2024-08-21 18:00:00+00:00,8929.010805610607
1724266800000,2024-08-21 19:00:00+00:00,8929.010805610607
1724270400000,2024-08-21 20:00:00+00:00,8929.010805610607
1724274000000,2024-08-21 21:00:00+00:00,8929.010805610607
1724277600000,2024-08-21 22:00:00+00:00,8929.010805610607
1724281200000,2024-08-21 23:00:00+00:00,8929.010805610607
1724284800000,2024-08-22 00:00:00+00:00,8929.010805610607
1724288400000,2024-08-22 01:00:00+00:00,8929.010805610607
1724292000000,2024-08-22 02:00:00+00:00,8929.010805610607
1724295600000,2024-08-22 03:00:00+00:00,8929.010805610607
1724299200000,2024-08-22 04:00:00+00:00,8929.010805610607
1724302800000,2024-08-22 05:00:00+00:00,8929.010805610607
1724306400000,2024-08-22 06:00:00+00:00,8929.010805610607
1724310000000,2024-08-22 07:00:00+00:00,8929.010805610607
1724313600000,2024-08-22 08:00:00+00:00,8929.010805610607
1724317200000,2024-08-22 09:00:00+00:00,8929.010805610607
1724320800000,2024-08-22 10:00:00+00:00,8929.010805610607
1724324400000,2024-08-22 11:00:00+00:00,8929.010805610607
1724328000000,2024-08-22 12:00:00+00:00,8929.010805610607
1724331600000,2024-08-22 13:00:00+00:00,8929.010805610607
1724335200000,2024-08-22 14:00:00+00:00,8929.010805610607
1724338800000,2024-08-22 15:00:00+00:00,8929.010805610607
1724342400000,2024-08-22 16:00:00+00:00,8929.010805610607
1724346000000,2024-08-22 17:00:00+00:00,8929.010805610607
1724349600000,2024-08-22 18:00:00+00:00,8929.010805610607
1724353200000,2024-08-22 19:00:00+00:00,8929.010805610607
1724356800000,2024-08-22 20:00:00+00:00,8929.010805610607
1724360400000,2024-08-22 21:00:00+00:00,8929.010805610607
1724364000000,2024-08-22 22:00:00+00:00,8929.010805610607
1724367600000,2024-08-22 23:00:00+00:00,8929.010805610607
1724371200000,2024-08-23 00:00:00+00:00,8929.010805610607
1724374800000,2024-08-23 01:00:00+00:00,8929.010805610607
1724378400000,2024-08-23 02:00:00+00:00,8929.010805610607
1724382000000,2024-08-23 03:00:00+00:00,8929.010805610607
1724385600000,2024-08-23 04:00:00+00:00,8929.010805610607
1724389200000,2024-08-23 05:00:00+00:00,8929.010805610607
1724392800000,2024-08-23 06:00:00+00:00,8929.010805610607
1724396400000,2024-08-23 07:00:00+00:00,8929.010805610607
1724400000000,2024-08-23 08:00:00+00:00,8929.010805610607
1724403600000,2024-08-23 09:00:00+00:00,8929.010805610607
1724407200000,2024-08-23 10:00:00+00:00,8929.010805610607
1724410800000,2024-08-23 11:00:00+00:00,8929.010805610607
1724414400000,2024-08-23 12:00:00+00:00,8929.010805610607
1724418000000,2024-08-23 13:00:00+00:00,8929.010805610607
1724421600000,2024-08-23 14:00:00+00:00,8929.010805610607
1724425200000,2024-08-23 15:00:00+00:00,8929.010805610607
1724428800000,2024-08-23 16:00:00+00:00,8929.010805610607
1724432400000,2024-08-23 17:00:00+00:00,8888.591784706778
1724436000000,2024-08-23 18:00:00+00:00,8888.591784706778
1724439600000,2024-08-23 19:00:00+00:00,8888.591784706778
1724443200000,2024-08-23 20:00:00+00:00,8888.591784706778
1724446800000,2024-08-23 21:00:00+00:00,8888.591784706778
1724450400000,2024-08-23 22:00:00+00:00,8888.591784706778
1724454000000,2024-08-23 23:00:00+00:00,8888.591784706778
1724457600000,2024-08-24 00:00:00+00:00,8888.591784706778
1724461200000,2024-08-24 01:00:00+00:00,8888.591784706778
1724464800000,2024-08-24 02:00:00+00:00,8888.591784706778
1724468400000,2024-08-24 03:00:00+00:00,8888.591784706778
1724472000000,2024-08-24 04:00:00+00:00,8888.591784706778
1724475600000,2024-08-24 05:00:00+00:00,8888.591784706778
1724479200000,2024-08-24 06:00:00+00:00,8888.591784706778
1724482800000,2024-08-24 07:00:00+00:00,8888.591784706778
1724486400000,2024-08-24 08:00:00+00:00,8888.591784706778
1724490000000,2024-08-24 09:00:00+00:00,8888.591784706778
1724493600000,2024-08-24 10:00:00+00:00,8888.591784706778
1724497200000,2024-08-24 11:00:00+00:00,8888.591784706778
1724500800000,2024-08-24 12:00:00+00:00,8888.591784706778
1724504400000,2024-08-24 13:00:00+00:00,8898.677189637601
1724508000000,2024-08-24 14:00:00+00:00,8898.677189637601
1724511600000,2024-08-24 15:00:00+00:00,8898.677189637601
1724515200000,2024-08-24 16:00:00+00:00,8898.677189637601
1724518800000,2024-08-24 17:00:00+00:00,8898.677189637601
1724522400000,2024-08-24 18:00:00+00:00,8898.677189637601
1724526000000,2024-08-24 19:00:00+00:00,8898.677189637601
1724529600000,2024-08-24 20:00:00+00:00,8898.677189637601
1724533200000,2024-08-24 21:00:00+00:00,8905.262231294848
1724536800000,2024-08-24 22:00:00+00:00,8905.262231294848
1724540400000,2024-08-24 23:00:00+00:00,8905.262231294848
1724544000000,2024-08-25 00:00:00+00:00,8905.262231294848
1724547600000,2024-08-25 01:00:00+00:00,8905.262231294848
1724551200000,2024-08-25 02:00:00+00:00,8905.262231294848
1724554800000,2024-08-25 03:00:00+00:00,8905.262231294848
1724558400000,2024-08-25 04:00:00+00:00,8905.262231294848
1724562000000,2024-08-25 05:00:00+00:00,8905.262231294848
1724565600000,2024-08-25 06:00:00+00:00,8905.262231294848
1724569200000,2024-08-25 07:00:00+00:00,8905.262231294848
1724572800000,2024-08-25 08:00:00+00:00,8905.262231294848
1724576400000,2024-08-25 09:00:00+00:00,8905.262231294848
1724580000000,2024-08-25 10:00:00+00:00,8905.262231294848
1724583600000,2024-08-25 11:00:00+00:00,8905.262231294848
1724587200000,2024-08-25 12:00:00+00:00,8905.262231294848
1724590800000,2024-08-25 13:00:00+00:00,8905.262231294848
1724594400000,2024-08-25 14:00:00+00:00,8905.262231294848
1724598000000,2024-08-25 15:00:00+00:00,8905.262231294848
1724601600000,2024-08-25 16:00:00+00:00,8905.262231294848
1724605200000,2024-08-25 17:00:00+00:00,8905.262231294848
1724608800000,2024-08-25 18:00:00+00:00,8905.262231294848
1724612400000,2024-08-25 19:00:00+00:00,8905.262231294848
1724616000000,2024-08-25 20:00:00+00:00,8905.262231294848
1724619600000,2024-08-25 21:00:00+00:00,8905.262231294848
1724623200000,2024-08-25 22:00:00+00:00,8905.262231294848
1724626800000,2024-08-25 23:00:00+00:00,8905.262231294848
1724630400000,2024-08-26 00:00:00+00:00,8905.262231294848
1724634000000,2024-08-26 01:00:00+00:00,8905.262231294848
1724637600000,2024-08-26 02:00:00+00:00,8905.262231294848
1724641200000,2024-08-26 03:00:00+00:00,8905.262231294848
1724644800000,2024-08-26 04:00:00+00:00,8905.262231294848
1724648400000,2024-08-26 05:00:00+00:00,8905.262231294848
1724652000000,2024-08-26 06:00:00+00:00,8905.262231294848
1724655600000,2024-08-26 07:00:00+00:00,8905.262231294848
1724659200000,2024-08-26 08:00:00+00:00,8905.262231294848
1724662800000,2024-08-26 09:00:00+00:00,8905.262231294848
1724666400000,2024-08-26 10:00:00+00:00,8905.262231294848
1724670000000,2024-08-26 11:00:00+00:00,8905.262231294848
1724673600000,2024-08-26 12:00:00+00:00,8905.262231294848
1724677200000,2024-08-26 13:00:00+00:00,8905.262231294848
1724680800000,2024-08-26 14:00:00+00:00,8905.262231294848
1724684400000,2024-08-26 15:00:00+00:00,8905.262231294848
1724688000000,2024-08-26 16:00:00+00:00,8905.262231294848
1724691600000,2024-08-26 17:00:00+00:00,8880.308812172583
1724695200000,2024-08-26 18:00:00+00:00,8880.308812172583
1724698800000,2024-08-26 19:00:00+00:00,8880.308812172583
1724702400000,2024-08-26 20:00:00+00:00,8880.308812172583
1724706000000,2024-08-26 21:00:00+00:00,8880.308812172583
1724709600000,2024-08-26 22:00:00+00:00,8880.308812172583
1724713200000,2024-08-26 23:00:00+00:00,8880.308812172583
1724716800000,2024-08-27 00:00:00+00:00,8880.308812172583
1724720400000,2024-08-27 01:00:00+00:00,8880.308812172583
1724724000000,2024-08-27 02:00:00+00:00,8880.308812172583
1724727600000,2024-08-27 03:00:00+00:00,8880.308812172583
1724731200000,2024-08-27 04:00:00+00:00,8880.308812172583
1724734800000,2024-08-27 05:00:00+00:00,8880.308812172583
1724738400000,2024-08-27 06:00:00+00:00,8880.308812172583
1724742000000,2024-08-27 07:00:00+00:00,8880.308812172583
1724745600000,2024-08-27 08:00:00+00:00,8880.308812172583
1724749200000,2024-08-27 09:00:00+00:00,8880.308812172583
1724752800000,2024-08-27 10:00:00+00:00,8880.308812172583
1724756400000,2024-08-27 11:00:00+00:00,8880.308812172583
1724760000000,2024-08-27 12:00:00+00:00,8880.308812172583
1724763600000,2024-08-27 13:00:00+00:00,8880.308812172583
1724767200000,2024-08-27 14:00:00+00:00,8880.308812172583
1724770800000,2024-08-27 15:00:00+00:00,8880.308812172583
1724774400000,2024-08-27 16:00:00+00:00,8880.308812172583
1724778000000,2024-08-27 17:00:00+00:00,8880.308812172583
1724781600000,2024-08-27 18:00:00+00:00,8880.308812172583
1724785200000,2024-08-27 19:00:00+00:00,8880.308812172583
1724788800000,2024-08-27 20:00:00+00:00,8880.308812172583
1724792400000,2024-08-27 21:00:00+00:00,8855.23560915424
1724796000000,2024-08-27 22:00:00+00:00,8855.23560915424
1724799600000,2024-08-27 23:00:00+00:00,8855.23560915424
1724803200000,2024-08-28 00:00:00+00:00,8855.23560915424
1724806800000,2024-08-28 01:00:00+00:00,8855.23560915424
1724810400000,2024-08-28 02:00:00+00:00,8855.23560915424
1724814000000,2024-08-28 03:00:00+00:00,8855.23560915424
1724817600000,2024-08-28 04:00:00+00:00,8855.23560915424
1724821200000,2024-08-28 05:00:00+00:00,8855.23560915424
1724824800000,2024-08-28 06:00:00+00:00,8855.23560915424
1724828400000,2024-08-28 07:00:00+00:00,8855.23560915424
1724832000000,2024-08-28 08:00:00+00:00,8855.23560915424
1724835600000,2024-08-28 09:00:00+00:00,8855.23560915424
1724839200000,2024-08-28 10:00:00+00:00,8855.23560915424
1724842800000,2024-08-28 11:00:00+00:00,8855.23560915424
1724846400000,2024-08-28 12:00:00+00:00,8855.23560915424
1724850000000,2024-08-28 13:00:00+00:00,8855.23560915424
1724853600000,2024-08-28 14:00:00+00:00,8855.23560915424
1724857200000,2024-08-28 15:00:00+00:00,8855.23560915424
1724860800000,2024-08-28 16:00:00+00:00,8855.23560915424
1724864400000,2024-08-28 17:00:00+00:00,8855.23560915424
1724868000000,2024-08-28 18:00:00+00:00,8855.23560915424
1724871600000,2024-08-28 19:00:00+00:00,8855.23560915424
1724875200000,2024-08-28 20:00:00+00:00,8855.23560915424
1724878800000,2024-08-28 21:00:00+00:00,8855.23560915424
1724882400000,2024-08-28 22:00:00+00:00,8855.23560915424
1724886000000,2024-08-28 23:00:00+00:00,8855.23560915424
1724889600000,2024-08-29 00:00:00+00:00,8855.23560915424
1724893200000,2024-08-29 01:00:00+00:00,8855.23560915424
1724896800000,2024-08-29 02:00:00+00:00,8855.23560915424
1724900400000,2024-08-29 03:00:00+00:00,8855.23560915424
1724904000000,2024-08-29 04:00:00+00:00,8855.23560915424
1724907600000,2024-08-29 05:00:00+00:00,8855.23560915424
1724911200000,2024-08-29 06:00:00+00:00,8855.23560915424
1724914800000,2024-08-29 07:00:00+00:00,8855.23560915424
1724918400000,2024-08-29 08:00:00+00:00,8855.23560915424
1724922000000,2024-08-29 09:00:00+00:00,8855.23560915424
1724925600000,2024-08-29 10:00:00+00:00,8855.23560915424
1724929200000,2024-08-29 11:00:00+00:00,8855.23560915424
1724932800000,2024-08-29 12:00:00+00:00,8855.23560915424
1724936400000,2024-08-29 13:00:00+00:00,8855.23560915424
1724940000000,2024-08-29 14:00:00+00:00,8855.23560915424
1724943600000,2024-08-29 15:00:00+00:00,8855.23560915424
1724947200000,2024-08-29 16:00:00+00:00,8855.23560915424
1724950800000,2024-08-29 17:00:00+00:00,8855.23560915424
1724954400000,2024-08-29 18:00:00+00:00,8855.23560915424
1724958000000,2024-08-29 19:00:00+00:00,8855.23560915424
1724961600000,2024-08-29 20:00:00+00:00,8855.23560915424
1724965200000,2024-08-29 21:00:00+00:00,8855.23560915424
1724968800000,2024-08-29 22:00:00+00:00,8855.23560915424
1724972400000,2024-08-29 23:00:00+00:00,8855.23560915424
1724976000000,2024-08-30 00:00:00+00:00,8855.23560915424
1724979600000,2024-08-30 01:00:00+00:00,8855.23560915424
1724983200000,2024-08-30 02:00:00+00:00,8855.23560915424
1724986800000,2024-08-30 03:00:00+00:00,8855.23560915424
1724990400000,2024-08-30 04:00:00+00:00,8855.23560915424
1724994000000,2024-08-30 05:00:00+00:00,8855.23560915424
1724997600000,2024-08-30 06:00:00+00:00,8855.23560915424
1725001200000,2024-08-30 07:00:00+00:00,8855.23560915424
1725004800000,2024-08-30 08:00:00+00:00,8855.23560915424
1725008400000,2024-08-30 09:00:00+00:00,8855.23560915424
1725012000000,2024-08-30 10:00:00+00:00,8855.23560915424
1725015600000,2024-08-30 11:00:00+00:00,8855.23560915424
1725019200000,2024-08-30 12:00:00+00:00,8855.23560915424
1725022800000,2024-08-30 13:00:00+00:00,8855.23560915424
1725026400000,2024-08-30 14:00:00+00:00,8871.658486947103
1725030000000,2024-08-30 15:00:00+00:00,8871.658486947103
1725033600000,2024-08-30 16:00:00+00:00,8871.658486947103
1725037200000,2024-08-30 17:00:00+00:00,8871.658486947103
1725040800000,2024-08-30 18:00:00+00:00,8877.008710779977
1725044400000,2024-08-30 19:00:00+00:00,8877.008710779977
1725048000000,2024-08-30 20:00:00+00:00,8877.008710779977
1725051600000,2024-08-30 21:00:00+00:00,8877.008710779977
1725055200000,2024-08-30 22:00:00+00:00,8877.008710779977
1725058800000,2024-08-30 23:00:00+00:00,8877.008710779977
1725062400000,2024-08-31 00:00:00+00:00,8877.008710779977
1725066000000,2024-08-31 01:00:00+00:00,8877.008710779977
1725069600000,2024-08-31 02:00:00+00:00,8877.008710779977
1725073200000,2024-08-31 03:00:00+00:00,8877.008710779977
1725076800000,2024-08-31 04:00:00+00:00,8877.008710779977
1725080400000,2024-08-31 05:00:00+00:00,8877.008710779977
1725084000000,2024-08-31 06:00:00+00:00,8877.008710779977
1725087600000,2024-08-31 07:00:00+00:00,8877.008710779977
1725091200000,2024-08-31 08:00:00+00:00,8877.008710779977
1725094800000,2024-08-31 09:00:00+00:00,8877.008710779977
1725098400000,2024-08-31 10:00:00+00:00,8877.008710779977
1725102000000,2024-08-31 11:00:00+00:00,8877.008710779977
1725105600000,2024-08-31 12:00:00+00:00,8877.008710779977
1725109200000,2024-08-31 13:00:00+00:00,8877.008710779977
1725112800000,2024-08-31 14:00:00+00:00,8877.008710779977
1725116400000,2024-08-31 15:00:00+00:00,8877.008710779977
1725120000000,2024-08-31 16:00:00+00:00,8877.008710779977
1725123600000,2024-08-31 17:00:00+00:00,8877.008710779977
1725127200000,2024-08-31 18:00:00+00:00,8877.008710779977
1725130800000,2024-08-31 19:00:00+00:00,8877.008710779977
1725134400000,2024-08-31 20:00:00+00:00,8877.008710779977
1725138000000,2024-08-31 21:00:00+00:00,8877.008710779977
1725141600000,2024-08-31 22:00:00+00:00,8877.008710779977
1725145200000,2024-08-31 23:00:00+00:00,8877.008710779977
1725148800000,2024-09-01 00:00:00+00:00,8877.008710779977
1725152400000,2024-09-01 01:00:00+00:00,8877.008710779977
1725156000000,2024-09-01 02:00:00+00:00,8877.008710779977
1725159600000,2024-09-01 03:00:00+00:00,8877.008710779977
1725163200000,2024-09-01 04:00:00+00:00,8877.008710779977
1725166800000,2024-09-01 05:00:00+00:00,8877.008710779977
1725170400000,2024-09-01 06:00:00+00:00,8877.008710779977
1725174000000,2024-09-01 07:00:00+00:00,8877.008710779977
1725177600000,2024-09-01 08:00:00+00:00,8877.008710779977
1725181200000,2024-09-01 09:00:00+00:00,8877.008710779977
1725184800000,2024-09-01 10:00:00+00:00,8877.008710779977
1725188400000,2024-09-01 11:00:00+00:00,8877.008710779977
1725192000000,2024-09-01 12:00:00+00:00,8877.008710779977
1725195600000,2024-09-01 13:00:00+00:00,8877.008710779977
1725199200000,2024-09-01 14:00:00+00:00,8877.008710779977
1725202800000,2024-09-01 15:00:00+00:00,8877.008710779977
1725206400000,2024-09-01 16:00:00+00:00,8877.008710779977
1725210000000,2024-09-01 17:00:00+00:00,8877.008710779977
1725213600000,2024-09-01 18:00:00+00:00,8877.008710779977
1725217200000,2024-09-01 19:00:00+00:00,8877.008710779977
1725220800000,2024-09-01 20:00:00+00:00,8877.008710779977
1725224400000,2024-09-01 21:00:00+00:00,8877.008710779977
1725228000000,2024-09-01 22:00:00+00:00,8892.480160598245
1725231600000,2024-09-01 23:00:00+00:00,8892.480160598245
1725235200000,2024-09-02 00:00:00+00:00,8892.480160598245
1725238800000,2024-09-02 01:00:00+00:00,8892.480160598245
1725242400000,2024-09-02 02:00:00+00:00,8892.480160598245
1725246000000,2024-09-02 03:00:00+00:00,8892.480160598245
1725249600000,2024-09-02 04:00:00+00:00,8892.480160598245
1725253200000,2024-09-02 05:00:00+00:00,8898.519950831225
1725256800000,2024-09-02 06:00:00+00:00,8898.519950831225
1725260400000,2024-09-02 07:00:00+00:00,8898.519950831225
1725264000000,2024-09-02 08:00:00+00:00,8898.519950831225
1725267600000,2024-09-02 09:00:00+00:00,8898.519950831225
1725271200000,2024-09-02 10:00:00+00:00,8898.519950831225
1725274800000,2024-09-02 11:00:00+00:00,8898.519950831225
1725278400000,2024-09-02 12:00:00+00:00,8898.519950831225
1725282000000,2024-09-02 13:00:00+00:00,8898.519950831225
1725285600000,2024-09-02 14:00:00+00:00,8898.519950831225
1725289200000,2024-09-02 15:00:00+00:00,8898.519950831225
1725292800000,2024-09-02 16:00:00+00:00,8898.519950831225
1725296400000,2024-09-02 17:00:00+00:00,8898.519950831225
1725300000000,2024-09-02 18:00:00+00:00,8898.519950831225
1725303600000,2024-09-02 19:00:00+00:00,8898.519950831225
1725307200000,2024-09-02 20:00:00+00:00,8898.519950831225
1725310800000,2024-09-02 21:00:00+00:00,8898.519950831225
1725314400000,2024-09-02 22:00:00+00:00,8898.519950831225
1725318000000,2024-09-02 23:00:00+00:00,8898.519950831225
1725321600000,2024-09-03 00:00:00+00:00,8898.519950831225
1725325200000,2024-09-03 01:00:00+00:00,8898.519950831225
1725328800000,2024-09-03 02:00:00+00:00,8898.519950831225
1725332400000,2024-09-03 03:00:00+00:00,8898.519950831225
1725336000000,2024-09-03 04:00:00+00:00,8898.519950831225
1725339600000,2024-09-03 05:00:00+00:00,8898.519950831225
1725343200000,2024-09-03 06:00:00+00:00,8898.519950831225
1725346800000,2024-09-03 07:00:00+00:00,8898.519950831225
1725350400000,2024-09-03 08:00:00+00:00,8898.519950831225
1725354000000,2024-09-03 09:00:00+00:00,8898.519950831225
1725357600000,2024-09-03 10:00:00+00:00,8898.519950831225
1725361200000,2024-09-03 11:00:00+00:00,8898.519950831225
1725364800000,2024-09-03 12:00:00+00:00,8898.519950831225
1725368400000,2024-09-03 13:00:00+00:00,8898.519950831225
1725372000000,2024-09-03 14:00:00+00:00,8898.519950831225
1725375600000,2024-09-03 15:00:00+00:00,8898.519950831225
1725379200000,2024-09-03 16:00:00+00:00,8898.519950831225
1725382800000,2024-09-03 17:00:00+00:00,8898.519950831225
1725386400000,2024-09-03 18:00:00+00:00,8898.519950831225
1725390000000,2024-09-03 19:00:00+00:00,8898.519950831225
1725393600000,2024-09-03 20:00:00+00:00,8898.519950831225
1725397200000,2024-09-03 21:00:00+00:00,8898.519950831225
1725400800000,2024-09-03 22:00:00+00:00,8898.519950831225
1725404400000,2024-09-03 23:00:00+00:00,8914.442278071194
1725408000000,2024-09-04 00:00:00+00:00,8914.442278071194
1725411600000,2024-09-04 01:00:00+00:00,8914.442278071194
1725415200000,2024-09-04 02:00:00+00:00,8914.442278071194
1725418800000,2024-09-04 03:00:00+00:00,8943.456969474168
1725422400000,2024-09-04 04:00:00+00:00,8943.456969474168
1725426000000,2024-09-04 05:00:00+00:00,8943.456969474168
1725429600000,2024-09-04 06:00:00+00:00,8943.456969474168
1725433200000,2024-09-04 07:00:00+00:00,8943.456969474168
1725436800000,2024-09-04 08:00:00+00:00,8943.456969474168
1725440400000,2024-09-04 09:00:00+00:00,8943.456969474168
1725444000000,2024-09-04 10:00:00+00:00,8943.456969474168
1725447600000,2024-09-04 11:00:00+00:00,8943.456969474168
1725451200000,2024-09-04 12:00:00+00:00,8943.456969474168
1725454800000,2024-09-04 13:00:00+00:00,8943.456969474168
1725458400000,2024-09-04 14:00:00+00:00,8943.456969474168
1725462000000,2024-09-04 15:00:00+00:00,8943.456969474168
1725465600000,2024-09-04 16:00:00+00:00,8943.456969474168
1725469200000,2024-09-04 17:00:00+00:00,8943.456969474168
1725472800000,2024-09-04 18:00:00+00:00,8943.456969474168
1725476400000,2024-09-04 19:00:00+00:00,8943.456969474168
1725480000000,2024-09-04 20:00:00+00:00,8943.456969474168
1725483600000,2024-09-04 21:00:00+00:00,8943.456969474168
1725487200000,2024-09-04 22:00:00+00:00,8943.456969474168
1725490800000,2024-09-04 23:00:00+00:00,8943.456969474168
1725494400000,2024-09-05 00:00:00+00:00,8943.456969474168
1725498000000,2024-09-05 01:00:00+00:00,8943.456969474168
1725501600000,2024-09-05 02:00:00+00:00,8943.456969474168
1725505200000,2024-09-05 03:00:00+00:00,8943.456969474168
1725508800000,2024-09-05 04:00:00+00:00,8943.456969474168
1725512400000,2024-09-05 05:00:00+00:00,8943.456969474168
1725516000000,2024-09-05 06:00:00+00:00,8943.456969474168
1725519600000,2024-09-05 07:00:00+00:00,8943.456969474168
1725523200000,2024-09-05 08:00:00+00:00,8943.456969474168
1725526800000,2024-09-05 09:00:00+00:00,8943.456969474168
1725530400000,2024-09-05 10:00:00+00:00,8943.456969474168
1725534000000,2024-09-05 11:00:00+00:00,8943.456969474168
1725537600000,2024-09-05 12:00:00+00:00,8943.456969474168
1725541200000,2024-09-05 13:00:00+00:00,8943.456969474168
1725544800000,2024-09-05 14:00:00+00:00,8943.456969474168
1725548400000,2024-09-05 15:00:00+00:00,8943.456969474168
1725552000000,2024-09-05 16:00:00+00:00,8943.456969474168
1725555600000,2024-09-05 17:00:00+00:00,8943.456969474168
1725559200000,2024-09-05 18:00:00+00:00,8943.456969474168
1725562800000,2024-09-05 19:00:00+00:00,8943.456969474168
1725566400000,2024-09-05 20:00:00+00:00,8943.456969474168
1725570000000,2024-09-05 21:00:00+00:00,8943.456969474168
1725573600000,2024-09-05 22:00:00+00:00,8943.456969474168
1725577200000,2024-09-05 23:00:00+00:00,8943.456969474168
1725580800000,2024-09-06 00:00:00+00:00,8943.456969474168
1725584400000,2024-09-06 01:00:00+00:00,8943.456969474168
1725588000000,2024-09-06 02:00:00+00:00,8943.456969474168
1725591600000,2024-09-06 03:00:00+00:00,8943.456969474168
1725595200000,2024-09-06 04:00:00+00:00,8943.456969474168
1725598800000,2024-09-06 05:00:00+00:00,8943.456969474168
1725602400000,2024-09-06 06:00:00+00:00,8943.456969474168
1725606000000,2024-09-06 07:00:00+00:00,8943.456969474168
1725609600000,2024-09-06 08:00:00+00:00,8943.456969474168
1725613200000,2024-09-06 09:00:00+00:00,8943.456969474168
1725616800000,2024-09-06 10:00:00+00:00,8943.456969474168
1725620400000,2024-09-06 11:00:00+00:00,8943.456969474168
1725624000000,2024-09-06 12:00:00+00:00,8943.456969474168
1725627600000,2024-09-06 13:00:00+00:00,8943.456969474168
1725631200000,2024-09-06 14:00:00+00:00,8943.456969474168
1725634800000,2024-09-06 15:00:00+00:00,8959.709462738247
1725638400000,2024-09-06 16:00:00+00:00,8959.709462738247
1725642000000,2024-09-06 17:00:00+00:00,8959.709462738247
1725645600000,2024-09-06 18:00:00+00:00,8959.709462738247
1725649200000,2024-09-06 19:00:00+00:00,8959.709462738247
1725652800000,2024-09-06 20:00:00+00:00,8959.709462738247
1725656400000,2024-09-06 21:00:00+00:00,8959.709462738247
1725660000000,2024-09-06 22:00:00+00:00,8959.709462738247
1725663600000,2024-09-06 23:00:00+00:00,8959.709462738247
1725667200000,2024-09-07 00:00:00+00:00,8992.783325533348
1725670800000,2024-09-07 01:00:00+00:00,8992.783325533348
1725674400000,2024-09-07 02:00:00+00:00,8992.783325533348
1725678000000,2024-09-07 03:00:00+00:00,8992.783325533348
1725681600000,2024-09-07 04:00:00+00:00,8992.783325533348
1725685200000,2024-09-07 05:00:00+00:00,8992.783325533348
1725688800000,2024-09-07 06:00:00+00:00,8992.783325533348
1725692400000,2024-09-07 07:00:00+00:00,8992.783325533348
1725696000000,2024-09-07 08:00:00+00:00,8992.783325533348
1725699600000,2024-09-07 09:00:00+00:00,8992.783325533348
1725703200000,2024-09-07 10:00:00+00:00,8992.783325533348
1725706800000,2024-09-07 11:00:00+00:00,8992.783325533348
1725710400000,2024-09-07 12:00:00+00:00,8992.783325533348
1725714000000,2024-09-07 13:00:00+00:00,8992.783325533348
1725717600000,2024-09-07 14:00:00+00:00,8992.783325533348
1725721200000,2024-09-07 15:00:00+00:00,8992.783325533348
1725724800000,2024-09-07 16:00:00+00:00,8992.783325533348
1725728400000,2024-09-07 17:00:00+00:00,8992.783325533348
1725732000000,2024-09-07 18:00:00+00:00,8992.783325533348
1725735600000,2024-09-07 19:00:00+00:00,8992.783325533348
1725739200000,2024-09-07 20:00:00+00:00,8992.783325533348
1725742800000,2024-09-07 21:00:00+00:00,8992.783325533348
1725746400000,2024-09-07 22:00:00+00:00,8992.783325533348
1725750000000,2024-09-07 23:00:00+00:00,8992.783325533348
1725753600000,2024-09-08 00:00:00+00:00,8992.783325533348
1725757200000,2024-09-08 01:00:00+00:00,8992.783325533348
1725760800000,2024-09-08 02:00:00+00:00,8992.783325533348
1725764400000,2024-09-08 03:00:00+00:00,8992.783325533348
1725768000000,2024-09-08 04:00:00+00:00,8992.783325533348
1725771600000,2024-09-08 05:00:00+00:00,8992.783325533348
1725775200000,2024-09-08 06:00:00+00:00,8992.783325533348
1725778800000,2024-09-08 07:00:00+00:00,8992.783325533348
1725782400000,2024-09-08 08:00:00+00:00,8992.783325533348
1725786000000,2024-09-08 09:00:00+00:00,8992.783325533348
1725789600000,2024-09-08 10:00:00+00:00,8992.783325533348
1725793200000,2024-09-08 11:00:00+00:00,8992.783325533348
1725796800000,2024-09-08 12:00:00+00:00,8992.783325533348
1725800400000,2024-09-08 13:00:00+00:00,8992.783325533348
1725804000000,2024-09-08 14:00:00+00:00,8992.783325533348
1725807600000,2024-09-08 15:00:00+00:00,8992.783325533348
1725811200000,2024-09-08 16:00:00+00:00,8992.783325533348
1725814800000,2024-09-08 17:00:00+00:00,8992.783325533348
1725818400000,2024-09-08 18:00:00+00:00,8992.783325533348
1725822000000,2024-09-08 19:00:00+00:00,8992.783325533348
1725825600000,2024-09-08 20:00:00+00:00,8992.783325533348
1725829200000,2024-09-08 21:00:00+00:00,8992.783325533348
1725832800000,2024-09-08 22:00:00+00:00,8992.783325533348
1725836400000,2024-09-08 23:00:00+00:00,8992.783325533348
1725840000000,2024-09-09 00:00:00+00:00,8992.783325533348
1725843600000,2024-09-09 01:00:00+00:00,8992.783325533348
1725847200000,2024-09-09 02:00:00+00:00,8992.783325533348
1725850800000,2024-09-09 03:00:00+00:00,8992.783325533348
1725854400000,2024-09-09 04:00:00+00:00,8992.783325533348
1725858000000,2024-09-09 05:00:00+00:00,8992.783325533348
1725861600000,2024-09-09 06:00:00+00:00,8992.783325533348
1725865200000,2024-09-09 07:00:00+00:00,8992.783325533348
1725868800000,2024-09-09 08:00:00+00:00,8992.783325533348
1725872400000,2024-09-09 09:00:00+00:00,8992.783325533348
1725876000000,2024-09-09 10:00:00+00:00,8992.783325533348
1725879600000,2024-09-09 11:00:00+00:00,8992.783325533348
1725883200000,2024-09-09 12:00:00+00:00,8992.783325533348
1725886800000,2024-09-09 13:00:00+00:00,8992.783325533348
1725890400000,2024-09-09 14:00:00+00:00,8992.783325533348
1725894000000,2024-09-09 15:00:00+00:00,8992.783325533348
1725897600000,2024-09-09 16:00:00+00:00,8992.783325533348
1725901200000,2024-09-09 17:00:00+00:00,8992.783325533348
1725904800000,2024-09-09 18:00:00+00:00,8992.783325533348
1725908400000,2024-09-09 19:00:00+00:00,8992.783325533348
1725912000000,2024-09-09 20:00:00+00:00,8992.783325533348
1725915600000,2024-09-09 21:00:00+00:00,8953.56927069258
1725919200000,2024-09-09 22:00:00+00:00,8953.56927069258
1725922800000,2024-09-09 23:00:00+00:00,8953.56927069258
1725926400000,2024-09-10 00:00:00+00:00,8953.56927069258
1725930000000,2024-09-10 01:00:00+00:00,8953.56927069258
1725933600000,2024-09-10 02:00:00+00:00,8953.56927069258
1725937200000,2024-09-10 03:00:00+00:00,8953.56927069258
1725940800000,2024-09-10 04:00:00+00:00,8953.56927069258
1725944400000,2024-09-10 05:00:00+00:00,8953.56927069258
1725948000000,2024-09-10 06:00:00+00:00,8953.56927069258
1725951600000,2024-09-10 07:00:00+00:00,8953.56927069258
1725955200000,2024-09-10 08:00:00+00:00,8953.56927069258
1725958800000,2024-09-10 09:00:00+00:00,8953.56927069258
1725962400000,2024-09-10 10:00:00+00:00,8953.56927069258
1725966000000,2024-09-10 11:00:00+00:00,8953.56927069258
1725969600000,2024-09-10 12:00:00+00:00,8953.56927069258
1725973200000,2024-09-10 13:00:00+00:00,8953.56927069258
1725976800000,2024-09-10 14:00:00+00:00,8953.56927069258
1725980400000,2024-09-10 15:00:00+00:00,8953.56927069258
1725984000000,2024-09-10 16:00:00+00:00,8953.56927069258
1725987600000,2024-09-10 17:00:00+00:00,8953.56927069258
1725991200000,2024-09-10 18:00:00+00:00,8953.56927069258
1725994800000,2024-09-10 19:00:00+00:00,8953.56927069258
1725998400000,2024-09-10 20:00:00+00:00,8953.56927069258
1726002000000,2024-09-10 21:00:00+00:00,8953.56927069258
1726005600000,2024-09-10 22:00:00+00:00,8953.56927069258
1726009200000,2024-09-10 23:00:00+00:00,8953.56927069258
1726012800000,2024-09-11 00:00:00+00:00,8953.56927069258
1726016400000,2024-09-11 01:00:00+00:00,8953.56927069258
1726020000000,2024-09-11 02:00:00+00:00,8953.56927069258
1726023600000,2024-09-11 03:00:00+00:00,8953.56927069258
1726027200000,2024-09-11 04:00:00+00:00,8953.56927069258
1726030800000,2024-09-11 05:00:00+00:00,8953.56927069258
1726034400000,2024-09-11 06:00:00+00:00,8953.56927069258
1726038000000,2024-09-11 07:00:00+00:00,8953.56927069258
1726041600000,2024-09-11 08:00:00+00:00,8953.56927069258
1726045200000,2024-09-11 09:00:00+00:00,8953.56927069258
1726048800000,2024-09-11 10:00:00+00:00,8953.56927069258
1726052400000,2024-09-11 11:00:00+00:00,8953.56927069258
1726056000000,2024-09-11 12:00:00+00:00,8953.56927069258
1726059600000,2024-09-11 13:00:00+00:00,8969.402804010108
1726063200000,2024-09-11 14:00:00+00:00,8969.402804010108
1726066800000,2024-09-11 15:00:00+00:00,8969.402804010108
1726070400000,2024-09-11 16:00:00+00:00,8970.283921730032
1726074000000,2024-09-11 17:00:00+00:00,8970.283921730032
1726077600000,2024-09-11 18:00:00+00:00,8970.283921730032
1726081200000,2024-09-11 19:00:00+00:00,8970.283921730032
1726084800000,2024-09-11 20:00:00+00:00,8970.283921730032
1726088400000,2024-09-11 21:00:00+00:00,8970.283921730032
1726092000000,2024-09-11 22:00:00+00:00,8970.283921730032
1726095600000,2024-09-11 23:00:00+00:00,8970.283921730032
1726099200000,2024-09-12 00:00:00+00:00,8970.283921730032
1726102800000,2024-09-12 01:00:00+00:00,8970.283921730032
1726106400000,2024-09-12 02:00:00+00:00,8970.283921730032
1726110000000,2024-09-12 03:00:00+00:00,8970.283921730032
1726113600000,2024-09-12 04:00:00+00:00,8970.283921730032
1726117200000,2024-09-12 05:00:00+00:00,8970.283921730032
1726120800000,2024-09-12 06:00:00+00:00,8970.283921730032
1726124400000,2024-09-12 07:00:00+00:00,8970.283921730032
1726128000000,2024-09-12 08:00:00+00:00,8970.283921730032
1726131600000,2024-09-12 09:00:00+00:00,8970.283921730032
1726135200000,2024-09-12 10:00:00+00:00,8970.283921730032
1726138800000,2024-09-12 11:00:00+00:00,8970.283921730032
1726142400000,2024-09-12 12:00:00+00:00,8970.283921730032
1726146000000,2024-09-12 13:00:00+00:00,8970.283921730032
1726149600000,2024-09-12 14:00:00+00:00,8970.283921730032
1726153200000,2024-09-12 15:00:00+00:00,8970.283921730032
1726156800000,2024-09-12 16:00:00+00:00,8970.283921730032
1726160400000,2024-09-12 17:00:00+00:00,8970.283921730032
1726164000000,2024-09-12 18:00:00+00:00,8970.283921730032
1726167600000,2024-09-12 19:00:00+00:00,8970.283921730032
1726171200000,2024-09-12 20:00:00+00:00,8970.283921730032
1726174800000,2024-09-12 21:00:00+00:00,8970.283921730032
1726178400000,2024-09-12 22:00:00+00:00,8970.283921730032
1726182000000,2024-09-12 23:00:00+00:00,8970.283921730032
1726185600000,2024-09-13 00:00:00+00:00,8970.283921730032
1726189200000,2024-09-13 01:00:00+00:00,8970.283921730032
1726192800000,2024-09-13 02:00:00+00:00,8970.283921730032
1726196400000,2024-09-13 03:00:00+00:00,8970.283921730032
1726200000000,2024-09-13 04:00:00+00:00,8970.283921730032
1726203600000,2024-09-13 05:00:00+00:00,8970.283921730032
1726207200000,2024-09-13 06:00:00+00:00,8970.283921730032
1726210800000,2024-09-13 07:00:00+00:00,8970.283921730032
1726214400000,2024-09-13 08:00:00+00:00,8970.283921730032
1726218000000,2024-09-13 09:00:00+00:00,8970.283921730032
1726221600000,2024-09-13 10:00:00+00:00,8970.283921730032
1726225200000,2024-09-13 11:00:00+00:00,8970.283921730032
1726228800000,2024-09-13 12:00:00+00:00,8970.283921730032
1726232400000,2024-09-13 13:00:00+00:00,8970.283921730032
1726236000000,2024-09-13 14:00:00+00:00,8970.283921730032
1726239600000,2024-09-13 15:00:00+00:00,8930.526874141146
1726243200000,2024-09-13 16:00:00+00:00,8930.526874141146
1726246800000,2024-09-13 17:00:00+00:00,8930.526874141146
1726250400000,2024-09-13 18:00:00+00:00,8930.526874141146
1726254000000,2024-09-13 19:00:00+00:00,8930.526874141146
1726257600000,2024-09-13 20:00:00+00:00,8930.526874141146
1726261200000,2024-09-13 21:00:00+00:00,8930.526874141146
1726264800000,2024-09-13 22:00:00+00:00,8930.526874141146
1726268400000,2024-09-13 23:00:00+00:00,8930.526874141146
1726272000000,2024-09-14 00:00:00+00:00,8930.526874141146
1726275600000,2024-09-14 01:00:00+00:00,8930.526874141146
1726279200000,2024-09-14 02:00:00+00:00,8930.526874141146
1726282800000,2024-09-14 03:00:00+00:00,8930.526874141146
1726286400000,2024-09-14 04:00:00+00:00,8930.526874141146
1726290000000,2024-09-14 05:00:00+00:00,8930.526874141146
1726293600000,2024-09-14 06:00:00+00:00,8930.526874141146
1726297200000,2024-09-14 07:00:00+00:00,8930.526874141146
1726300800000,2024-09-14 08:00:00+00:00,8930.526874141146
1726304400000,2024-09-14 09:00:00+00:00,8930.526874141146
1726308000000,2024-09-14 10:00:00+00:00,8930.526874141146
1726311600000,2024-09-14 11:00:00+00:00,8930.526874141146
1726315200000,2024-09-14 12:00:00+00:00,8930.526874141146
1726318800000,2024-09-14 13:00:00+00:00,8930.526874141146
1726322400000,2024-09-14 14:00:00+00:00,8930.526874141146
1726326000000,2024-09-14 15:00:00+00:00,8930.526874141146
1726329600000,2024-09-14 16:00:00+00:00,8930.526874141146
1726333200000,2024-09-14 17:00:00+00:00,8930.526874141146
1726336800000,2024-09-14 18:00:00+00:00,8930.526874141146
1726340400000,2024-09-14 19:00:00+00:00,8930.526874141146
1726344000000,2024-09-14 20:00:00+00:00,8930.526874141146
1726347600000,2024-09-14 21:00:00+00:00,8930.526874141146
1726351200000,2024-09-14 22:00:00+00:00,8930.526874141146
1726354800000,2024-09-14 23:00:00+00:00,8930.526874141146
1726358400000,2024-09-15 00:00:00+00:00,8930.526874141146
1726362000000,2024-09-15 01:00:00+00:00,8930.526874141146
1726365600000,2024-09-15 02:00:00+00:00,8930.526874141146
1726369200000,2024-09-15 03:00:00+00:00,8930.526874141146
1726372800000,2024-09-15 04:00:00+00:00,8930.526874141146
1726376400000,2024-09-15 05:00:00+00:00,8930.526874141146
1726380000000,2024-09-15 06:00:00+00:00,8930.526874141146
1726383600000,2024-09-15 07:00:00+00:00,8930.526874141146
1726387200000,2024-09-15 08:00:00+00:00,8930.526874141146
1726390800000,2024-09-15 09:00:00+00:00,8930.526874141146
1726394400000,2024-09-15 10:00:00+00:00,8930.526874141146
1726398000000,2024-09-15 11:00:00+00:00,8930.526874141146
1726401600000,2024-09-15 12:00:00+00:00,8930.526874141146
1726405200000,2024-09-15 13:00:00+00:00,8930.526874141146
1726408800000,2024-09-15 14:00:00+00:00,8930.526874141146
1726412400000,2024-09-15 15:00:00+00:00,8930.526874141146
1726416000000,2024-09-15 16:00:00+00:00,8930.526874141146
1726419600000,2024-09-15 17:00:00+00:00,8930.526874141146
1726423200000,2024-09-15 18:00:00+00:00,8930.526874141146
1726426800000,2024-09-15 19:00:00+00:00,8930.526874141146
1726430400000,2024-09-15 20:00:00+00:00,8930.526874141146
1726434000000,2024-09-15 21:00:00+00:00,8946.200085138413
1726437600000,2024-09-15 22:00:00+00:00,8946.200085138413
1726441200000,2024-09-15 23:00:00+00:00,8946.200085138413
1726444800000,2024-09-16 00:00:00+00:00,8946.200085138413
1726448400000,2024-09-16 01:00:00+00:00,8946.200085138413
1726452000000,2024-09-16 02:00:00+00:00,8946.200085138413
1726455600000,2024-09-16 03:00:00+00:00,8946.200085138413
1726459200000,2024-09-16 04:00:00+00:00,8946.200085138413
1726462800000,2024-09-16 05:00:00+00:00,8946.200085138413
1726466400000,2024-09-16 06:00:00+00:00,8946.200085138413
1726470000000,2024-09-16 07:00:00+00:00,8974.085773428156
1726473600000,2024-09-16 08:00:00+00:00,8974.085773428156
1726477200000,2024-09-16 09:00:00+00:00,8974.085773428156
1726480800000,2024-09-16 10:00:00+00:00,8974.085773428156
1726484400000,2024-09-16 11:00:00+00:00,8974.085773428156
1726488000000,2024-09-16 12:00:00+00:00,8974.085773428156
1726491600000,2024-09-16 13:00:00+00:00,8974.085773428156
1726495200000,2024-09-16 14:00:00+00:00,8974.085773428156
1726498800000,2024-09-16 15:00:00+00:00,8974.085773428156
1726502400000,2024-09-16 16:00:00+00:00,8974.085773428156
1726506000000,2024-09-16 17:00:00+00:00,8974.085773428156
1726509600000,2024-09-16 18:00:00+00:00,8974.085773428156
1726513200000,2024-09-16 19:00:00+00:00,8983.841392969463
1726516800000,2024-09-16 20:00:00+00:00,8983.841392969463
1726520400000,2024-09-16 21:00:00+00:00,8983.841392969463
1726524000000,2024-09-16 22:00:00+00:00,8983.841392969463
1726527600000,2024-09-16 23:00:00+00:00,8983.841392969463
1726531200000,2024-09-17 00:00:00+00:00,8983.841392969463
1726534800000,2024-09-17 01:00:00+00:00,8983.841392969463
1726538400000,2024-09-17 02:00:00+00:00,8983.841392969463
1726542000000,2024-09-17 03:00:00+00:00,8983.841392969463
1726545600000,2024-09-17 04:00:00+00:00,8983.841392969463
1726549200000,2024-09-17 05:00:00+00:00,8983.841392969463
1726552800000,2024-09-17 06:00:00+00:00,8983.841392969463
1726556400000,2024-09-17 07:00:00+00:00,8983.841392969463
1726560000000,2024-09-17 08:00:00+00:00,8983.841392969463
1726563600000,2024-09-17 09:00:00+00:00,8983.841392969463
1726567200000,2024-09-17 10:00:00+00:00,8983.841392969463
1726570800000,2024-09-17 11:00:00+00:00,8983.841392969463
1726574400000,2024-09-17 12:00:00+00:00,8983.841392969463
1726578000000,2024-09-17 13:00:00+00:00,8983.841392969463
1726581600000,2024-09-17 14:00:00+00:00,8983.841392969463
1726585200000,2024-09-17 15:00:00+00:00,8943.593932742839
1726588800000,2024-09-17 16:00:00+00:00,8943.593932742839
1726592400000,2024-09-17 17:00:00+00:00,8943.593932742839
1726596000000,2024-09-17 18:00:00+00:00,8943.593932742839
1726599600000,2024-09-17 19:00:00+00:00,8943.593932742839
1726603200000,2024-09-17 20:00:00+00:00,8943.593932742839
1726606800000,2024-09-17 21:00:00+00:00,8943.593932742839
1726610400000,2024-09-17 22:00:00+00:00,8943.593932742839
1726614000000,2024-09-17 23:00:00+00:00,8943.593932742839
1726617600000,2024-09-18 00:00:00+00:00,8951.016607088703
1726621200000,2024-09-18 01:00:00+00:00,8951.016607088703
1726624800000,2024-09-18 02:00:00+00:00,8951.016607088703
1726628400000,2024-09-18 03:00:00+00:00,8951.016607088703
1726632000000,2024-09-18 04:00:00+00:00,8951.016607088703
1726635600000,2024-09-18 05:00:00+00:00,8951.016607088703
1726639200000,2024-09-18 06:00:00+00:00,8951.016607088703
1726642800000,2024-09-18 07:00:00+00:00,8951.016607088703
1726646400000,2024-09-18 08:00:00+00:00,8951.016607088703
1726650000000,2024-09-18 09:00:00+00:00,8951.016607088703
1726653600000,2024-09-18 10:00:00+00:00,8951.016607088703
1726657200000,2024-09-18 11:00:00+00:00,8951.016607088703
1726660800000,2024-09-18 12:00:00+00:00,8951.016607088703
1726664400000,2024-09-18 13:00:00+00:00,8951.016607088703
1726668000000,2024-09-18 14:00:00+00:00,8951.016607088703
1726671600000,2024-09-18 15:00:00+00:00,8951.016607088703
1726675200000,2024-09-18 16:00:00+00:00,8951.016607088703
1726678800000,2024-09-18 17:00:00+00:00,8951.016607088703
1726682400000,2024-09-18 18:00:00+00:00,8951.016607088703
1726686000000,2024-09-18 19:00:00+00:00,8951.016607088703
1726689600000,2024-09-18 20:00:00+00:00,8951.016607088703
1726693200000,2024-09-18 21:00:00+00:00,8951.016607088703
1726696800000,2024-09-18 22:00:00+00:00,8951.016607088703
1726700400000,2024-09-18 23:00:00+00:00,8951.016607088703
1726704000000,2024-09-19 00:00:00+00:00,8951.016607088703
1726707600000,2024-09-19 01:00:00+00:00,8951.016607088703
1726711200000,2024-09-19 02:00:00+00:00,8951.016607088703
1726714800000,2024-09-19 03:00:00+00:00,8951.016607088703
1726718400000,2024-09-19 04:00:00+00:00,8911.65962953485
1726722000000,2024-09-19 05:00:00+00:00,8911.65962953485
1726725600000,2024-09-19 06:00:00+00:00,8911.65962953485
1726729200000,2024-09-19 07:00:00+00:00,8911.65962953485
1726732800000,2024-09-19 08:00:00+00:00,8911.65962953485
1726736400000,2024-09-19 09:00:00+00:00,8911.65962953485
1726740000000,2024-09-19 10:00:00+00:00,8911.65962953485
1726743600000,2024-09-19 11:00:00+00:00,8911.65962953485
1726747200000,2024-09-19 12:00:00+00:00,8911.65962953485
1726750800000,2024-09-19 13:00:00+00:00,8911.65962953485
1726754400000,2024-09-19 14:00:00+00:00,8911.65962953485
1726758000000,2024-09-19 15:00:00+00:00,8911.65962953485
1726761600000,2024-09-19 16:00:00+00:00,8911.65962953485
1726765200000,2024-09-19 17:00:00+00:00,8911.65962953485
1726768800000,2024-09-19 18:00:00+00:00,8911.65962953485
1726772400000,2024-09-19 19:00:00+00:00,8911.65962953485
1726776000000,2024-09-19 20:00:00+00:00,8911.65962953485
1726779600000,2024-09-19 21:00:00+00:00,8911.65962953485
1726783200000,2024-09-19 22:00:00+00:00,8911.65962953485
1726786800000,2024-09-19 23:00:00+00:00,8911.65962953485
1726790400000,2024-09-20 00:00:00+00:00,8911.65962953485
1726794000000,2024-09-20 01:00:00+00:00,8886.546452036222
1726797600000,2024-09-20 02:00:00+00:00,8886.546452036222
1726801200000,2024-09-20 03:00:00+00:00,8886.546452036222
1726804800000,2024-09-20 04:00:00+00:00,8886.546452036222
1726808400000,2024-09-20 05:00:00+00:00,8886.546452036222
1726812000000,2024-09-20 06:00:00+00:00,8886.546452036222
1726815600000,2024-09-20 07:00:00+00:00,8886.546452036222
1726819200000,2024-09-20 08:00:00+00:00,8886.546452036222
1726822800000,2024-09-20 09:00:00+00:00,8886.546452036222
1726826400000,2024-09-20 10:00:00+00:00,8886.546452036222
1726830000000,2024-09-20 11:00:00+00:00,8886.546452036222
1726833600000,2024-09-20 12:00:00+00:00,8886.546452036222
1726837200000,2024-09-20 13:00:00+00:00,8886.546452036222
1726840800000,2024-09-20 14:00:00+00:00,8886.546452036222
1726844400000,2024-09-20 15:00:00+00:00,8886.546452036222
1726848000000,2024-09-20 16:00:00+00:00,8886.546452036222
1726851600000,2024-09-20 17:00:00+00:00,8886.546452036222
1726855200000,2024-09-20 18:00:00+00:00,8886.546452036222
1726858800000,2024-09-20 19:00:00+00:00,8886.546452036222
1726862400000,2024-09-20 20:00:00+00:00,8886.546452036222
1726866000000,2024-09-20 21:00:00+00:00,8886.546452036222
1726869600000,2024-09-20 22:00:00+00:00,8886.546452036222
1726873200000,2024-09-20 23:00:00+00:00,8886.546452036222
1726876800000,2024-09-21 00:00:00+00:00,8886.546452036222
1726880400000,2024-09-21 01:00:00+00:00,8886.546452036222
1726884000000,2024-09-21 02:00:00+00:00,8886.546452036222
1726887600000,2024-09-21 03:00:00+00:00,8886.546452036222
1726891200000,2024-09-21 04:00:00+00:00,8886.546452036222
1726894800000,2024-09-21 05:00:00+00:00,8886.546452036222
1726898400000,2024-09-21 06:00:00+00:00,8886.546452036222
1726902000000,2024-09-21 07:00:00+00:00,8886.546452036222
1726905600000,2024-09-21 08:00:00+00:00,8886.546452036222
1726909200000,2024-09-21 09:00:00+00:00,8886.546452036222
1726912800000,2024-09-21 10:00:00+00:00,8886.546452036222
1726916400000,2024-09-21 11:00:00+00:00,8886.546452036222
1726920000000,2024-09-21 12:00:00+00:00,8886.546452036222
1726923600000,2024-09-21 13:00:00+00:00,8886.546452036222
1726927200000,2024-09-21 14:00:00+00:00,8886.546452036222
1726930800000,2024-09-21 15:00:00+00:00,8886.546452036222
1726934400000,2024-09-21 16:00:00+00:00,8895.82645607669
1726938000000,2024-09-21 17:00:00+00:00,8895.82645607669
1726941600000,2024-09-21 18:00:00+00:00,8910.972892688023
1726945200000,2024-09-21 19:00:00+00:00,8910.972892688023
1726948800000,2024-09-21 20:00:00+00:00,8910.972892688023
1726952400000,2024-09-21 21:00:00+00:00,8910.972892688023
1726956000000,2024-09-21 22:00:00+00:00,8910.972892688023
1726959600000,2024-09-21 23:00:00+00:00,8910.972892688023
1726963200000,2024-09-22 00:00:00+00:00,8910.972892688023
1726966800000,2024-09-22 01:00:00+00:00,8910.972892688023
1726970400000,2024-09-22 02:00:00+00:00,8910.972892688023
1726974000000,2024-09-22 03:00:00+00:00,8910.972892688023
1726977600000,2024-09-22 04:00:00+00:00,8910.972892688023
1726981200000,2024-09-22 05:00:00+00:00,8910.972892688023
1726984800000,2024-09-22 06:00:00+00:00,8910.972892688023
1726988400000,2024-09-22 07:00:00+00:00,8910.972892688023
1726992000000,2024-09-22 08:00:00+00:00,8910.972892688023
1726995600000,2024-09-22 09:00:00+00:00,8910.972892688023
1726999200000,2024-09-22 10:00:00+00:00,8910.972892688023
1727002800000,2024-09-22 11:00:00+00:00,8910.972892688023
1727006400000,2024-09-22 12:00:00+00:00,8910.972892688023
1727010000000,2024-09-22 13:00:00+00:00,8910.972892688023
1727013600000,2024-09-22 14:00:00+00:00,8910.972892688023
1727017200000,2024-09-22 15:00:00+00:00,8910.972892688023
1727020800000,2024-09-22 16:00:00+00:00,8910.972892688023
1727024400000,2024-09-22 17:00:00+00:00,8910.972892688023
1727028000000,2024-09-22 18:00:00+00:00,8910.972892688023
1727031600000,2024-09-22 19:00:00+00:00,8910.972892688023
1727035200000,2024-09-22 20:00:00+00:00,8910.972892688023
1727038800000,2024-09-22 21:00:00+00:00,8910.972892688023
1727042400000,2024-09-22 22:00:00+00:00,8910.972892688023
1727046000000,2024-09-22 23:00:00+00:00,8910.972892688023
1727049600000,2024-09-23 00:00:00+00:00,8910.972892688023
1727053200000,2024-09-23 01:00:00+00:00,8910.972892688023
1727056800000,2024-09-23 02:00:00+00:00,8910.972892688023
1727060400000,2024-09-23 03:00:00+00:00,8910.972892688023
1727064000000,2024-09-23 04:00:00+00:00,8910.972892688023
1727067600000,2024-09-23 05:00:00+00:00,8910.972892688023
1727071200000,2024-09-23 06:00:00+00:00,8910.972892688023
1727074800000,2024-09-23 07:00:00+00:00,8910.972892688023
1727078400000,2024-09-23 08:00:00+00:00,8910.972892688023
1727082000000,2024-09-23 09:00:00+00:00,8910.972892688023
1727085600000,2024-09-23 10:00:00+00:00,8910.972892688023
1727089200000,2024-09-23 11:00:00+00:00,8910.972892688023
1727092800000,2024-09-23 12:00:00+00:00,8910.972892688023
1727096400000,2024-09-23 13:00:00+00:00,8910.972892688023
1727100000000,2024-09-23 14:00:00+00:00,8910.972892688023
1727103600000,2024-09-23 15:00:00+00:00,8910.972892688023
1727107200000,2024-09-23 16:00:00+00:00,8910.972892688023
1727110800000,2024-09-23 17:00:00+00:00,8910.972892688023
1727114400000,2024-09-23 18:00:00+00:00,8910.972892688023
1727118000000,2024-09-23 19:00:00+00:00,8910.972892688023
1727121600000,2024-09-23 20:00:00+00:00,8910.972892688023
1727125200000,2024-09-23 21:00:00+00:00,8910.972892688023
1727128800000,2024-09-23 22:00:00+00:00,8910.972892688023
1727132400000,2024-09-23 23:00:00+00:00,8910.972892688023
1727136000000,2024-09-24 00:00:00+00:00,8867.456165303664
1727139600000,2024-09-24 01:00:00+00:00,8867.456165303664
1727143200000,2024-09-24 02:00:00+00:00,8867.456165303664
1727146800000,2024-09-24 03:00:00+00:00,8867.456165303664
1727150400000,2024-09-24 04:00:00+00:00,8867.456165303664
1727154000000,2024-09-24 05:00:00+00:00,8867.456165303664
1727157600000,2024-09-24 06:00:00+00:00,8867.456165303664
1727161200000,2024-09-24 07:00:00+00:00,8867.456165303664
1727164800000,2024-09-24 08:00:00+00:00,8867.456165303664
1727168400000,2024-09-24 09:00:00+00:00,8867.456165303664
1727172000000,2024-09-24 10:00:00+00:00,8867.456165303664
1727175600000,2024-09-24 11:00:00+00:00,8867.456165303664
1727179200000,2024-09-24 12:00:00+00:00,8867.456165303664
1727182800000,2024-09-24 13:00:00+00:00,8867.456165303664
1727186400000,2024-09-24 14:00:00+00:00,8867.456165303664
1727190000000,2024-09-24 15:00:00+00:00,8867.456165303664
1727193600000,2024-09-24 16:00:00+00:00,8867.456165303664
1727197200000,2024-09-24 17:00:00+00:00,8867.456165303664
1727200800000,2024-09-24 18:00:00+00:00,8867.456165303664
1727204400000,2024-09-24 19:00:00+00:00,8867.456165303664
1727208000000,2024-09-24 20:00:00+00:00,8867.456165303664
1727211600000,2024-09-24 21:00:00+00:00,8867.456165303664
1727215200000,2024-09-24 22:00:00+00:00,8867.456165303664
1727218800000,2024-09-24 23:00:00+00:00,8867.456165303664
1727222400000,2024-09-25 00:00:00+00:00,8867.456165303664
1727226000000,2024-09-25 01:00:00+00:00,8882.347800365535
1727229600000,2024-09-25 02:00:00+00:00,8882.347800365535
1727233200000,2024-09-25 03:00:00+00:00,8882.347800365535
1727236800000,2024-09-25 04:00:00+00:00,8882.347800365535
1727240400000,2024-09-25 05:00:00+00:00,8882.347800365535
1727244000000,2024-09-25 06:00:00+00:00,8882.347800365535
1727247600000,2024-09-25 07:00:00+00:00,8882.347800365535
1727251200000,2024-09-25 08:00:00+00:00,8882.347800365535
1727254800000,2024-09-25 09:00:00+00:00,8879.983736097542
1727258400000,2024-09-25 10:00:00+00:00,8879.983736097542
1727262000000,2024-09-25 11:00:00+00:00,8879.983736097542
1727265600000,2024-09-25 12:00:00+00:00,8879.983736097542
1727269200000,2024-09-25 13:00:00+00:00,8879.983736097542
1727272800000,2024-09-25 14:00:00+00:00,8879.983736097542
1727276400000,2024-09-25 15:00:00+00:00,8879.983736097542
1727280000000,2024-09-25 16:00:00+00:00,8879.983736097542
1727283600000,2024-09-25 17:00:00+00:00,8879.983736097542
1727287200000,2024-09-25 18:00:00+00:00,8879.983736097542
1727290800000,2024-09-25 19:00:00+00:00,8879.983736097542
1727294400000,2024-09-25 20:00:00+00:00,8879.983736097542
1727298000000,2024-09-25 21:00:00+00:00,8879.983736097542
1727301600000,2024-09-25 22:00:00+00:00,8879.983736097542
1727305200000,2024-09-25 23:00:00+00:00,8879.983736097542
1727308800000,2024-09-26 00:00:00+00:00,8854.607453187135
1727312400000,2024-09-26 01:00:00+00:00,8854.607453187135
1727316000000,2024-09-26 02:00:00+00:00,8854.607453187135
1727319600000,2024-09-26 03:00:00+00:00,8854.607453187135
1727323200000,2024-09-26 04:00:00+00:00,8854.607453187135
1727326800000,2024-09-26 05:00:00+00:00,8854.607453187135
1727330400000,2024-09-26 06:00:00+00:00,8854.607453187135
1727334000000,2024-09-26 07:00:00+00:00,8854.607453187135
1727337600000,2024-09-26 08:00:00+00:00,8854.607453187135
1727341200000,2024-09-26 09:00:00+00:00,8854.607453187135
1727344800000,2024-09-26 10:00:00+00:00,8869.224560978279
1727348400000,2024-09-26 11:00:00+00:00,8869.224560978279
1727352000000,2024-09-26 12:00:00+00:00,8869.224560978279
1727355600000,2024-09-26 13:00:00+00:00,8869.224560978279
1727359200000,2024-09-26 14:00:00+00:00,8869.224560978279
1727362800000,2024-09-26 15:00:00+00:00,8869.224560978279
1727366400000,2024-09-26 16:00:00+00:00,8869.224560978279
1727370000000,2024-09-26 17:00:00+00:00,8869.224560978279
1727373600000,2024-09-26 18:00:00+00:00,8869.224560978279
1727377200000,2024-09-26 19:00:00+00:00,8890.668805183035
1727380800000,2024-09-26 20:00:00+00:00,8890.668805183035
1727384400000,2024-09-26 21:00:00+00:00,8890.668805183035
1727388000000,2024-09-26 22:00:00+00:00,8890.668805183035
1727391600000,2024-09-26 23:00:00+00:00,8890.668805183035
1727395200000,2024-09-27 00:00:00+00:00,8890.668805183035
1727398800000,2024-09-27 01:00:00+00:00,8890.668805183035
1727402400000,2024-09-27 02:00:00+00:00,8890.668805183035
1727406000000,2024-09-27 03:00:00+00:00,8864.659324021888
1727409600000,2024-09-27 04:00:00+00:00,8864.659324021888
1727413200000,2024-09-27 05:00:00+00:00,8864.659324021888
1727416800000,2024-09-27 06:00:00+00:00,8864.659324021888
1727420400000,2024-09-27 07:00:00+00:00,8864.659324021888
1727424000000,2024-09-27 08:00:00+00:00,8864.659324021888
1727427600000,2024-09-27 09:00:00+00:00,8864.659324021888
1727431200000,2024-09-27 10:00:00+00:00,8864.659324021888
1727434800000,2024-09-27 11:00:00+00:00,8864.659324021888
1727438400000,2024-09-27 12:00:00+00:00,8864.659324021888
1727442000000,2024-09-27 13:00:00+00:00,8864.659324021888
1727445600000,2024-09-27 14:00:00+00:00,8864.659324021888
1727449200000,2024-09-27 15:00:00+00:00,8864.659324021888
1727452800000,2024-09-27 16:00:00+00:00,8864.659324021888
1727456400000,2024-09-27 17:00:00+00:00,8864.659324021888
1727460000000,2024-09-27 18:00:00+00:00,8864.659324021888
1727463600000,2024-09-27 19:00:00+00:00,8864.659324021888
1727467200000,2024-09-27 20:00:00+00:00,8864.659324021888
1727470800000,2024-09-27 21:00:00+00:00,8864.659324021888
1727474400000,2024-09-27 22:00:00+00:00,8864.659324021888
1727478000000,2024-09-27 23:00:00+00:00,8864.659324021888
1727481600000,2024-09-28 00:00:00+00:00,8864.659324021888
1727485200000,2024-09-28 01:00:00+00:00,8864.659324021888
1727488800000,2024-09-28 02:00:00+00:00,8864.659324021888
1727492400000,2024-09-28 03:00:00+00:00,8864.659324021888
1727496000000,2024-09-28 04:00:00+00:00,8864.659324021888
1727499600000,2024-09-28 05:00:00+00:00,8864.659324021888
1727503200000,2024-09-28 06:00:00+00:00,8864.659324021888
1727506800000,2024-09-28 07:00:00+00:00,8873.79275794628
1727510400000,2024-09-28 08:00:00+00:00,8885.157529542203
1727514000000,2024-09-28 09:00:00+00:00,8885.157529542203
1727517600000,2024-09-28 10:00:00+00:00,8885.157529542203
1727521200000,2024-09-28 11:00:00+00:00,8894.628798196409
1727524800000,2024-09-28 12:00:00+00:00,8894.628798196409
1727528400000,2024-09-28 13:00:00+00:00,8894.628798196409
1727532000000,2024-09-28 14:00:00+00:00,8894.628798196409
1727535600000,2024-09-28 15:00:00+00:00,8894.628798196409
1727539200000,2024-09-28 16:00:00+00:00,8894.628798196409
1727542800000,2024-09-28 17:00:00+00:00,8894.628798196409
1727546400000,2024-09-28 18:00:00+00:00,8894.628798196409
1727550000000,2024-09-28 19:00:00+00:00,8894.628798196409
1727553600000,2024-09-28 20:00:00+00:00,8894.628798196409
1727557200000,2024-09-28 21:00:00+00:00,8897.182288358901
1727560800000,2024-09-28 22:00:00+00:00,8897.182288358901
1727564400000,2024-09-28 23:00:00+00:00,8897.182288358901
1727568000000,2024-09-29 00:00:00+00:00,8897.182288358901
1727571600000,2024-09-29 01:00:00+00:00,8897.182288358901
1727575200000,2024-09-29 02:00:00+00:00,8897.182288358901
1727578800000,2024-09-29 03:00:00+00:00,8897.182288358901
1727582400000,2024-09-29 04:00:00+00:00,8897.182288358901
1727586000000,2024-09-29 05:00:00+00:00,8897.182288358901
1727589600000,2024-09-29 06:00:00+00:00,8897.182288358901
1727593200000,2024-09-29 07:00:00+00:00,8897.182288358901
1727596800000,2024-09-29 08:00:00+00:00,8897.182288358901
1727600400000,2024-09-29 09:00:00+00:00,8897.182288358901
1727604000000,2024-09-29 10:00:00+00:00,8897.182288358901
1727607600000,2024-09-29 11:00:00+00:00,8897.182288358901
1727611200000,2024-09-29 12:00:00+00:00,8897.182288358901
1727614800000,2024-09-29 13:00:00+00:00,8897.182288358901
1727618400000,2024-09-29 14:00:00+00:00,8897.182288358901
1727622000000,2024-09-29 15:00:00+00:00,8897.182288358901
1727625600000,2024-09-29 16:00:00+00:00,8897.182288358901
1727629200000,2024-09-29 17:00:00+00:00,8897.182288358901
1727632800000,2024-09-29 18:00:00+00:00,8897.182288358901
1727636400000,2024-09-29 19:00:00+00:00,8897.182288358901
1727640000000,2024-09-29 20:00:00+00:00,8897.182288358901
1727643600000,2024-09-29 21:00:00+00:00,8897.182288358901
1727647200000,2024-09-29 22:00:00+00:00,8897.182288358901
1727650800000,2024-09-29 23:00:00+00:00,8897.182288358901
1727654400000,2024-09-30 00:00:00+00:00,8897.182288358901
1727658000000,2024-09-30 01:00:00+00:00,8897.182288358901
1727661600000,2024-09-30 02:00:00+00:00,8855.696068781253
1727665200000,2024-09-30 03:00:00+00:00,8855.696068781253
1727668800000,2024-09-30 04:00:00+00:00,8855.696068781253
1727672400000,2024-09-30 05:00:00+00:00,8855.696068781253
1727676000000,2024-09-30 06:00:00+00:00,8855.696068781253
1727679600000,2024-09-30 07:00:00+00:00,8855.696068781253
1727683200000,2024-09-30 08:00:00+00:00,8855.696068781253
1727686800000,2024-09-30 09:00:00+00:00,8855.696068781253
1727690400000,2024-09-30 10:00:00+00:00,8831.84461463775
1727694000000,2024-09-30 11:00:00+00:00,8831.84461463775
1727697600000,2024-09-30 12:00:00+00:00,8831.84461463775
1727701200000,2024-09-30 13:00:00+00:00,8831.84461463775
1727704800000,2024-09-30 14:00:00+00:00,8831.84461463775
1727708400000,2024-09-30 15:00:00+00:00,8831.84461463775
1727712000000,2024-09-30 16:00:00+00:00,8831.84461463775
1727715600000,2024-09-30 17:00:00+00:00,8831.84461463775
1727719200000,2024-09-30 18:00:00+00:00,8831.84461463775
1727722800000,2024-09-30 19:00:00+00:00,8831.84461463775
1727726400000,2024-09-30 20:00:00+00:00,8831.84461463775
1727730000000,2024-09-30 21:00:00+00:00,8831.84461463775
1727733600000,2024-09-30 22:00:00+00:00,8831.84461463775
1727737200000,2024-09-30 23:00:00+00:00,8762.64507867998
1727740800000,2024-10-01 00:00:00+00:00,8762.64507867998
1727744400000,2024-10-01 01:00:00+00:00,8762.64507867998
1727748000000,2024-10-01 02:00:00+00:00,8762.64507867998
1727751600000,2024-10-01 03:00:00+00:00,8762.64507867998
1727755200000,2024-10-01 04:00:00+00:00,8762.64507867998
1727758800000,2024-10-01 05:00:00+00:00,8762.64507867998
1727762400000,2024-10-01 06:00:00+00:00,8762.64507867998
1727766000000,2024-10-01 07:00:00+00:00,8762.64507867998
1727769600000,2024-10-01 08:00:00+00:00,8762.64507867998
1727773200000,2024-10-01 09:00:00+00:00,8762.64507867998
1727776800000,2024-10-01 10:00:00+00:00,8762.64507867998
1727780400000,2024-10-01 11:00:00+00:00,8762.64507867998
1727784000000,2024-10-01 12:00:00+00:00,8762.64507867998
1727787600000,2024-10-01 13:00:00+00:00,8762.64507867998
1727791200000,2024-10-01 14:00:00+00:00,8762.64507867998
1727794800000,2024-10-01 15:00:00+00:00,8739.221134407735
1727798400000,2024-10-01 16:00:00+00:00,8739.221134407735
1727802000000,2024-10-01 17:00:00+00:00,8715.580296511896
1727805600000,2024-10-01 18:00:00+00:00,8715.580296511896
1727809200000,2024-10-01 19:00:00+00:00,8725.75718092965
1727812800000,2024-10-01 20:00:00+00:00,8661.654243550462
1727816400000,2024-10-01 21:00:00+00:00,8661.654243550462
1727820000000,2024-10-01 22:00:00+00:00,8661.654243550462
1727823600000,2024-10-01 23:00:00+00:00,8661.654243550462
1727827200000,2024-10-02 00:00:00+00:00,8661.654243550462
1727830800000,2024-10-02 01:00:00+00:00,8661.654243550462
1727834400000,2024-10-02 02:00:00+00:00,8661.654243550462
1727838000000,2024-10-02 03:00:00+00:00,8661.654243550462
1727841600000,2024-10-02 04:00:00+00:00,8661.654243550462
1727845200000,2024-10-02 05:00:00+00:00,8661.654243550462
1727848800000,2024-10-02 06:00:00+00:00,8661.654243550462
1727852400000,2024-10-02 07:00:00+00:00,8661.654243550462
1727856000000,2024-10-02 08:00:00+00:00,8661.654243550462
1727859600000,2024-10-02 09:00:00+00:00,8661.654243550462
1727863200000,2024-10-02 10:00:00+00:00,8661.654243550462
1727866800000,2024-10-02 11:00:00+00:00,8661.654243550462
1727870400000,2024-10-02 12:00:00+00:00,8661.654243550462
1727874000000,2024-10-02 13:00:00+00:00,8661.654243550462
1727877600000,2024-10-02 14:00:00+00:00,8661.654243550462
1727881200000,2024-10-02 15:00:00+00:00,8661.654243550462
1727884800000,2024-10-02 16:00:00+00:00,8661.654243550462
1727888400000,2024-10-02 17:00:00+00:00,8661.654243550462
1727892000000,2024-10-02 18:00:00+00:00,8661.654243550462
1727895600000,2024-10-02 19:00:00+00:00,8661.654243550462
1727899200000,2024-10-02 20:00:00+00:00,8661.654243550462
1727902800000,2024-10-02 21:00:00+00:00,8661.654243550462
1727906400000,2024-10-02 22:00:00+00:00,8677.428875485544
1727910000000,2024-10-02 23:00:00+00:00,8677.428875485544
1727913600000,2024-10-03 00:00:00+00:00,8677.428875485544
1727917200000,2024-10-03 01:00:00+00:00,8677.428875485544
1727920800000,2024-10-03 02:00:00+00:00,8677.428875485544
1727924400000,2024-10-03 03:00:00+00:00,8677.428875485544
1727928000000,2024-10-03 04:00:00+00:00,8677.428875485544
1727931600000,2024-10-03 05:00:00+00:00,8677.428875485544
1727935200000,2024-10-03 06:00:00+00:00,8677.428875485544
1727938800000,2024-10-03 07:00:00+00:00,8677.428875485544
1727942400000,2024-10-03 08:00:00+00:00,8677.428875485544
1727946000000,2024-10-03 09:00:00+00:00,8677.428875485544
1727949600000,2024-10-03 10:00:00+00:00,8677.428875485544
1727953200000,2024-10-03 11:00:00+00:00,8677.428875485544
1727956800000,2024-10-03 12:00:00+00:00,8677.428875485544
1727960400000,2024-10-03 13:00:00+00:00,8677.428875485544
1727964000000,2024-10-03 14:00:00+00:00,8677.428875485544
1727967600000,2024-10-03 15:00:00+00:00,8677.428875485544
1727971200000,2024-10-03 16:00:00+00:00,8677.428875485544
1727974800000,2024-10-03 17:00:00+00:00,8677.428875485544
1727978400000,2024-10-03 18:00:00+00:00,8677.428875485544
1727982000000,2024-10-03 19:00:00+00:00,8677.428875485544
1727985600000,2024-10-03 20:00:00+00:00,8677.428875485544
1727989200000,2024-10-03 21:00:00+00:00,8677.428875485544
1727992800000,2024-10-03 22:00:00+00:00,8677.428875485544
1727996400000,2024-10-03 23:00:00+00:00,8677.428875485544
1728000000000,2024-10-04 00:00:00+00:00,8677.428875485544
1728003600000,2024-10-04 01:00:00+00:00,8677.428875485544
1728007200000,2024-10-04 02:00:00+00:00,8677.428875485544
1728010800000,2024-10-04 03:00:00+00:00,8677.428875485544
1728014400000,2024-10-04 04:00:00+00:00,8677.428875485544
1728018000000,2024-10-04 05:00:00+00:00,8677.428875485544
1728021600000,2024-10-04 06:00:00+00:00,8677.428875485544
1728025200000,2024-10-04 07:00:00+00:00,8677.428875485544
1728028800000,2024-10-04 08:00:00+00:00,8685.19217127757
1728032400000,2024-10-04 09:00:00+00:00,8685.19217127757
1728036000000,2024-10-04 10:00:00+00:00,8685.19217127757
1728039600000,2024-10-04 11:00:00+00:00,8685.19217127757
1728043200000,2024-10-04 12:00:00+00:00,8685.19217127757
1728046800000,2024-10-04 13:00:00+00:00,8685.19217127757
1728050400000,2024-10-04 14:00:00+00:00,8685.19217127757
1728054000000,2024-10-04 15:00:00+00:00,8685.19217127757
1728057600000,2024-10-04 16:00:00+00:00,8685.19217127757
1728061200000,2024-10-04 17:00:00+00:00,8685.19217127757
1728064800000,2024-10-04 18:00:00+00:00,8685.19217127757
1728068400000,2024-10-04 19:00:00+00:00,8685.19217127757
1728072000000,2024-10-04 20:00:00+00:00,8685.19217127757
1728075600000,2024-10-04 21:00:00+00:00,8685.19217127757
1728079200000,2024-10-04 22:00:00+00:00,8685.19217127757
1728082800000,2024-10-04 23:00:00+00:00,8685.19217127757
1728086400000,2024-10-05 00:00:00+00:00,8685.19217127757
1728090000000,2024-10-05 01:00:00+00:00,8685.19217127757
1728093600000,2024-10-05 02:00:00+00:00,8685.19217127757
1728097200000,2024-10-05 03:00:00+00:00,8685.19217127757
1728100800000,2024-10-05 04:00:00+00:00,8685.19217127757
1728104400000,2024-10-05 05:00:00+00:00,8685.19217127757
1728108000000,2024-10-05 06:00:00+00:00,8685.19217127757
1728111600000,2024-10-05 07:00:00+00:00,8685.19217127757
1728115200000,2024-10-05 08:00:00+00:00,8685.19217127757
1728118800000,2024-10-05 09:00:00+00:00,8685.19217127757
1728122400000,2024-10-05 10:00:00+00:00,8685.19217127757
1728126000000,2024-10-05 11:00:00+00:00,8685.19217127757
1728129600000,2024-10-05 12:00:00+00:00,8685.19217127757
1728133200000,2024-10-05 13:00:00+00:00,8685.19217127757
1728136800000,2024-10-05 14:00:00+00:00,8685.19217127757
1728140400000,2024-10-05 15:00:00+00:00,8685.19217127757
1728144000000,2024-10-05 16:00:00+00:00,8685.19217127757
1728147600000,2024-10-05 17:00:00+00:00,8685.19217127757
1728151200000,2024-10-05 18:00:00+00:00,8685.19217127757
1728154800000,2024-10-05 19:00:00+00:00,8685.19217127757
1728158400000,2024-10-05 20:00:00+00:00,8685.19217127757
1728162000000,2024-10-05 21:00:00+00:00,8685.19217127757
1728165600000,2024-10-05 22:00:00+00:00,8685.19217127757
1728169200000,2024-10-05 23:00:00+00:00,8685.19217127757
1728172800000,2024-10-06 00:00:00+00:00,8685.19217127757
1728176400000,2024-10-06 01:00:00+00:00,8685.19217127757
1728180000000,2024-10-06 02:00:00+00:00,8685.19217127757
1728183600000,2024-10-06 03:00:00+00:00,8685.19217127757
1728187200000,2024-10-06 04:00:00+00:00,8685.19217127757
1728190800000,2024-10-06 05:00:00+00:00,8685.19217127757
1728194400000,2024-10-06 06:00:00+00:00,8685.19217127757
1728198000000,2024-10-06 07:00:00+00:00,8685.19217127757
1728201600000,2024-10-06 08:00:00+00:00,8685.19217127757
1728205200000,2024-10-06 09:00:00+00:00,8685.19217127757
1728208800000,2024-10-06 10:00:00+00:00,8685.19217127757
1728212400000,2024-10-06 11:00:00+00:00,8685.19217127757
1728216000000,2024-10-06 12:00:00+00:00,8685.19217127757
1728219600000,2024-10-06 13:00:00+00:00,8685.19217127757
1728223200000,2024-10-06 14:00:00+00:00,8646.623539729027
1728226800000,2024-10-06 15:00:00+00:00,8646.623539729027
1728230400000,2024-10-06 16:00:00+00:00,8646.623539729027
1728234000000,2024-10-06 17:00:00+00:00,8646.623539729027
1728237600000,2024-10-06 18:00:00+00:00,8646.623539729027
1728241200000,2024-10-06 19:00:00+00:00,8646.623539729027
1728244800000,2024-10-06 20:00:00+00:00,8646.623539729027
1728248400000,2024-10-06 21:00:00+00:00,8646.623539729027
1728252000000,2024-10-06 22:00:00+00:00,8646.623539729027
1728255600000,2024-10-06 23:00:00+00:00,8646.623539729027
1728259200000,2024-10-07 00:00:00+00:00,8605.314967060935
1728262800000,2024-10-07 01:00:00+00:00,8605.314967060935
1728266400000,2024-10-07 02:00:00+00:00,8605.314967060935
1728270000000,2024-10-07 03:00:00+00:00,8605.314967060935
1728273600000,2024-10-07 04:00:00+00:00,8605.314967060935
1728277200000,2024-10-07 05:00:00+00:00,8605.314967060935
1728280800000,2024-10-07 06:00:00+00:00,8605.314967060935
1728284400000,2024-10-07 07:00:00+00:00,8605.314967060935
1728288000000,2024-10-07 08:00:00+00:00,8605.314967060935
1728291600000,2024-10-07 09:00:00+00:00,8605.314967060935
1728295200000,2024-10-07 10:00:00+00:00,8561.65211414161
1728298800000,2024-10-07 11:00:00+00:00,8561.65211414161
1728302400000,2024-10-07 12:00:00+00:00,8561.65211414161
1728306000000,2024-10-07 13:00:00+00:00,8561.65211414161
1728309600000,2024-10-07 14:00:00+00:00,8521.02296580364
1728313200000,2024-10-07 15:00:00+00:00,8521.02296580364
1728316800000,2024-10-07 16:00:00+00:00,8521.02296580364
1728320400000,2024-10-07 17:00:00+00:00,8521.02296580364
1728324000000,2024-10-07 18:00:00+00:00,8478.428314871315
1728327600000,2024-10-07 19:00:00+00:00,8478.428314871315
1728331200000,2024-10-07 20:00:00+00:00,8478.428314871315
1728334800000,2024-10-07 21:00:00+00:00,8478.428314871315
1728338400000,2024-10-07 22:00:00+00:00,8454.522508053302
1728342000000,2024-10-07 23:00:00+00:00,8454.522508053302
1728345600000,2024-10-08 00:00:00+00:00,8454.522508053302
1728349200000,2024-10-08 01:00:00+00:00,8454.522508053302
1728352800000,2024-10-08 02:00:00+00:00,8454.522508053302
1728356400000,2024-10-08 03:00:00+00:00,8454.522508053302
1728360000000,2024-10-08 04:00:00+00:00,8454.522508053302
1728363600000,2024-10-08 05:00:00+00:00,8454.522508053302
1728367200000,2024-10-08 06:00:00+00:00,8454.522508053302
1728370800000,2024-10-08 07:00:00+00:00,8454.522508053302
1728374400000,2024-10-08 08:00:00+00:00,8454.522508053302
1728378000000,2024-10-08 09:00:00+00:00,8454.522508053302
1728381600000,2024-10-08 10:00:00+00:00,8454.522508053302
1728385200000,2024-10-08 11:00:00+00:00,8454.522508053302
1728388800000,2024-10-08 12:00:00+00:00,8454.522508053302
1728392400000,2024-10-08 13:00:00+00:00,8454.522508053302
1728396000000,2024-10-08 14:00:00+00:00,8454.522508053302
1728399600000,2024-10-08 15:00:00+00:00,8454.522508053302
1728403200000,2024-10-08 16:00:00+00:00,8454.522508053302
1728406800000,2024-10-08 17:00:00+00:00,8454.522508053302
1728410400000,2024-10-08 18:00:00+00:00,8454.522508053302
1728414000000,2024-10-08 19:00:00+00:00,8454.522508053302
1728417600000,2024-10-08 20:00:00+00:00,8454.522508053302
1728421200000,2024-10-08 21:00:00+00:00,8454.522508053302
1728424800000,2024-10-08 22:00:00+00:00,8454.522508053302
1728428400000,2024-10-08 23:00:00+00:00,8454.522508053302
1728432000000,2024-10-09 00:00:00+00:00,8454.522508053302
1728435600000,2024-10-09 01:00:00+00:00,8454.522508053302
1728439200000,2024-10-09 02:00:00+00:00,8454.522508053302
1728442800000,2024-10-09 03:00:00+00:00,8454.522508053302
1728446400000,2024-10-09 04:00:00+00:00,8454.522508053302
1728450000000,2024-10-09 05:00:00+00:00,8454.522508053302
1728453600000,2024-10-09 06:00:00+00:00,8454.522508053302
1728457200000,2024-10-09 07:00:00+00:00,8454.522508053302
1728460800000,2024-10-09 08:00:00+00:00,8454.522508053302
1728464400000,2024-10-09 09:00:00+00:00,8454.522508053302
1728468000000,2024-10-09 10:00:00+00:00,8454.522508053302
1728471600000,2024-10-09 11:00:00+00:00,8454.522508053302
1728475200000,2024-10-09 12:00:00+00:00,8454.522508053302
1728478800000,2024-10-09 13:00:00+00:00,8454.522508053302
1728482400000,2024-10-09 14:00:00+00:00,8454.522508053302
1728486000000,2024-10-09 15:00:00+00:00,8454.522508053302
1728489600000,2024-10-09 16:00:00+00:00,8454.522508053302
1728493200000,2024-10-09 17:00:00+00:00,8454.522508053302
1728496800000,2024-10-09 18:00:00+00:00,8454.522508053302
1728500400000,2024-10-09 19:00:00+00:00,8454.522508053302
1728504000000,2024-10-09 20:00:00+00:00,8469.448403352719
1728507600000,2024-10-09 21:00:00+00:00,8469.448403352719
1728511200000,2024-10-09 22:00:00+00:00,8469.448403352719
1728514800000,2024-10-09 23:00:00+00:00,8469.448403352719
1728518400000,2024-10-10 00:00:00+00:00,8469.448403352719
1728522000000,2024-10-10 01:00:00+00:00,8469.448403352719
1728525600000,2024-10-10 02:00:00+00:00,8469.448403352719
1728529200000,2024-10-10 03:00:00+00:00,8469.448403352719
1728532800000,2024-10-10 04:00:00+00:00,8469.448403352719
1728536400000,2024-10-10 05:00:00+00:00,8469.448403352719
1728540000000,2024-10-10 06:00:00+00:00,8469.448403352719
1728543600000,2024-10-10 07:00:00+00:00,8469.448403352719
1728547200000,2024-10-10 08:00:00+00:00,8469.448403352719
1728550800000,2024-10-10 09:00:00+00:00,8469.448403352719
1728554400000,2024-10-10 10:00:00+00:00,8469.448403352719
1728558000000,2024-10-10 11:00:00+00:00,8469.448403352719
1728561600000,2024-10-10 12:00:00+00:00,8469.448403352719
1728565200000,2024-10-10 13:00:00+00:00,8469.448403352719
1728568800000,2024-10-10 14:00:00+00:00,8469.448403352719
1728572400000,2024-10-10 15:00:00+00:00,8469.448403352719
1728576000000,2024-10-10 16:00:00+00:00,8472.72064084112
1728579600000,2024-10-10 17:00:00+00:00,8472.72064084112
1728583200000,2024-10-10 18:00:00+00:00,8472.72064084112
1728586800000,2024-10-10 19:00:00+00:00,8472.72064084112
1728590400000,2024-10-10 20:00:00+00:00,8472.72064084112
1728594000000,2024-10-10 21:00:00+00:00,8472.72064084112
1728597600000,2024-10-10 22:00:00+00:00,8472.72064084112
1728601200000,2024-10-10 23:00:00+00:00,8472.72064084112
1728604800000,2024-10-11 00:00:00+00:00,8472.72064084112
1728608400000,2024-10-11 01:00:00+00:00,8472.72064084112
1728612000000,2024-10-11 02:00:00+00:00,8472.72064084112
1728615600000,2024-10-11 03:00:00+00:00,8472.72064084112
1728619200000,2024-10-11 04:00:00+00:00,8472.72064084112
1728622800000,2024-10-11 05:00:00+00:00,8472.72064084112
1728626400000,2024-10-11 06:00:00+00:00,8472.72064084112
1728630000000,2024-10-11 07:00:00+00:00,8472.72064084112
1728633600000,2024-10-11 08:00:00+00:00,8472.72064084112
1728637200000,2024-10-11 09:00:00+00:00,8472.72064084112
1728640800000,2024-10-11 10:00:00+00:00,8472.72064084112
1728644400000,2024-10-11 11:00:00+00:00,8472.72064084112
1728648000000,2024-10-11 12:00:00+00:00,8472.72064084112
1728651600000,2024-10-11 13:00:00+00:00,8472.72064084112
1728655200000,2024-10-11 14:00:00+00:00,8472.72064084112
1728658800000,2024-10-11 15:00:00+00:00,8472.72064084112
1728662400000,2024-10-11 16:00:00+00:00,8472.72064084112
1728666000000,2024-10-11 17:00:00+00:00,8472.72064084112
1728669600000,2024-10-11 18:00:00+00:00,8472.72064084112
1728673200000,2024-10-11 19:00:00+00:00,8472.72064084112
1728676800000,2024-10-11 20:00:00+00:00,8472.72064084112
1728680400000,2024-10-11 21:00:00+00:00,8472.72064084112
1728684000000,2024-10-11 22:00:00+00:00,8472.72064084112
1728687600000,2024-10-11 23:00:00+00:00,8472.72064084112
1728691200000,2024-10-12 00:00:00+00:00,8472.72064084112
1728694800000,2024-10-12 01:00:00+00:00,8472.72064084112
1728698400000,2024-10-12 02:00:00+00:00,8472.72064084112
1728702000000,2024-10-12 03:00:00+00:00,8472.72064084112
1728705600000,2024-10-12 04:00:00+00:00,8472.72064084112
1728709200000,2024-10-12 05:00:00+00:00,8472.72064084112
1728712800000,2024-10-12 06:00:00+00:00,8472.72064084112
1728716400000,2024-10-12 07:00:00+00:00,8472.72064084112
1728720000000,2024-10-12 08:00:00+00:00,8472.72064084112
1728723600000,2024-10-12 09:00:00+00:00,8472.72064084112
1728727200000,2024-10-12 10:00:00+00:00,8472.72064084112
1728730800000,2024-10-12 11:00:00+00:00,8472.72064084112
1728734400000,2024-10-12 12:00:00+00:00,8472.72064084112
1728738000000,2024-10-12 13:00:00+00:00,8472.72064084112
1728741600000,2024-10-12 14:00:00+00:00,8472.72064084112
1728745200000,2024-10-12 15:00:00+00:00,8472.72064084112
1728748800000,2024-10-12 16:00:00+00:00,8472.72064084112
1728752400000,2024-10-12 17:00:00+00:00,8472.72064084112
1728756000000,2024-10-12 18:00:00+00:00,8472.72064084112
1728759600000,2024-10-12 19:00:00+00:00,8472.72064084112
1728763200000,2024-10-12 20:00:00+00:00,8472.72064084112
1728766800000,2024-10-12 21:00:00+00:00,8472.72064084112
1728770400000,2024-10-12 22:00:00+00:00,8472.72064084112
1728774000000,2024-10-12 23:00:00+00:00,8472.72064084112
1728777600000,2024-10-13 00:00:00+00:00,8472.72064084112
1728781200000,2024-10-13 01:00:00+00:00,8472.72064084112
1728784800000,2024-10-13 02:00:00+00:00,8472.72064084112
1728788400000,2024-10-13 03:00:00+00:00,8472.72064084112
1728792000000,2024-10-13 04:00:00+00:00,8472.72064084112
1728795600000,2024-10-13 05:00:00+00:00,8472.72064084112
1728799200000,2024-10-13 06:00:00+00:00,8472.72064084112
1728802800000,2024-10-13 07:00:00+00:00,8472.72064084112
1728806400000,2024-10-13 08:00:00+00:00,8472.72064084112
1728810000000,2024-10-13 09:00:00+00:00,8472.72064084112
1728813600000,2024-10-13 10:00:00+00:00,8472.72064084112
1728817200000,2024-10-13 11:00:00+00:00,8472.72064084112
1728820800000,2024-10-13 12:00:00+00:00,8472.72064084112
1728824400000,2024-10-13 13:00:00+00:00,8472.72064084112
1728828000000,2024-10-13 14:00:00+00:00,8472.72064084112
1728831600000,2024-10-13 15:00:00+00:00,8448.03183391829
1728835200000,2024-10-13 16:00:00+00:00,8448.03183391829
1728838800000,2024-10-13 17:00:00+00:00,8448.03183391829
1728842400000,2024-10-13 18:00:00+00:00,8448.03183391829
1728846000000,2024-10-13 19:00:00+00:00,8448.03183391829
1728849600000,2024-10-13 20:00:00+00:00,8448.03183391829
1728853200000,2024-10-13 21:00:00+00:00,8448.03183391829
1728856800000,2024-10-13 22:00:00+00:00,8448.03183391829
1728860400000,2024-10-13 23:00:00+00:00,8448.03183391829
1728864000000,2024-10-14 00:00:00+00:00,8448.03183391829
1728867600000,2024-10-14 01:00:00+00:00,8448.03183391829
1728871200000,2024-10-14 02:00:00+00:00,8448.03183391829
1728874800000,2024-10-14 03:00:00+00:00,8418.000002320767
1728878400000,2024-10-14 04:00:00+00:00,8418.000002320767
1728882000000,2024-10-14 05:00:00+00:00,8418.000002320767
1728885600000,2024-10-14 06:00:00+00:00,8418.000002320767
1728889200000,2024-10-14 07:00:00+00:00,8418.000002320767
1728892800000,2024-10-14 08:00:00+00:00,8418.000002320767
1728896400000,2024-10-14 09:00:00+00:00,8418.000002320767
1728900000000,2024-10-14 10:00:00+00:00,8418.000002320767
1728903600000,2024-10-14 11:00:00+00:00,8418.000002320767
1728907200000,2024-10-14 12:00:00+00:00,8418.000002320767
1728910800000,2024-10-14 13:00:00+00:00,8418.000002320767
1728914400000,2024-10-14 14:00:00+00:00,8431.442250465594
1728918000000,2024-10-14 15:00:00+00:00,8431.442250465594
1728921600000,2024-10-14 16:00:00+00:00,8463.22381330724
1728925200000,2024-10-14 17:00:00+00:00,8463.22381330724
1728928800000,2024-10-14 18:00:00+00:00,8463.22381330724
1728932400000,2024-10-14 19:00:00+00:00,8463.22381330724
1728936000000,2024-10-14 20:00:00+00:00,8463.22381330724
1728939600000,2024-10-14 21:00:00+00:00,8463.22381330724
1728943200000,2024-10-14 22:00:00+00:00,8463.22381330724
1728946800000,2024-10-14 23:00:00+00:00,8463.22381330724
1728950400000,2024-10-15 00:00:00+00:00,8463.22381330724
1728954000000,2024-10-15 01:00:00+00:00,8463.22381330724
1728957600000,2024-10-15 02:00:00+00:00,8463.22381330724
1728961200000,2024-10-15 03:00:00+00:00,8480.16390703866
1728964800000,2024-10-15 04:00:00+00:00,8480.16390703866
1728968400000,2024-10-15 05:00:00+00:00,8480.16390703866
1728972000000,2024-10-15 06:00:00+00:00,8480.16390703866
1728975600000,2024-10-15 07:00:00+00:00,8480.16390703866
1728979200000,2024-10-15 08:00:00+00:00,8480.16390703866
1728982800000,2024-10-15 09:00:00+00:00,8480.16390703866
1728986400000,2024-10-15 10:00:00+00:00,8480.16390703866
1728990000000,2024-10-15 11:00:00+00:00,8480.16390703866
1728993600000,2024-10-15 12:00:00+00:00,8480.16390703866
1728997200000,2024-10-15 13:00:00+00:00,8480.16390703866
1729000800000,2024-10-15 14:00:00+00:00,8494.4062483214
1729004400000,2024-10-15 15:00:00+00:00,8503.031348164583
1729008000000,2024-10-15 16:00:00+00:00,8503.031348164583
1729011600000,2024-10-15 17:00:00+00:00,8503.031348164583
1729015200000,2024-10-15 18:00:00+00:00,8503.031348164583
1729018800000,2024-10-15 19:00:00+00:00,8503.031348164583
1729022400000,2024-10-15 20:00:00+00:00,8503.031348164583
1729026000000,2024-10-15 21:00:00+00:00,8503.031348164583
1729029600000,2024-10-15 22:00:00+00:00,8503.031348164583
1729033200000,2024-10-15 23:00:00+00:00,8503.031348164583
1729036800000,2024-10-16 00:00:00+00:00,8503.031348164583
1729040400000,2024-10-16 01:00:00+00:00,8503.031348164583
1729044000000,2024-10-16 02:00:00+00:00,8503.031348164583
1729047600000,2024-10-16 03:00:00+00:00,8503.031348164583
1729051200000,2024-10-16 04:00:00+00:00,8503.031348164583
1729054800000,2024-10-16 05:00:00+00:00,8503.031348164583
1729058400000,2024-10-16 06:00:00+00:00,8503.031348164583
1729062000000,2024-10-16 07:00:00+00:00,8503.031348164583
1729065600000,2024-10-16 08:00:00+00:00,8503.031348164583
1729069200000,2024-10-16 09:00:00+00:00,8503.031348164583
1729072800000,2024-10-16 10:00:00+00:00,8503.031348164583
1729076400000,2024-10-16 11:00:00+00:00,8503.031348164583
1729080000000,2024-10-16 12:00:00+00:00,8503.031348164583
1729083600000,2024-10-16 13:00:00+00:00,8503.031348164583
1729087200000,2024-10-16 14:00:00+00:00,8503.031348164583
1729090800000,2024-10-16 15:00:00+00:00,8503.031348164583
1729094400000,2024-10-16 16:00:00+00:00,8503.031348164583
1729098000000,2024-10-16 17:00:00+00:00,8503.031348164583
1729101600000,2024-10-16 18:00:00+00:00,8503.031348164583
1729105200000,2024-10-16 19:00:00+00:00,8503.031348164583
1729108800000,2024-10-16 20:00:00+00:00,8503.031348164583
1729112400000,2024-10-16 21:00:00+00:00,8503.031348164583
1729116000000,2024-10-16 22:00:00+00:00,8503.031348164583
1729119600000,2024-10-16 23:00:00+00:00,8503.031348164583
1729123200000,2024-10-17 00:00:00+00:00,8503.031348164583
1729126800000,2024-10-17 01:00:00+00:00,8503.031348164583
1729130400000,2024-10-17 02:00:00+00:00,8503.031348164583
1729134000000,2024-10-17 03:00:00+00:00,8503.031348164583
1729137600000,2024-10-17 04:00:00+00:00,8503.031348164583
1729141200000,2024-10-17 05:00:00+00:00,8503.031348164583
1729144800000,2024-10-17 06:00:00+00:00,8503.031348164583
1729148400000,2024-10-17 07:00:00+00:00,8503.031348164583
1729152000000,2024-10-17 08:00:00+00:00,8503.031348164583
1729155600000,2024-10-17 09:00:00+00:00,8503.031348164583
1729159200000,2024-10-17 10:00:00+00:00,8503.031348164583
1729162800000,2024-10-17 11:00:00+00:00,8503.031348164583
1729166400000,2024-10-17 12:00:00+00:00,8503.031348164583
1729170000000,2024-10-17 13:00:00+00:00,8503.031348164583
1729173600000,2024-10-17 14:00:00+00:00,8503.031348164583
1729177200000,2024-10-17 15:00:00+00:00,8503.031348164583
1729180800000,2024-10-17 16:00:00+00:00,8503.031348164583
1729184400000,2024-10-17 17:00:00+00:00,8503.031348164583
1729188000000,2024-10-17 18:00:00+00:00,8503.031348164583
1729191600000,2024-10-17 19:00:00+00:00,8503.031348164583
1729195200000,2024-10-17 20:00:00+00:00,8503.031348164583
1729198800000,2024-10-17 21:00:00+00:00,8503.031348164583
1729202400000,2024-10-17 22:00:00+00:00,8503.031348164583
1729206000000,2024-10-17 23:00:00+00:00,8503.031348164583
1729209600000,2024-10-18 00:00:00+00:00,8503.031348164583
1729213200000,2024-10-18 01:00:00+00:00,8503.031348164583
1729216800000,2024-10-18 02:00:00+00:00,8503.031348164583
1729220400000,2024-10-18 03:00:00+00:00,8503.031348164583
1729224000000,2024-10-18 04:00:00+00:00,8503.031348164583
1729227600000,2024-10-18 05:00:00+00:00,8503.031348164583
1729231200000,2024-10-18 06:00:00+00:00,8503.031348164583
1729234800000,2024-10-18 07:00:00+00:00,8503.031348164583
1729238400000,2024-10-18 08:00:00+00:00,8503.031348164583
1729242000000,2024-10-18 09:00:00+00:00,8503.031348164583
1729245600000,2024-10-18 10:00:00+00:00,8503.031348164583
1729249200000,2024-10-18 11:00:00+00:00,8503.031348164583
1729252800000,2024-10-18 12:00:00+00:00,8503.031348164583
1729256400000,2024-10-18 13:00:00+00:00,8503.031348164583
1729260000000,2024-10-18 14:00:00+00:00,8503.031348164583
1729263600000,2024-10-18 15:00:00+00:00,8503.031348164583
1729267200000,2024-10-18 16:00:00+00:00,8503.031348164583
1729270800000,2024-10-18 17:00:00+00:00,8503.031348164583
1729274400000,2024-10-18 18:00:00+00:00,8503.031348164583
1729278000000,2024-10-18 19:00:00+00:00,8503.031348164583
1729281600000,2024-10-18 20:00:00+00:00,8503.031348164583
1729285200000,2024-10-18 21:00:00+00:00,8503.031348164583
1729288800000,2024-10-18 22:00:00+00:00,8503.031348164583
1729292400000,2024-10-18 23:00:00+00:00,8503.031348164583
1729296000000,2024-10-19 00:00:00+00:00,8503.031348164583
1729299600000,2024-10-19 01:00:00+00:00,8503.031348164583
1729303200000,2024-10-19 02:00:00+00:00,8503.031348164583
1729306800000,2024-10-19 03:00:00+00:00,8503.031348164583
1729310400000,2024-10-19 04:00:00+00:00,8503.031348164583
1729314000000,2024-10-19 05:00:00+00:00,8503.031348164583
1729317600000,2024-10-19 06:00:00+00:00,8503.031348164583
1729321200000,2024-10-19 07:00:00+00:00,8503.031348164583
1729324800000,2024-10-19 08:00:00+00:00,8503.031348164583
1729328400000,2024-10-19 09:00:00+00:00,8503.031348164583
1729332000000,2024-10-19 10:00:00+00:00,8503.031348164583
1729335600000,2024-10-19 11:00:00+00:00,8503.031348164583
1729339200000,2024-10-19 12:00:00+00:00,8503.031348164583
1729342800000,2024-10-19 13:00:00+00:00,8503.031348164583
1729346400000,2024-10-19 14:00:00+00:00,8503.031348164583
1729350000000,2024-10-19 15:00:00+00:00,8503.031348164583
1729353600000,2024-10-19 16:00:00+00:00,8503.031348164583
1729357200000,2024-10-19 17:00:00+00:00,8503.031348164583
1729360800000,2024-10-19 18:00:00+00:00,8503.031348164583
1729364400000,2024-10-19 19:00:00+00:00,8503.031348164583
1729368000000,2024-10-19 20:00:00+00:00,8503.031348164583
1729371600000,2024-10-19 21:00:00+00:00,8503.031348164583
1729375200000,2024-10-19 22:00:00+00:00,8512.68789793742
1729378800000,2024-10-19 23:00:00+00:00,8512.68789793742
1729382400000,2024-10-20 00:00:00+00:00,8512.68789793742
1729386000000,2024-10-20 01:00:00+00:00,8512.68789793742
1729389600000,2024-10-20 02:00:00+00:00,8512.68789793742
1729393200000,2024-10-20 03:00:00+00:00,8512.68789793742
1729396800000,2024-10-20 04:00:00+00:00,8512.68789793742
1729400400000,2024-10-20 05:00:00+00:00,8512.68789793742
1729404000000,2024-10-20 06:00:00+00:00,8512.68789793742
1729407600000,2024-10-20 07:00:00+00:00,8512.68789793742
1729411200000,2024-10-20 08:00:00+00:00,8512.68789793742
1729414800000,2024-10-20 09:00:00+00:00,8512.68789793742
1729418400000,2024-10-20 10:00:00+00:00,8512.68789793742
1729422000000,2024-10-20 11:00:00+00:00,8512.68789793742
1729425600000,2024-10-20 12:00:00+00:00,8512.68789793742
1729429200000,2024-10-20 13:00:00+00:00,8512.68789793742
1729432800000,2024-10-20 14:00:00+00:00,8512.68789793742
1729436400000,2024-10-20 15:00:00+00:00,8512.68789793742
1729440000000,2024-10-20 16:00:00+00:00,8512.68789793742
1729443600000,2024-10-20 17:00:00+00:00,8512.68789793742
1729447200000,2024-10-20 18:00:00+00:00,8512.68789793742
1729450800000,2024-10-20 19:00:00+00:00,8512.68789793742
1729454400000,2024-10-20 20:00:00+00:00,8512.68789793742
1729458000000,2024-10-20 21:00:00+00:00,8512.68789793742
1729461600000,2024-10-20 22:00:00+00:00,8512.68789793742
1729465200000,2024-10-20 23:00:00+00:00,8512.68789793742
1729468800000,2024-10-21 00:00:00+00:00,8526.9503965747
1729472400000,2024-10-21 01:00:00+00:00,8526.9503965747
1729476000000,2024-10-21 02:00:00+00:00,8526.9503965747
1729479600000,2024-10-21 03:00:00+00:00,8526.9503965747
1729483200000,2024-10-21 04:00:00+00:00,8526.9503965747
1729486800000,2024-10-21 05:00:00+00:00,8526.9503965747
1729490400000,2024-10-21 06:00:00+00:00,8526.9503965747
1729494000000,2024-10-21 07:00:00+00:00,8526.9503965747
1729497600000,2024-10-21 08:00:00+00:00,8554.747635539996
1729501200000,2024-10-21 09:00:00+00:00,8553.137568913404
1729504800000,2024-10-21 10:00:00+00:00,8553.137568913404
1729508400000,2024-10-21 11:00:00+00:00,8553.137568913404
1729512000000,2024-10-21 12:00:00+00:00,8553.137568913404
1729515600000,2024-10-21 13:00:00+00:00,8553.137568913404
1729519200000,2024-10-21 14:00:00+00:00,8553.137568913404
1729522800000,2024-10-21 15:00:00+00:00,8553.137568913404
1729526400000,2024-10-21 16:00:00+00:00,8553.137568913404
1729530000000,2024-10-21 17:00:00+00:00,8553.137568913404
1729533600000,2024-10-21 18:00:00+00:00,8553.137568913404
1729537200000,2024-10-21 19:00:00+00:00,8553.137568913404
1729540800000,2024-10-21 20:00:00+00:00,8553.137568913404
1729544400000,2024-10-21 21:00:00+00:00,8553.137568913404
1729548000000,2024-10-21 22:00:00+00:00,8553.137568913404
1729551600000,2024-10-21 23:00:00+00:00,8553.137568913404
1729555200000,2024-10-22 00:00:00+00:00,8510.128743454208
1729558800000,2024-10-22 01:00:00+00:00,8510.128743454208
1729562400000,2024-10-22 02:00:00+00:00,8510.128743454208
1729566000000,2024-10-22 03:00:00+00:00,8510.128743454208
1729569600000,2024-10-22 04:00:00+00:00,8510.128743454208
1729573200000,2024-10-22 05:00:00+00:00,8510.128743454208
1729576800000,2024-10-22 06:00:00+00:00,8510.128743454208
1729580400000,2024-10-22 07:00:00+00:00,8510.128743454208
1729584000000,2024-10-22 08:00:00+00:00,8510.128743454208
1729587600000,2024-10-22 09:00:00+00:00,8510.128743454208
1729591200000,2024-10-22 10:00:00+00:00,8510.128743454208
1729594800000,2024-10-22 11:00:00+00:00,8510.128743454208
1729598400000,2024-10-22 12:00:00+00:00,8510.128743454208
1729602000000,2024-10-22 13:00:00+00:00,8510.128743454208
1729605600000,2024-10-22 14:00:00+00:00,8519.714879254236
1729609200000,2024-10-22 15:00:00+00:00,8519.714879254236
1729612800000,2024-10-22 16:00:00+00:00,8519.714879254236
1729616400000,2024-10-22 17:00:00+00:00,8519.714879254236
1729620000000,2024-10-22 18:00:00+00:00,8519.714879254236
1729623600000,2024-10-22 19:00:00+00:00,8519.714879254236
1729627200000,2024-10-22 20:00:00+00:00,8519.714879254236
1729630800000,2024-10-22 21:00:00+00:00,8519.714879254236
1729634400000,2024-10-22 22:00:00+00:00,8519.714879254236
1729638000000,2024-10-22 23:00:00+00:00,8519.714879254236
1729641600000,2024-10-23 00:00:00+00:00,8519.714879254236
1729645200000,2024-10-23 01:00:00+00:00,8519.714879254236
1729648800000,2024-10-23 02:00:00+00:00,8519.714879254236
1729652400000,2024-10-23 03:00:00+00:00,8519.301323824879
1729656000000,2024-10-23 04:00:00+00:00,8519.301323824879
1729659600000,2024-10-23 05:00:00+00:00,8519.301323824879
1729663200000,2024-10-23 06:00:00+00:00,8519.301323824879
1729666800000,2024-10-23 07:00:00+00:00,8519.301323824879
1729670400000,2024-10-23 08:00:00+00:00,8519.301323824879
1729674000000,2024-10-23 09:00:00+00:00,8477.564736540502
1729677600000,2024-10-23 10:00:00+00:00,8477.564736540502
1729681200000,2024-10-23 11:00:00+00:00,8477.564736540502
1729684800000,2024-10-23 12:00:00+00:00,8477.564736540502
1729688400000,2024-10-23 13:00:00+00:00,8477.564736540502
1729692000000,2024-10-23 14:00:00+00:00,8477.564736540502
1729695600000,2024-10-23 15:00:00+00:00,8477.564736540502
1729699200000,2024-10-23 16:00:00+00:00,8477.564736540502
1729702800000,2024-10-23 17:00:00+00:00,8477.564736540502
1729706400000,2024-10-23 18:00:00+00:00,8477.564736540502
1729710000000,2024-10-23 19:00:00+00:00,8477.564736540502
1729713600000,2024-10-23 20:00:00+00:00,8477.564736540502
1729717200000,2024-10-23 21:00:00+00:00,8477.564736540502
1729720800000,2024-10-23 22:00:00+00:00,8477.564736540502
1729724400000,2024-10-23 23:00:00+00:00,8477.564736540502
1729728000000,2024-10-24 00:00:00+00:00,8491.710364831511
1729731600000,2024-10-24 01:00:00+00:00,8491.710364831511
1729735200000,2024-10-24 02:00:00+00:00,8491.710364831511
1729738800000,2024-10-24 03:00:00+00:00,8491.710364831511
1729742400000,2024-10-24 04:00:00+00:00,8491.710364831511
1729746000000,2024-10-24 05:00:00+00:00,8491.710364831511
1729749600000,2024-10-24 06:00:00+00:00,8491.710364831511
1729753200000,2024-10-24 07:00:00+00:00,8491.710364831511
1729756800000,2024-10-24 08:00:00+00:00,8491.710364831511
1729760400000,2024-10-24 09:00:00+00:00,8491.710364831511
1729764000000,2024-10-24 10:00:00+00:00,8491.710364831511
1729767600000,2024-10-24 11:00:00+00:00,8491.710364831511
1729771200000,2024-10-24 12:00:00+00:00,8491.710364831511
1729774800000,2024-10-24 13:00:00+00:00,8491.710364831511
1729778400000,2024-10-24 14:00:00+00:00,8491.710364831511
1729782000000,2024-10-24 15:00:00+00:00,8491.710364831511
1729785600000,2024-10-24 16:00:00+00:00,8491.710364831511
1729789200000,2024-10-24 17:00:00+00:00,8491.710364831511
1729792800000,2024-10-24 18:00:00+00:00,8491.710364831511
1729796400000,2024-10-24 19:00:00+00:00,8491.710364831511
1729800000000,2024-10-24 20:00:00+00:00,8491.710364831511
1729803600000,2024-10-24 21:00:00+00:00,8491.710364831511
1729807200000,2024-10-24 22:00:00+00:00,8491.710364831511
1729810800000,2024-10-24 23:00:00+00:00,8491.710364831511
1729814400000,2024-10-25 00:00:00+00:00,8491.710364831511
1729818000000,2024-10-25 01:00:00+00:00,8491.710364831511
1729821600000,2024-10-25 02:00:00+00:00,8491.710364831511
1729825200000,2024-10-25 03:00:00+00:00,8491.710364831511
1729828800000,2024-10-25 04:00:00+00:00,8491.710364831511
1729832400000,2024-10-25 05:00:00+00:00,8510.094192896833
1729836000000,2024-10-25 06:00:00+00:00,8510.094192896833
1729839600000,2024-10-25 07:00:00+00:00,8510.094192896833
1729843200000,2024-10-25 08:00:00+00:00,8510.094192896833
1729846800000,2024-10-25 09:00:00+00:00,8487.086954215632
1729850400000,2024-10-25 10:00:00+00:00,8487.086954215632
1729854000000,2024-10-25 11:00:00+00:00,8487.086954215632
1729857600000,2024-10-25 12:00:00+00:00,8487.086954215632
1729861200000,2024-10-25 13:00:00+00:00,8487.086954215632
1729864800000,2024-10-25 14:00:00+00:00,8487.086954215632
1729868400000,2024-10-25 15:00:00+00:00,8487.086954215632
1729872000000,2024-10-25 16:00:00+00:00,8487.086954215632
1729875600000,2024-10-25 17:00:00+00:00,8463.945237321383
1729879200000,2024-10-25 18:00:00+00:00,8424.03033681788
1729882800000,2024-10-25 19:00:00+00:00,8424.03033681788
1729886400000,2024-10-25 20:00:00+00:00,8424.03033681788
1729890000000,2024-10-25 21:00:00+00:00,8424.03033681788
1729893600000,2024-10-25 22:00:00+00:00,8424.03033681788
1729897200000,2024-10-25 23:00:00+00:00,8424.03033681788
1729900800000,2024-10-26 00:00:00+00:00,8424.03033681788
1729904400000,2024-10-26 01:00:00+00:00,8424.03033681788
1729908000000,2024-10-26 02:00:00+00:00,8424.03033681788
1729911600000,2024-10-26 03:00:00+00:00,8424.03033681788
1729915200000,2024-10-26 04:00:00+00:00,8424.03033681788
1729918800000,2024-10-26 05:00:00+00:00,8424.03033681788
1729922400000,2024-10-26 06:00:00+00:00,8424.03033681788
1729926000000,2024-10-26 07:00:00+00:00,8424.03033681788
1729929600000,2024-10-26 08:00:00+00:00,8424.03033681788
1729933200000,2024-10-26 09:00:00+00:00,8424.03033681788
1729936800000,2024-10-26 10:00:00+00:00,8424.03033681788
1729940400000,2024-10-26 11:00:00+00:00,8424.03033681788
1729944000000,2024-10-26 12:00:00+00:00,8424.03033681788
1729947600000,2024-10-26 13:00:00+00:00,8424.03033681788
1729951200000,2024-10-26 14:00:00+00:00,8424.03033681788
1729954800000,2024-10-26 15:00:00+00:00,8424.03033681788
1729958400000,2024-10-26 16:00:00+00:00,8424.03033681788
1729962000000,2024-10-26 17:00:00+00:00,8424.03033681788
1729965600000,2024-10-26 18:00:00+00:00,8424.03033681788
1729969200000,2024-10-26 19:00:00+00:00,8433.8194126784
1729972800000,2024-10-26 20:00:00+00:00,8433.8194126784
1729976400000,2024-10-26 21:00:00+00:00,8433.8194126784
1729980000000,2024-10-26 22:00:00+00:00,8433.8194126784
1729983600000,2024-10-26 23:00:00+00:00,8433.8194126784
1729987200000,2024-10-27 00:00:00+00:00,8433.8194126784
1729990800000,2024-10-27 01:00:00+00:00,8433.8194126784
1729994400000,2024-10-27 02:00:00+00:00,8433.8194126784
1729998000000,2024-10-27 03:00:00+00:00,8433.8194126784
1730001600000,2024-10-27 04:00:00+00:00,8433.8194126784
1730005200000,2024-10-27 05:00:00+00:00,8433.8194126784
1730008800000,2024-10-27 06:00:00+00:00,8433.8194126784
1730012400000,2024-10-27 07:00:00+00:00,8433.8194126784
1730016000000,2024-10-27 08:00:00+00:00,8433.8194126784
1730019600000,2024-10-27 09:00:00+00:00,8433.8194126784
1730023200000,2024-10-27 10:00:00+00:00,8433.8194126784
1730026800000,2024-10-27 11:00:00+00:00,8433.8194126784
1730030400000,2024-10-27 12:00:00+00:00,8433.8194126784
1730034000000,2024-10-27 13:00:00+00:00,8433.8194126784
1730037600000,2024-10-27 14:00:00+00:00,8433.8194126784
1730041200000,2024-10-27 15:00:00+00:00,8433.8194126784
1730044800000,2024-10-27 16:00:00+00:00,8433.8194126784
1730048400000,2024-10-27 17:00:00+00:00,8433.8194126784
1730052000000,2024-10-27 18:00:00+00:00,8433.8194126784
1730055600000,2024-10-27 19:00:00+00:00,8433.8194126784
1730059200000,2024-10-27 20:00:00+00:00,8433.8194126784
1730062800000,2024-10-27 21:00:00+00:00,8433.8194126784
1730066400000,2024-10-27 22:00:00+00:00,8433.8194126784
1730070000000,2024-10-27 23:00:00+00:00,8433.8194126784
1730073600000,2024-10-28 00:00:00+00:00,8433.8194126784
1730077200000,2024-10-28 01:00:00+00:00,8433.8194126784
1730080800000,2024-10-28 02:00:00+00:00,8433.8194126784
1730084400000,2024-10-28 03:00:00+00:00,8433.8194126784
1730088000000,2024-10-28 04:00:00+00:00,8433.8194126784
1730091600000,2024-10-28 05:00:00+00:00,8433.8194126784
1730095200000,2024-10-28 06:00:00+00:00,8433.8194126784
1730098800000,2024-10-28 07:00:00+00:00,8433.8194126784
1730102400000,2024-10-28 08:00:00+00:00,8433.8194126784
1730106000000,2024-10-28 09:00:00+00:00,8433.8194126784
1730109600000,2024-10-28 10:00:00+00:00,8433.8194126784
1730113200000,2024-10-28 11:00:00+00:00,8433.8194126784
1730116800000,2024-10-28 12:00:00+00:00,8433.8194126784
1730120400000,2024-10-28 13:00:00+00:00,8433.8194126784
1730124000000,2024-10-28 14:00:00+00:00,8433.8194126784
1730127600000,2024-10-28 15:00:00+00:00,8433.8194126784
1730131200000,2024-10-28 16:00:00+00:00,8433.8194126784
1730134800000,2024-10-28 17:00:00+00:00,8433.8194126784
1730138400000,2024-10-28 18:00:00+00:00,8433.8194126784
1730142000000,2024-10-28 19:00:00+00:00,8433.8194126784
1730145600000,2024-10-28 20:00:00+00:00,8433.8194126784
1730149200000,2024-10-28 21:00:00+00:00,8396.063589971456
1730152800000,2024-10-28 22:00:00+00:00,8396.063589971456
1730156400000,2024-10-28 23:00:00+00:00,8396.063589971456
1730160000000,2024-10-29 00:00:00+00:00,8396.063589971456
1730163600000,2024-10-29 01:00:00+00:00,8396.063589971456
1730167200000,2024-10-29 02:00:00+00:00,8372.331726939059
1730170800000,2024-10-29 03:00:00+00:00,8372.331726939059
1730174400000,2024-10-29 04:00:00+00:00,8372.331726939059
1730178000000,2024-10-29 05:00:00+00:00,8372.331726939059
1730181600000,2024-10-29 06:00:00+00:00,8372.331726939059
1730185200000,2024-10-29 07:00:00+00:00,8372.331726939059
1730188800000,2024-10-29 08:00:00+00:00,8372.331726939059
1730192400000,2024-10-29 09:00:00+00:00,8372.331726939059
1730196000000,2024-10-29 10:00:00+00:00,8372.331726939059
1730199600000,2024-10-29 11:00:00+00:00,8372.331726939059
1730203200000,2024-10-29 12:00:00+00:00,8372.331726939059
1730206800000,2024-10-29 13:00:00+00:00,8372.331726939059
1730210400000,2024-10-29 14:00:00+00:00,8372.331726939059
1730214000000,2024-10-29 15:00:00+00:00,8372.331726939059
1730217600000,2024-10-29 16:00:00+00:00,8385.841388372428
1730221200000,2024-10-29 17:00:00+00:00,8385.841388372428
1730224800000,2024-10-29 18:00:00+00:00,8385.841388372428
1730228400000,2024-10-29 19:00:00+00:00,8385.841388372428
1730232000000,2024-10-29 20:00:00+00:00,8397.160040969202
1730235600000,2024-10-29 21:00:00+00:00,8397.160040969202
1730239200000,2024-10-29 22:00:00+00:00,8397.160040969202
1730242800000,2024-10-29 23:00:00+00:00,8397.160040969202
1730246400000,2024-10-30 00:00:00+00:00,8397.160040969202
1730250000000,2024-10-30 01:00:00+00:00,8397.160040969202
1730253600000,2024-10-30 02:00:00+00:00,8397.160040969202
1730257200000,2024-10-30 03:00:00+00:00,8397.160040969202
1730260800000,2024-10-30 04:00:00+00:00,8397.160040969202
1730264400000,2024-10-30 05:00:00+00:00,8397.160040969202
1730268000000,2024-10-30 06:00:00+00:00,8397.160040969202
1730271600000,2024-10-30 07:00:00+00:00,8397.160040969202
1730275200000,2024-10-30 08:00:00+00:00,8397.160040969202
1730278800000,2024-10-30 09:00:00+00:00,8397.160040969202
1730282400000,2024-10-30 10:00:00+00:00,8397.160040969202
1730286000000,2024-10-30 11:00:00+00:00,8412.513209940917
1730289600000,2024-10-30 12:00:00+00:00,8412.513209940917
1730293200000,2024-10-30 13:00:00+00:00,8412.513209940917
1730296800000,2024-10-30 14:00:00+00:00,8412.513209940917
1730300400000,2024-10-30 15:00:00+00:00,8412.513209940917
1730304000000,2024-10-30 16:00:00+00:00,8412.513209940917
1730307600000,2024-10-30 17:00:00+00:00,8412.513209940917
1730311200000,2024-10-30 18:00:00+00:00,8412.513209940917
1730314800000,2024-10-30 19:00:00+00:00,8412.513209940917
1730318400000,2024-10-30 20:00:00+00:00,8412.513209940917
1730322000000,2024-10-30 21:00:00+00:00,8412.513209940917
1730325600000,2024-10-30 22:00:00+00:00,8412.513209940917
1730329200000,2024-10-30 23:00:00+00:00,8412.513209940917
1730332800000,2024-10-31 00:00:00+00:00,8412.513209940917
1730336400000,2024-10-31 01:00:00+00:00,8412.513209940917
1730340000000,2024-10-31 02:00:00+00:00,8412.513209940917
1730343600000,2024-10-31 03:00:00+00:00,8412.513209940917
1730347200000,2024-10-31 04:00:00+00:00,8412.513209940917
1730350800000,2024-10-31 05:00:00+00:00,8412.513209940917
1730354400000,2024-10-31 06:00:00+00:00,8412.513209940917
1730358000000,2024-10-31 07:00:00+00:00,8412.513209940917
1730361600000,2024-10-31 08:00:00+00:00,8420.995205609368
1730365200000,2024-10-31 09:00:00+00:00,8420.995205609368
1730368800000,2024-10-31 10:00:00+00:00,8420.995205609368
1730372400000,2024-10-31 11:00:00+00:00,8420.995205609368
1730376000000,2024-10-31 12:00:00+00:00,8420.995205609368
1730379600000,2024-10-31 13:00:00+00:00,8382.345247530318
1730383200000,2024-10-31 14:00:00+00:00,8359.43854738386
1730386800000,2024-10-31 15:00:00+00:00,8359.43854738386
1730390400000,2024-10-31 16:00:00+00:00,8359.43854738386
1730394000000,2024-10-31 17:00:00+00:00,8359.43854738386
1730397600000,2024-10-31 18:00:00+00:00,8359.43854738386
1730401200000,2024-10-31 19:00:00+00:00,8359.43854738386
1730404800000,2024-10-31 20:00:00+00:00,8359.43854738386
1730408400000,2024-10-31 21:00:00+00:00,8359.43854738386
1730412000000,2024-10-31 22:00:00+00:00,8359.43854738386
1730415600000,2024-10-31 23:00:00+00:00,8373.36539856936
1730419200000,2024-11-01 00:00:00+00:00,8373.36539856936
1730422800000,2024-11-01 01:00:00+00:00,8334.768340476652
1730426400000,2024-11-01 02:00:00+00:00,8334.768340476652
1730430000000,2024-11-01 03:00:00+00:00,8310.375568488766
1730433600000,2024-11-01 04:00:00+00:00,8310.375568488766
1730437200000,2024-11-01 05:00:00+00:00,8310.375568488766
1730440800000,2024-11-01 06:00:00+00:00,8310.375568488766
1730444400000,2024-11-01 07:00:00+00:00,8310.375568488766
1730448000000,2024-11-01 08:00:00+00:00,8310.375568488766
1730451600000,2024-11-01 09:00:00+00:00,8310.375568488766
1730455200000,2024-11-01 10:00:00+00:00,8310.375568488766
1730458800000,2024-11-01 11:00:00+00:00,8310.375568488766
1730462400000,2024-11-01 12:00:00+00:00,8310.375568488766
1730466000000,2024-11-01 13:00:00+00:00,8324.358149009327
1730469600000,2024-11-01 14:00:00+00:00,8333.765506157355
1730473200000,2024-11-01 15:00:00+00:00,8339.680120050543
1730476800000,2024-11-01 16:00:00+00:00,8339.680120050543
1730480400000,2024-11-01 17:00:00+00:00,8339.680120050543
1730484000000,2024-11-01 18:00:00+00:00,8339.680120050543
1730487600000,2024-11-01 19:00:00+00:00,8339.680120050543
1730491200000,2024-11-01 20:00:00+00:00,8339.680120050543
1730494800000,2024-11-01 21:00:00+00:00,8339.680120050543
1730498400000,2024-11-01 22:00:00+00:00,8339.680120050543
1730502000000,2024-11-01 23:00:00+00:00,8339.680120050543
1730505600000,2024-11-02 00:00:00+00:00,8339.680120050543
1730509200000,2024-11-02 01:00:00+00:00,8339.680120050543
1730512800000,2024-11-02 02:00:00+00:00,8339.680120050543
1730516400000,2024-11-02 03:00:00+00:00,8339.680120050543
1730520000000,2024-11-02 04:00:00+00:00,8339.680120050543
1730523600000,2024-11-02 05:00:00+00:00,8339.680120050543
1730527200000,2024-11-02 06:00:00+00:00,8339.680120050543
1730530800000,2024-11-02 07:00:00+00:00,8339.680120050543
1730534400000,2024-11-02 08:00:00+00:00,8339.680120050543
1730538000000,2024-11-02 09:00:00+00:00,8339.680120050543
1730541600000,2024-11-02 10:00:00+00:00,8339.680120050543
1730545200000,2024-11-02 11:00:00+00:00,8339.680120050543
1730548800000,2024-11-02 12:00:00+00:00,8339.680120050543
1730552400000,2024-11-02 13:00:00+00:00,8339.680120050543
1730556000000,2024-11-02 14:00:00+00:00,8339.680120050543
1730559600000,2024-11-02 15:00:00+00:00,8339.680120050543
1730563200000,2024-11-02 16:00:00+00:00,8339.680120050543
1730566800000,2024-11-02 17:00:00+00:00,8339.680120050543
1730570400000,2024-11-02 18:00:00+00:00,8339.680120050543
1730574000000,2024-11-02 19:00:00+00:00,8339.680120050543
1730577600000,2024-11-02 20:00:00+00:00,8339.680120050543
1730581200000,2024-11-02 21:00:00+00:00,8339.680120050543
1730584800000,2024-11-02 22:00:00+00:00,8339.680120050543
1730588400000,2024-11-02 23:00:00+00:00,8339.680120050543
1730592000000,2024-11-03 00:00:00+00:00,8339.680120050543
1730595600000,2024-11-03 01:00:00+00:00,8339.680120050543
1730599200000,2024-11-03 02:00:00+00:00,8310.53793558065
1730602800000,2024-11-03 03:00:00+00:00,8310.53793558065
1730606400000,2024-11-03 04:00:00+00:00,8310.53793558065
1730610000000,2024-11-03 05:00:00+00:00,8310.53793558065
1730613600000,2024-11-03 06:00:00+00:00,8310.53793558065
1730617200000,2024-11-03 07:00:00+00:00,8310.53793558065
1730620800000,2024-11-03 08:00:00+00:00,8310.53793558065
1730624400000,2024-11-03 09:00:00+00:00,8310.53793558065
1730628000000,2024-11-03 10:00:00+00:00,8310.53793558065
1730631600000,2024-11-03 11:00:00+00:00,8310.53793558065
1730635200000,2024-11-03 12:00:00+00:00,8310.53793558065
1730638800000,2024-11-03 13:00:00+00:00,8310.53793558065
1730642400000,2024-11-03 14:00:00+00:00,8310.53793558065
1730646000000,2024-11-03 15:00:00+00:00,8287.917604113814
1730649600000,2024-11-03 16:00:00+00:00,8287.917604113814
1730653200000,2024-11-03 17:00:00+00:00,8287.917604113814
1730656800000,2024-11-03 18:00:00+00:00,8287.917604113814
1730660400000,2024-11-03 19:00:00+00:00,8287.917604113814
1730664000000,2024-11-03 20:00:00+00:00,8287.917604113814
1730667600000,2024-11-03 21:00:00+00:00,8296.233989400913
1730671200000,2024-11-03 22:00:00+00:00,8296.233989400913
1730674800000,2024-11-03 23:00:00+00:00,8296.233989400913
1730678400000,2024-11-04 00:00:00+00:00,8296.233989400913
1730682000000,2024-11-04 01:00:00+00:00,8296.233989400913
1730685600000,2024-11-04 02:00:00+00:00,8258.313540887575
1730689200000,2024-11-04 03:00:00+00:00,8258.313540887575
1730692800000,2024-11-04 04:00:00+00:00,8258.313540887575
1730696400000,2024-11-04 05:00:00+00:00,8258.313540887575
1730700000000,2024-11-04 06:00:00+00:00,8258.313540887575
1730703600000,2024-11-04 07:00:00+00:00,8258.313540887575
1730707200000,2024-11-04 08:00:00+00:00,8258.313540887575
1730710800000,2024-11-04 09:00:00+00:00,8258.313540887575
1730714400000,2024-11-04 10:00:00+00:00,8258.313540887575
1730718000000,2024-11-04 11:00:00+00:00,8258.313540887575
1730721600000,2024-11-04 12:00:00+00:00,8258.313540887575
1730725200000,2024-11-04 13:00:00+00:00,8258.313540887575
1730728800000,2024-11-04 14:00:00+00:00,8258.313540887575
1730732400000,2024-11-04 15:00:00+00:00,8258.313540887575
1730736000000,2024-11-04 16:00:00+00:00,8272.347762262809
1730739600000,2024-11-04 17:00:00+00:00,8272.347762262809
1730743200000,2024-11-04 18:00:00+00:00,8272.347762262809
1730746800000,2024-11-04 19:00:00+00:00,8272.347762262809
1730750400000,2024-11-04 20:00:00+00:00,8272.347762262809
1730754000000,2024-11-04 21:00:00+00:00,8281.083032631888
1730757600000,2024-11-04 22:00:00+00:00,8295.822685829875
1730761200000,2024-11-04 23:00:00+00:00,8295.822685829875
1730764800000,2024-11-05 00:00:00+00:00,8297.595081359537
1730768400000,2024-11-05 01:00:00+00:00,8297.595081359537
1730772000000,2024-11-05 02:00:00+00:00,8297.595081359537
1730775600000,2024-11-05 03:00:00+00:00,8297.595081359537
1730779200000,2024-11-05 04:00:00+00:00,8297.595081359537
1730782800000,2024-11-05 05:00:00+00:00,8297.595081359537
1730786400000,2024-11-05 06:00:00+00:00,8297.595081359537
1730790000000,2024-11-05 07:00:00+00:00,8297.595081359537
1730793600000,2024-11-05 08:00:00+00:00,8297.595081359537
1730797200000,2024-11-05 09:00:00+00:00,8297.595081359537
1730800800000,2024-11-05 10:00:00+00:00,8297.595081359537
1730804400000,2024-11-05 11:00:00+00:00,8297.595081359537
1730808000000,2024-11-05 12:00:00+00:00,8297.595081359537
1730811600000,2024-11-05 13:00:00+00:00,8297.595081359537
1730815200000,2024-11-05 14:00:00+00:00,8321.023640893989
1730818800000,2024-11-05 15:00:00+00:00,8321.023640893989
1730822400000,2024-11-05 16:00:00+00:00,8321.023640893989
1730826000000,2024-11-05 17:00:00+00:00,8321.023640893989
1730829600000,2024-11-05 18:00:00+00:00,8321.023640893989
1730833200000,2024-11-05 19:00:00+00:00,8340.135831392588
1730836800000,2024-11-05 20:00:00+00:00,8340.135831392588
1730840400000,2024-11-05 21:00:00+00:00,8340.135831392588
1730844000000,2024-11-05 22:00:00+00:00,8340.135831392588
1730847600000,2024-11-05 23:00:00+00:00,8340.135831392588
1730851200000,2024-11-06 00:00:00+00:00,8303.07529664044
1730854800000,2024-11-06 01:00:00+00:00,8303.07529664044
1730858400000,2024-11-06 02:00:00+00:00,8317.447661422306
1730862000000,2024-11-06 03:00:00+00:00,8317.447661422306
1730865600000,2024-11-06 04:00:00+00:00,8317.447661422306
1730869200000,2024-11-06 05:00:00+00:00,8317.447661422306
1730872800000,2024-11-06 06:00:00+00:00,8317.447661422306
1730876400000,2024-11-06 07:00:00+00:00,8342.303225507245
1730880000000,2024-11-06 08:00:00+00:00,8342.303225507245
1730883600000,2024-11-06 09:00:00+00:00,8342.303225507245
1730887200000,2024-11-06 10:00:00+00:00,8342.303225507245
1730890800000,2024-11-06 11:00:00+00:00,8342.303225507245
1730894400000,2024-11-06 12:00:00+00:00,8342.303225507245
1730898000000,2024-11-06 13:00:00+00:00,8342.303225507245
1730901600000,2024-11-06 14:00:00+00:00,8342.303225507245
1730905200000,2024-11-06 15:00:00+00:00,8305.770219837306
1730908800000,2024-11-06 16:00:00+00:00,8305.770219837306
1730912400000,2024-11-06 17:00:00+00:00,8305.770219837306
1730916000000,2024-11-06 18:00:00+00:00,8305.770219837306
1730919600000,2024-11-06 19:00:00+00:00,8305.770219837306
1730923200000,2024-11-06 20:00:00+00:00,8305.770219837306
1730926800000,2024-11-06 21:00:00+00:00,8305.770219837306
1730930400000,2024-11-06 22:00:00+00:00,8282.477082768717
1730934000000,2024-11-06 23:00:00+00:00,8282.477082768717
1730937600000,2024-11-07 00:00:00+00:00,8282.477082768717
1730941200000,2024-11-07 01:00:00+00:00,8282.477082768717
1730944800000,2024-11-07 02:00:00+00:00,8282.477082768717
1730948400000,2024-11-07 03:00:00+00:00,8282.477082768717
1730952000000,2024-11-07 04:00:00+00:00,8282.477082768717
1730955600000,2024-11-07 05:00:00+00:00,8282.477082768717
1730959200000,2024-11-07 06:00:00+00:00,8282.477082768717
1730962800000,2024-11-07 07:00:00+00:00,8282.477082768717
1730966400000,2024-11-07 08:00:00+00:00,8282.477082768717
1730970000000,2024-11-07 09:00:00+00:00,8282.477082768717
1730973600000,2024-11-07 10:00:00+00:00,8282.477082768717
1730977200000,2024-11-07 11:00:00+00:00,8282.477082768717
1730980800000,2024-11-07 12:00:00+00:00,8282.477082768717
1730984400000,2024-11-07 13:00:00+00:00,8282.477082768717
1730988000000,2024-11-07 14:00:00+00:00,8282.477082768717
1730991600000,2024-11-07 15:00:00+00:00,8282.477082768717
1730995200000,2024-11-07 16:00:00+00:00,8282.477082768717
1730998800000,2024-11-07 17:00:00+00:00,8282.477082768717
1731002400000,2024-11-07 18:00:00+00:00,8282.477082768717
1731006000000,2024-11-07 19:00:00+00:00,8282.477082768717
1731009600000,2024-11-07 20:00:00+00:00,8282.477082768717
1731013200000,2024-11-07 21:00:00+00:00,8282.477082768717
1731016800000,2024-11-07 22:00:00+00:00,8282.477082768717
1731020400000,2024-11-07 23:00:00+00:00,8282.477082768717
1731024000000,2024-11-08 00:00:00+00:00,8282.477082768717
1731027600000,2024-11-08 01:00:00+00:00,8282.477082768717
1731031200000,2024-11-08 02:00:00+00:00,8282.477082768717
1731034800000,2024-11-08 03:00:00+00:00,8282.477082768717
1731038400000,2024-11-08 04:00:00+00:00,8282.477082768717
1731042000000,2024-11-08 05:00:00+00:00,8282.477082768717
1731045600000,2024-11-08 06:00:00+00:00,8282.477082768717
1731049200000,2024-11-08 07:00:00+00:00,8282.477082768717
1731052800000,2024-11-08 08:00:00+00:00,8282.477082768717
1731056400000,2024-11-08 09:00:00+00:00,8282.477082768717
1731060000000,2024-11-08 10:00:00+00:00,8282.477082768717
1731063600000,2024-11-08 11:00:00+00:00,8282.477082768717
1731067200000,2024-11-08 12:00:00+00:00,8282.477082768717
1731070800000,2024-11-08 13:00:00+00:00,8282.477082768717
1731074400000,2024-11-08 14:00:00+00:00,8282.477082768717
1731078000000,2024-11-08 15:00:00+00:00,8282.477082768717
1731081600000,2024-11-08 16:00:00+00:00,8282.477082768717
1731085200000,2024-11-08 17:00:00+00:00,8282.477082768717
1731088800000,2024-11-08 18:00:00+00:00,8282.477082768717
1731092400000,2024-11-08 19:00:00+00:00,8282.477082768717
1731096000000,2024-11-08 20:00:00+00:00,8282.477082768717
1731099600000,2024-11-08 21:00:00+00:00,8282.477082768717
1731103200000,2024-11-08 22:00:00+00:00,8282.477082768717
1731106800000,2024-11-08 23:00:00+00:00,8282.477082768717
1731110400000,2024-11-09 00:00:00+00:00,8282.477082768717
1731114000000,2024-11-09 01:00:00+00:00,8282.477082768717
1731117600000,2024-11-09 02:00:00+00:00,8282.477082768717
1731121200000,2024-11-09 03:00:00+00:00,8282.477082768717
1731124800000,2024-11-09 04:00:00+00:00,8282.477082768717
1731128400000,2024-11-09 05:00:00+00:00,8282.477082768717
1731132000000,2024-11-09 06:00:00+00:00,8282.477082768717
1731135600000,2024-11-09 07:00:00+00:00,8282.477082768717
1731139200000,2024-11-09 08:00:00+00:00,8282.477082768717
1731142800000,2024-11-09 09:00:00+00:00,8282.477082768717
1731146400000,2024-11-09 10:00:00+00:00,8282.477082768717
1731150000000,2024-11-09 11:00:00+00:00,8282.477082768717
1731153600000,2024-11-09 12:00:00+00:00,8282.477082768717
1731157200000,2024-11-09 13:00:00+00:00,8282.477082768717
1731160800000,2024-11-09 14:00:00+00:00,8282.477082768717
1731164400000,2024-11-09 15:00:00+00:00,8282.477082768717
1731168000000,2024-11-09 16:00:00+00:00,8282.477082768717
1731171600000,2024-11-09 17:00:00+00:00,8282.477082768717
1731175200000,2024-11-09 18:00:00+00:00,8282.477082768717
1731178800000,2024-11-09 19:00:00+00:00,8282.477082768717
1731182400000,2024-11-09 20:00:00+00:00,8282.477082768717
1731186000000,2024-11-09 21:00:00+00:00,8282.477082768717
1731189600000,2024-11-09 22:00:00+00:00,8282.477082768717
1731193200000,2024-11-09 23:00:00+00:00,8282.477082768717
1731196800000,2024-11-10 00:00:00+00:00,8282.477082768717
1731200400000,2024-11-10 01:00:00+00:00,8282.477082768717
1731204000000,2024-11-10 02:00:00+00:00,8282.477082768717
1731207600000,2024-11-10 03:00:00+00:00,8282.477082768717
1731211200000,2024-11-10 04:00:00+00:00,8297.460857469388
1731214800000,2024-11-10 05:00:00+00:00,8297.460857469388
1731218400000,2024-11-10 06:00:00+00:00,8297.460857469388
1731222000000,2024-11-10 07:00:00+00:00,8297.460857469388
1731225600000,2024-11-10 08:00:00+00:00,8297.460857469388
1731229200000,2024-11-10 09:00:00+00:00,8297.460857469388
1731232800000,2024-11-10 10:00:00+00:00,8297.460857469388
1731236400000,2024-11-10 11:00:00+00:00,8297.460857469388
1731240000000,2024-11-10 12:00:00+00:00,8297.460857469388
1731243600000,2024-11-10 13:00:00+00:00,8297.460857469388
1731247200000,2024-11-10 14:00:00+00:00,8307.087414605463
1731250800000,2024-11-10 15:00:00+00:00,8307.087414605463
1731254400000,2024-11-10 16:00:00+00:00,8307.087414605463
1731258000000,2024-11-10 17:00:00+00:00,8307.087414605463
1731261600000,2024-11-10 18:00:00+00:00,8307.087414605463
1731265200000,2024-11-10 19:00:00+00:00,8313.251409299612
1731268800000,2024-11-10 20:00:00+00:00,8313.251409299612
1731272400000,2024-11-10 21:00:00+00:00,8327.132650345702
1731276000000,2024-11-10 22:00:00+00:00,8327.132650345702
1731279600000,2024-11-10 23:00:00+00:00,8327.132650345702
1731283200000,2024-11-11 00:00:00+00:00,8327.132650345702
1731286800000,2024-11-11 01:00:00+00:00,8341.086773729756
1731290400000,2024-11-11 02:00:00+00:00,8341.086773729756
1731294000000,2024-11-11 03:00:00+00:00,8341.086773729756
1731297600000,2024-11-11 04:00:00+00:00,8341.086773729756
1731301200000,2024-11-11 05:00:00+00:00,8341.086773729756
1731304800000,2024-11-11 06:00:00+00:00,8341.086773729756
1731308400000,2024-11-11 07:00:00+00:00,8341.086773729756
1731312000000,2024-11-11 08:00:00+00:00,8341.086773729756
1731315600000,2024-11-11 09:00:00+00:00,8341.086773729756
1731319200000,2024-11-11 10:00:00+00:00,8341.086773729756
1731322800000,2024-11-11 11:00:00+00:00,8341.086773729756
1731326400000,2024-11-11 12:00:00+00:00,8341.086773729756
1731330000000,2024-11-11 13:00:00+00:00,8341.086773729756
1731333600000,2024-11-11 14:00:00+00:00,8341.086773729756
1731337200000,2024-11-11 15:00:00+00:00,8341.086773729756
1731340800000,2024-11-11 16:00:00+00:00,8341.086773729756
1731344400000,2024-11-11 17:00:00+00:00,8341.086773729756
1731348000000,2024-11-11 18:00:00+00:00,8341.086773729756
1731351600000,2024-11-11 19:00:00+00:00,8341.086773729756
1731355200000,2024-11-11 20:00:00+00:00,8341.086773729756
1731358800000,2024-11-11 21:00:00+00:00,8341.086773729756
1731362400000,2024-11-11 22:00:00+00:00,8415.305096872413
1731366000000,2024-11-11 23:00:00+00:00,8415.305096872413
1731369600000,2024-11-12 00:00:00+00:00,8415.305096872413
1731373200000,2024-11-12 01:00:00+00:00,8415.305096872413
1731376800000,2024-11-12 02:00:00+00:00,8415.305096872413
1731380400000,2024-11-12 03:00:00+00:00,8415.305096872413
1731384000000,2024-11-12 04:00:00+00:00,8415.305096872413
1731387600000,2024-11-12 05:00:00+00:00,8415.305096872413
1731391200000,2024-11-12 06:00:00+00:00,8415.305096872413
1731394800000,2024-11-12 07:00:00+00:00,8415.305096872413
1731398400000,2024-11-12 08:00:00+00:00,8415.305096872413
1731402000000,2024-11-12 09:00:00+00:00,8415.305096872413
1731405600000,2024-11-12 10:00:00+00:00,8356.155408643246
1731409200000,2024-11-12 11:00:00+00:00,8356.155408643246
1731412800000,2024-11-12 12:00:00+00:00,8356.155408643246
1731416400000,2024-11-12 13:00:00+00:00,8356.155408643246
1731420000000,2024-11-12 14:00:00+00:00,8356.155408643246
1731423600000,2024-11-12 15:00:00+00:00,8356.155408643246
1731427200000,2024-11-12 16:00:00+00:00,8356.155408643246
1731430800000,2024-11-12 17:00:00+00:00,8356.155408643246
1731434400000,2024-11-12 18:00:00+00:00,8356.155408643246
1731438000000,2024-11-12 19:00:00+00:00,8356.155408643246
1731441600000,2024-11-12 20:00:00+00:00,8356.155408643246
1731445200000,2024-11-12 21:00:00+00:00,8356.155408643246
1731448800000,2024-11-12 22:00:00+00:00,8356.155408643246
1731452400000,2024-11-12 23:00:00+00:00,8356.155408643246
1731456000000,2024-11-13 00:00:00+00:00,8356.155408643246
1731459600000,2024-11-13 01:00:00+00:00,8356.155408643246
1731463200000,2024-11-13 02:00:00+00:00,8356.155408643246
1731466800000,2024-11-13 03:00:00+00:00,8356.155408643246
1731470400000,2024-11-13 04:00:00+00:00,8356.155408643246
1731474000000,2024-11-13 05:00:00+00:00,8356.155408643246
1731477600000,2024-11-13 06:00:00+00:00,8356.155408643246
1731481200000,2024-11-13 07:00:00+00:00,8356.155408643246
1731484800000,2024-11-13 08:00:00+00:00,8356.155408643246
1731488400000,2024-11-13 09:00:00+00:00,8356.155408643246
1731492000000,2024-11-13 10:00:00+00:00,8356.155408643246
1731495600000,2024-11-13 11:00:00+00:00,8356.155408643246
1731499200000,2024-11-13 12:00:00+00:00,8356.155408643246
1731502800000,2024-11-13 13:00:00+00:00,8356.155408643246
1731506400000,2024-11-13 14:00:00+00:00,8356.155408643246
1731510000000,2024-11-13 15:00:00+00:00,8356.155408643246
1731513600000,2024-11-13 16:00:00+00:00,8381.510067692554
1731517200000,2024-11-13 17:00:00+00:00,8381.510067692554
1731520800000,2024-11-13 18:00:00+00:00,8381.510067692554
1731524400000,2024-11-13 19:00:00+00:00,8381.510067692554
1731528000000,2024-11-13 20:00:00+00:00,8383.912331225776
1731531600000,2024-11-13 21:00:00+00:00,8383.912331225776
1731535200000,2024-11-13 22:00:00+00:00,8383.912331225776
1731538800000,2024-11-13 23:00:00+00:00,8383.912331225776
1731542400000,2024-11-14 00:00:00+00:00,8383.912331225776
1731546000000,2024-11-14 01:00:00+00:00,8383.912331225776
1731549600000,2024-11-14 02:00:00+00:00,8383.912331225776
1731553200000,2024-11-14 03:00:00+00:00,8383.912331225776
1731556800000,2024-11-14 04:00:00+00:00,8383.912331225776
1731560400000,2024-11-14 05:00:00+00:00,8383.912331225776
1731564000000,2024-11-14 06:00:00+00:00,8383.912331225776
1731567600000,2024-11-14 07:00:00+00:00,8383.912331225776
1731571200000,2024-11-14 08:00:00+00:00,8383.912331225776
1731574800000,2024-11-14 09:00:00+00:00,8383.912331225776
1731578400000,2024-11-14 10:00:00+00:00,8383.912331225776
1731582000000,2024-11-14 11:00:00+00:00,8383.912331225776
1731585600000,2024-11-14 12:00:00+00:00,8383.912331225776
1731589200000,2024-11-14 13:00:00+00:00,8383.912331225776
1731592800000,2024-11-14 14:00:00+00:00,8383.912331225776
1731596400000,2024-11-14 15:00:00+00:00,8383.912331225776
1731600000000,2024-11-14 16:00:00+00:00,8383.912331225776
1731603600000,2024-11-14 17:00:00+00:00,8393.961684556292
1731607200000,2024-11-14 18:00:00+00:00,8393.961684556292
1731610800000,2024-11-14 19:00:00+00:00,8393.961684556292
1731614400000,2024-11-14 20:00:00+00:00,8393.961684556292
1731618000000,2024-11-14 21:00:00+00:00,8393.961684556292
1731621600000,2024-11-14 22:00:00+00:00,8393.961684556292
1731625200000,2024-11-14 23:00:00+00:00,8409.311658578546
1731628800000,2024-11-15 00:00:00+00:00,8409.311658578546
1731632400000,2024-11-15 01:00:00+00:00,8409.311658578546
1731636000000,2024-11-15 02:00:00+00:00,8409.311658578546
1731639600000,2024-11-15 03:00:00+00:00,8409.311658578546
1731643200000,2024-11-15 04:00:00+00:00,8409.311658578546
1731646800000,2024-11-15 05:00:00+00:00,8409.311658578546
1731650400000,2024-11-15 06:00:00+00:00,8409.311658578546
1731654000000,2024-11-15 07:00:00+00:00,8409.311658578546
1731657600000,2024-11-15 08:00:00+00:00,8409.311658578546
1731661200000,2024-11-15 09:00:00+00:00,8409.311658578546
1731664800000,2024-11-15 10:00:00+00:00,8409.311658578546
1731668400000,2024-11-15 11:00:00+00:00,8409.311658578546
1731672000000,2024-11-15 12:00:00+00:00,8409.311658578546
1731675600000,2024-11-15 13:00:00+00:00,8419.461313757101
1731679200000,2024-11-15 14:00:00+00:00,8419.461313757101
1731682800000,2024-11-15 15:00:00+00:00,8419.461313757101
1731686400000,2024-11-15 16:00:00+00:00,8419.461313757101
1731690000000,2024-11-15 17:00:00+00:00,8419.461313757101
1731693600000,2024-11-15 18:00:00+00:00,8419.461313757101
1731697200000,2024-11-15 19:00:00+00:00,8419.461313757101
1731700800000,2024-11-15 20:00:00+00:00,8419.461313757101
1731704400000,2024-11-15 21:00:00+00:00,8419.461313757101
1731708000000,2024-11-15 22:00:00+00:00,8419.461313757101
1731711600000,2024-11-15 23:00:00+00:00,8419.461313757101
1731715200000,2024-11-16 00:00:00+00:00,8419.461313757101
1731718800000,2024-11-16 01:00:00+00:00,8419.461313757101
1731722400000,2024-11-16 02:00:00+00:00,8419.461313757101
1731726000000,2024-11-16 03:00:00+00:00,8419.461313757101
1731729600000,2024-11-16 04:00:00+00:00,8419.461313757101
1731733200000,2024-11-16 05:00:00+00:00,8419.461313757101
1731736800000,2024-11-16 06:00:00+00:00,8419.461313757101
1731740400000,2024-11-16 07:00:00+00:00,8419.461313757101
1731744000000,2024-11-16 08:00:00+00:00,8419.461313757101
1731747600000,2024-11-16 09:00:00+00:00,8419.461313757101
1731751200000,2024-11-16 10:00:00+00:00,8419.461313757101
1731754800000,2024-11-16 11:00:00+00:00,8419.461313757101
1731758400000,2024-11-16 12:00:00+00:00,8419.461313757101
1731762000000,2024-11-16 13:00:00+00:00,8419.461313757101
1731765600000,2024-11-16 14:00:00+00:00,8419.461313757101
1731769200000,2024-11-16 15:00:00+00:00,8465.307038617193
1731772800000,2024-11-16 16:00:00+00:00,8465.307038617193
1731776400000,2024-11-16 17:00:00+00:00,8465.307038617193
1731780000000,2024-11-16 18:00:00+00:00,8465.307038617193
1731783600000,2024-11-16 19:00:00+00:00,8465.307038617193
1731787200000,2024-11-16 20:00:00+00:00,8465.307038617193
1731790800000,2024-11-16 21:00:00+00:00,8465.307038617193
1731794400000,2024-11-16 22:00:00+00:00,8465.307038617193
1731798000000,2024-11-16 23:00:00+00:00,8465.307038617193
1731801600000,2024-11-17 00:00:00+00:00,8465.307038617193
1731805200000,2024-11-17 01:00:00+00:00,8465.307038617193
1731808800000,2024-11-17 02:00:00+00:00,8465.307038617193
1731812400000,2024-11-17 03:00:00+00:00,8465.307038617193
1731816000000,2024-11-17 04:00:00+00:00,8465.307038617193
1731819600000,2024-11-17 05:00:00+00:00,8465.307038617193
1731823200000,2024-11-17 06:00:00+00:00,8465.307038617193
1731826800000,2024-11-17 07:00:00+00:00,8465.307038617193
1731830400000,2024-11-17 08:00:00+00:00,8465.307038617193
1731834000000,2024-11-17 09:00:00+00:00,8465.307038617193
1731837600000,2024-11-17 10:00:00+00:00,8465.307038617193
1731841200000,2024-11-17 11:00:00+00:00,8465.307038617193
1731844800000,2024-11-17 12:00:00+00:00,8465.307038617193
1731848400000,2024-11-17 13:00:00+00:00,8465.307038617193
1731852000000,2024-11-17 14:00:00+00:00,8465.307038617193
1731855600000,2024-11-17 15:00:00+00:00,8465.307038617193
1731859200000,2024-11-17 16:00:00+00:00,8465.307038617193
1731862800000,2024-11-17 17:00:00+00:00,8465.307038617193
1731866400000,2024-11-17 18:00:00+00:00,8465.307038617193
1731870000000,2024-11-17 19:00:00+00:00,8465.307038617193
1731873600000,2024-11-17 20:00:00+00:00,8465.307038617193
1731877200000,2024-11-17 21:00:00+00:00,8465.307038617193
1731880800000,2024-11-17 22:00:00+00:00,8465.307038617193
1731884400000,2024-11-17 23:00:00+00:00,8465.307038617193
1731888000000,2024-11-18 00:00:00+00:00,8465.307038617193
1731891600000,2024-11-18 01:00:00+00:00,8465.307038617193
1731895200000,2024-11-18 02:00:00+00:00,8465.307038617193
1731898800000,2024-11-18 03:00:00+00:00,8465.307038617193
1731902400000,2024-11-18 04:00:00+00:00,8465.307038617193
1731906000000,2024-11-18 05:00:00+00:00,8465.307038617193
1731909600000,2024-11-18 06:00:00+00:00,8465.307038617193
1731913200000,2024-11-18 07:00:00+00:00,8465.307038617193
1731916800000,2024-11-18 08:00:00+00:00,8465.307038617193
1731920400000,2024-11-18 09:00:00+00:00,8465.307038617193
1731924000000,2024-11-18 10:00:00+00:00,8465.307038617193
1731927600000,2024-11-18 11:00:00+00:00,8465.307038617193
1731931200000,2024-11-18 12:00:00+00:00,8465.307038617193
1731934800000,2024-11-18 13:00:00+00:00,8465.307038617193
1731938400000,2024-11-18 14:00:00+00:00,8465.307038617193
1731942000000,2024-11-18 15:00:00+00:00,8465.307038617193
1731945600000,2024-11-18 16:00:00+00:00,8465.307038617193
1731949200000,2024-11-18 17:00:00+00:00,8465.307038617193
1731952800000,2024-11-18 18:00:00+00:00,8465.307038617193
1731956400000,2024-11-18 19:00:00+00:00,8465.307038617193
1731960000000,2024-11-18 20:00:00+00:00,8465.307038617193
1731963600000,2024-11-18 21:00:00+00:00,8465.307038617193
1731967200000,2024-11-18 22:00:00+00:00,8465.307038617193
1731970800000,2024-11-18 23:00:00+00:00,8465.307038617193
1731974400000,2024-11-19 00:00:00+00:00,8465.307038617193
1731978000000,2024-11-19 01:00:00+00:00,8465.307038617193
1731981600000,2024-11-19 02:00:00+00:00,8465.307038617193
1731985200000,2024-11-19 03:00:00+00:00,8465.307038617193
1731988800000,2024-11-19 04:00:00+00:00,8465.307038617193
1731992400000,2024-11-19 05:00:00+00:00,8465.307038617193
1731996000000,2024-11-19 06:00:00+00:00,8465.307038617193
1731999600000,2024-11-19 07:00:00+00:00,8465.307038617193
1732003200000,2024-11-19 08:00:00+00:00,8465.307038617193
1732006800000,2024-11-19 09:00:00+00:00,8465.307038617193
1732010400000,2024-11-19 10:00:00+00:00,8465.307038617193
1732014000000,2024-11-19 11:00:00+00:00,8465.307038617193
1732017600000,2024-11-19 12:00:00+00:00,8465.307038617193
1732021200000,2024-11-19 13:00:00+00:00,8465.307038617193
1732024800000,2024-11-19 14:00:00+00:00,8465.307038617193
1732028400000,2024-11-19 15:00:00+00:00,8465.307038617193
1732032000000,2024-11-19 16:00:00+00:00,8465.307038617193
1732035600000,2024-11-19 17:00:00+00:00,8465.307038617193
1732039200000,2024-11-19 18:00:00+00:00,8480.940305963113
1732042800000,2024-11-19 19:00:00+00:00,8480.940305963113
1732046400000,2024-11-19 20:00:00+00:00,8480.940305963113
1732050000000,2024-11-19 21:00:00+00:00,8480.940305963113
1732053600000,2024-11-19 22:00:00+00:00,8480.940305963113
1732057200000,2024-11-19 23:00:00+00:00,8480.940305963113
1732060800000,2024-11-20 00:00:00+00:00,8480.940305963113
1732064400000,2024-11-20 01:00:00+00:00,8480.940305963113
1732068000000,2024-11-20 02:00:00+00:00,8480.940305963113
1732071600000,2024-11-20 03:00:00+00:00,8480.940305963113
1732075200000,2024-11-20 04:00:00+00:00,8480.940305963113
1732078800000,2024-11-20 05:00:00+00:00,8480.940305963113
1732082400000,2024-11-20 06:00:00+00:00,8480.940305963113
1732086000000,2024-11-20 07:00:00+00:00,8480.940305963113
1732089600000,2024-11-20 08:00:00+00:00,8480.940305963113
1732093200000,2024-11-20 09:00:00+00:00,8480.940305963113
1732096800000,2024-11-20 10:00:00+00:00,8480.940305963113
1732100400000,2024-11-20 11:00:00+00:00,8480.940305963113
1732104000000,2024-11-20 12:00:00+00:00,8480.940305963113
1732107600000,2024-11-20 13:00:00+00:00,8480.940305963113
1732111200000,2024-11-20 14:00:00+00:00,8480.940305963113
1732114800000,2024-11-20 15:00:00+00:00,8480.940305963113
1732118400000,2024-11-20 16:00:00+00:00,8480.940305963113
1732122000000,2024-11-20 17:00:00+00:00,8480.940305963113
1732125600000,2024-11-20 18:00:00+00:00,8480.940305963113
1732129200000,2024-11-20 19:00:00+00:00,8480.940305963113
1732132800000,2024-11-20 20:00:00+00:00,8480.940305963113
1732136400000,2024-11-20 21:00:00+00:00,8480.940305963113
1732140000000,2024-11-20 22:00:00+00:00,8480.940305963113
1732143600000,2024-11-20 23:00:00+00:00,8480.940305963113
1732147200000,2024-11-21 00:00:00+00:00,8480.940305963113
1732150800000,2024-11-21 01:00:00+00:00,8480.940305963113
1732154400000,2024-11-21 02:00:00+00:00,8480.940305963113
1732158000000,2024-11-21 03:00:00+00:00,8480.940305963113
1732161600000,2024-11-21 04:00:00+00:00,8480.940305963113
1732165200000,2024-11-21 05:00:00+00:00,8480.940305963113
1732168800000,2024-11-21 06:00:00+00:00,8480.940305963113
1732172400000,2024-11-21 07:00:00+00:00,8480.940305963113
1732176000000,2024-11-21 08:00:00+00:00,8480.940305963113
1732179600000,2024-11-21 09:00:00+00:00,8480.940305963113
1732183200000,2024-11-21 10:00:00+00:00,8480.940305963113
1732186800000,2024-11-21 11:00:00+00:00,8480.940305963113
1732190400000,2024-11-21 12:00:00+00:00,8490.842674725709
1732194000000,2024-11-21 13:00:00+00:00,8490.842674725709
1732197600000,2024-11-21 14:00:00+00:00,8490.842674725709
1732201200000,2024-11-21 15:00:00+00:00,8490.842674725709
1732204800000,2024-11-21 16:00:00+00:00,8490.842674725709
1732208400000,2024-11-21 17:00:00+00:00,8490.842674725709
1732212000000,2024-11-21 18:00:00+00:00,8501.043608387461
1732215600000,2024-11-21 19:00:00+00:00,8501.043608387461
1732219200000,2024-11-21 20:00:00+00:00,8501.043608387461
1732222800000,2024-11-21 21:00:00+00:00,8501.043608387461
1732226400000,2024-11-21 22:00:00+00:00,8501.043608387461
1732230000000,2024-11-21 23:00:00+00:00,8501.043608387461
1732233600000,2024-11-22 00:00:00+00:00,8501.043608387461
1732237200000,2024-11-22 01:00:00+00:00,8501.043608387461
1732240800000,2024-11-22 02:00:00+00:00,8501.043608387461
1732244400000,2024-11-22 03:00:00+00:00,8501.043608387461
1732248000000,2024-11-22 04:00:00+00:00,8501.043608387461
1732251600000,2024-11-22 05:00:00+00:00,8501.043608387461
1732255200000,2024-11-22 06:00:00+00:00,8501.043608387461
1732258800000,2024-11-22 07:00:00+00:00,8501.043608387461
1732262400000,2024-11-22 08:00:00+00:00,8501.043608387461
1732266000000,2024-11-22 09:00:00+00:00,8501.043608387461
1732269600000,2024-11-22 10:00:00+00:00,8501.043608387461
1732273200000,2024-11-22 11:00:00+00:00,8501.043608387461
1732276800000,2024-11-22 12:00:00+00:00,8501.043608387461
1732280400000,2024-11-22 13:00:00+00:00,8550.14146648265
1732284000000,2024-11-22 14:00:00+00:00,8550.14146648265
1732287600000,2024-11-22 15:00:00+00:00,8550.14146648265
1732291200000,2024-11-22 16:00:00+00:00,8550.14146648265
1732294800000,2024-11-22 17:00:00+00:00,8550.14146648265
1732298400000,2024-11-22 18:00:00+00:00,8550.14146648265
1732302000000,2024-11-22 19:00:00+00:00,8550.14146648265
1732305600000,2024-11-22 20:00:00+00:00,8550.14146648265
1732309200000,2024-11-22 21:00:00+00:00,8550.14146648265
1732312800000,2024-11-22 22:00:00+00:00,8550.14146648265
1732316400000,2024-11-22 23:00:00+00:00,8550.14146648265
1732320000000,2024-11-23 00:00:00+00:00,8550.14146648265
1732323600000,2024-11-23 01:00:00+00:00,8550.14146648265
1732327200000,2024-11-23 02:00:00+00:00,8550.14146648265
1732330800000,2024-11-23 03:00:00+00:00,8550.14146648265
1732334400000,2024-11-23 04:00:00+00:00,8550.14146648265
1732338000000,2024-11-23 05:00:00+00:00,8550.14146648265
1732341600000,2024-11-23 06:00:00+00:00,8550.14146648265
1732345200000,2024-11-23 07:00:00+00:00,8550.14146648265
1732348800000,2024-11-23 08:00:00+00:00,8550.14146648265
1732352400000,2024-11-23 09:00:00+00:00,8550.14146648265
1732356000000,2024-11-23 10:00:00+00:00,8550.14146648265
1732359600000,2024-11-23 11:00:00+00:00,8550.14146648265
1732363200000,2024-11-23 12:00:00+00:00,8550.14146648265
1732366800000,2024-11-23 13:00:00+00:00,8550.14146648265
1732370400000,2024-11-23 14:00:00+00:00,8550.14146648265
1732374000000,2024-11-23 15:00:00+00:00,8550.14146648265
1732377600000,2024-11-23 16:00:00+00:00,8550.14146648265
1732381200000,2024-11-23 17:00:00+00:00,8550.14146648265
1732384800000,2024-11-23 18:00:00+00:00,8550.14146648265
1732388400000,2024-11-23 19:00:00+00:00,8550.14146648265
1732392000000,2024-11-23 20:00:00+00:00,8550.14146648265
1732395600000,2024-11-23 21:00:00+00:00,8550.14146648265
1732399200000,2024-11-23 22:00:00+00:00,8550.14146648265
1732402800000,2024-11-23 23:00:00+00:00,8550.14146648265
1732406400000,2024-11-24 00:00:00+00:00,8550.14146648265
1732410000000,2024-11-24 01:00:00+00:00,8550.14146648265
1732413600000,2024-11-24 02:00:00+00:00,8550.14146648265
1732417200000,2024-11-24 03:00:00+00:00,8550.14146648265
1732420800000,2024-11-24 04:00:00+00:00,8550.14146648265
1732424400000,2024-11-24 05:00:00+00:00,8550.14146648265
1732428000000,2024-11-24 06:00:00+00:00,8550.14146648265
1732431600000,2024-11-24 07:00:00+00:00,8550.14146648265
1732435200000,2024-11-24 08:00:00+00:00,8550.14146648265
1732438800000,2024-11-24 09:00:00+00:00,8550.14146648265
1732442400000,2024-11-24 10:00:00+00:00,8550.14146648265
1732446000000,2024-11-24 11:00:00+00:00,8550.14146648265
1732449600000,2024-11-24 12:00:00+00:00,8550.14146648265
1732453200000,2024-11-24 13:00:00+00:00,8550.14146648265
1732456800000,2024-11-24 14:00:00+00:00,8550.14146648265
1732460400000,2024-11-24 15:00:00+00:00,8550.14146648265
1732464000000,2024-11-24 16:00:00+00:00,8550.14146648265
1732467600000,2024-11-24 17:00:00+00:00,8550.14146648265
1732471200000,2024-11-24 18:00:00+00:00,8550.14146648265
1732474800000,2024-11-24 19:00:00+00:00,8550.14146648265
1732478400000,2024-11-24 20:00:00+00:00,8550.14146648265
1732482000000,2024-11-24 21:00:00+00:00,8550.14146648265
1732485600000,2024-11-24 22:00:00+00:00,8550.14146648265
1732489200000,2024-11-24 23:00:00+00:00,8550.14146648265
1732492800000,2024-11-25 00:00:00+00:00,8550.14146648265
1732496400000,2024-11-25 01:00:00+00:00,8550.14146648265
1732500000000,2024-11-25 02:00:00+00:00,8550.14146648265
1732503600000,2024-11-25 03:00:00+00:00,8550.14146648265
1732507200000,2024-11-25 04:00:00+00:00,8550.14146648265
1732510800000,2024-11-25 05:00:00+00:00,8550.14146648265
1732514400000,2024-11-25 06:00:00+00:00,8550.14146648265
1732518000000,2024-11-25 07:00:00+00:00,8550.14146648265
1732521600000,2024-11-25 08:00:00+00:00,8560.49921842414
1732525200000,2024-11-25 09:00:00+00:00,8560.49921842414
1732528800000,2024-11-25 10:00:00+00:00,8560.49921842414
1732532400000,2024-11-25 11:00:00+00:00,8560.49921842414
1732536000000,2024-11-25 12:00:00+00:00,8560.49921842414
1732539600000,2024-11-25 13:00:00+00:00,8560.49921842414
1732543200000,2024-11-25 14:00:00+00:00,8587.63340322861
1732546800000,2024-11-25 15:00:00+00:00,8587.63340322861
1732550400000,2024-11-25 16:00:00+00:00,8587.63340322861
1732554000000,2024-11-25 17:00:00+00:00,8587.63340322861
1732557600000,2024-11-25 18:00:00+00:00,8587.63340322861
1732561200000,2024-11-25 19:00:00+00:00,8587.63340322861
1732564800000,2024-11-25 20:00:00+00:00,8587.63340322861
1732568400000,2024-11-25 21:00:00+00:00,8587.63340322861
1732572000000,2024-11-25 22:00:00+00:00,8587.63340322861
1732575600000,2024-11-25 23:00:00+00:00,8587.63340322861
1732579200000,2024-11-26 00:00:00+00:00,8587.63340322861
1732582800000,2024-11-26 01:00:00+00:00,8587.63340322861
1732586400000,2024-11-26 02:00:00+00:00,8587.63340322861
1732590000000,2024-11-26 03:00:00+00:00,8587.63340322861
1732593600000,2024-11-26 04:00:00+00:00,8587.63340322861
1732597200000,2024-11-26 05:00:00+00:00,8587.63340322861
1732600800000,2024-11-26 06:00:00+00:00,8587.63340322861
1732604400000,2024-11-26 07:00:00+00:00,8587.63340322861
1732608000000,2024-11-26 08:00:00+00:00,8587.63340322861
1732611600000,2024-11-26 09:00:00+00:00,8587.63340322861
1732615200000,2024-11-26 10:00:00+00:00,8550.626987318345
1732618800000,2024-11-26 11:00:00+00:00,8527.7877089169
1732622400000,2024-11-26 12:00:00+00:00,8527.7877089169
1732626000000,2024-11-26 13:00:00+00:00,8527.7877089169
1732629600000,2024-11-26 14:00:00+00:00,8527.7877089169
1732633200000,2024-11-26 15:00:00+00:00,8527.7877089169
1732636800000,2024-11-26 16:00:00+00:00,8527.7877089169
1732640400000,2024-11-26 17:00:00+00:00,8527.7877089169
1732644000000,2024-11-26 18:00:00+00:00,8527.7877089169
1732647600000,2024-11-26 19:00:00+00:00,8527.7877089169
1732651200000,2024-11-26 20:00:00+00:00,8490.233160602222
1732654800000,2024-11-26 21:00:00+00:00,8490.233160602222
1732658400000,2024-11-26 22:00:00+00:00,8490.233160602222
1732662000000,2024-11-26 23:00:00+00:00,8490.233160602222
1732665600000,2024-11-27 00:00:00+00:00,8490.233160602222
1732669200000,2024-11-27 01:00:00+00:00,8490.233160602222
1732672800000,2024-11-27 02:00:00+00:00,8490.233160602222
1732676400000,2024-11-27 03:00:00+00:00,8490.233160602222
1732680000000,2024-11-27 04:00:00+00:00,8490.233160602222
1732683600000,2024-11-27 05:00:00+00:00,8490.233160602222
1732687200000,2024-11-27 06:00:00+00:00,8490.233160602222
1732690800000,2024-11-27 07:00:00+00:00,8490.233160602222
1732694400000,2024-11-27 08:00:00+00:00,8490.233160602222
1732698000000,2024-11-27 09:00:00+00:00,8490.233160602222
1732701600000,2024-11-27 10:00:00+00:00,8490.233160602222
1732705200000,2024-11-27 11:00:00+00:00,8490.233160602222
1732708800000,2024-11-27 12:00:00+00:00,8490.233160602222
1732712400000,2024-11-27 13:00:00+00:00,8490.233160602222
1732716000000,2024-11-27 14:00:00+00:00,8490.233160602222
1732719600000,2024-11-27 15:00:00+00:00,8505.92964662632
1732723200000,2024-11-27 16:00:00+00:00,8505.92964662632
1732726800000,2024-11-27 17:00:00+00:00,8505.92964662632
1732730400000,2024-11-27 18:00:00+00:00,8505.92964662632
1732734000000,2024-11-27 19:00:00+00:00,8505.92964662632
1732737600000,2024-11-27 20:00:00+00:00,8505.92964662632
1732741200000,2024-11-27 21:00:00+00:00,8505.92964662632
1732744800000,2024-11-27 22:00:00+00:00,8505.92964662632
1732748400000,2024-11-27 23:00:00+00:00,8505.92964662632
1732752000000,2024-11-28 00:00:00+00:00,8505.92964662632
1732755600000,2024-11-28 01:00:00+00:00,8505.92964662632
1732759200000,2024-11-28 02:00:00+00:00,8505.92964662632
1732762800000,2024-11-28 03:00:00+00:00,8505.92964662632
1732766400000,2024-11-28 04:00:00+00:00,8505.92964662632
1732770000000,2024-11-28 05:00:00+00:00,8505.92964662632
1732773600000,2024-11-28 06:00:00+00:00,8505.92964662632
1732777200000,2024-11-28 07:00:00+00:00,8505.92964662632
1732780800000,2024-11-28 08:00:00+00:00,8505.92964662632
1732784400000,2024-11-28 09:00:00+00:00,8505.92964662632
1732788000000,2024-11-28 10:00:00+00:00,8505.92964662632
1732791600000,2024-11-28 11:00:00+00:00,8505.92964662632
1732795200000,2024-11-28 12:00:00+00:00,8505.92964662632
1732798800000,2024-11-28 13:00:00+00:00,8505.92964662632
1732802400000,2024-11-28 14:00:00+00:00,8505.92964662632
1732806000000,2024-11-28 15:00:00+00:00,8522.057431573718
1732809600000,2024-11-28 16:00:00+00:00,8522.057431573718
1732813200000,2024-11-28 17:00:00+00:00,8522.057431573718
1732816800000,2024-11-28 18:00:00+00:00,8522.057431573718
1732820400000,2024-11-28 19:00:00+00:00,8522.057431573718
1732824000000,2024-11-28 20:00:00+00:00,8522.057431573718
1732827600000,2024-11-28 21:00:00+00:00,8522.057431573718
1732831200000,2024-11-28 22:00:00+00:00,8522.057431573718
1732834800000,2024-11-28 23:00:00+00:00,8532.383823380305
1732838400000,2024-11-29 00:00:00+00:00,8532.383823380305
1732842000000,2024-11-29 01:00:00+00:00,8532.383823380305
1732845600000,2024-11-29 02:00:00+00:00,8532.383823380305
1732849200000,2024-11-29 03:00:00+00:00,8532.383823380305
1732852800000,2024-11-29 04:00:00+00:00,8532.383823380305
1732856400000,2024-11-29 05:00:00+00:00,8532.383823380305
1732860000000,2024-11-29 06:00:00+00:00,8532.383823380305
1732863600000,2024-11-29 07:00:00+00:00,8532.383823380305
1732867200000,2024-11-29 08:00:00+00:00,8532.383823380305
1732870800000,2024-11-29 09:00:00+00:00,8532.383823380305
1732874400000,2024-11-29 10:00:00+00:00,8532.383823380305
1732878000000,2024-11-29 11:00:00+00:00,8532.383823380305
1732881600000,2024-11-29 12:00:00+00:00,8532.383823380305
1732885200000,2024-11-29 13:00:00+00:00,8532.383823380305
1732888800000,2024-11-29 14:00:00+00:00,8532.383823380305
1732892400000,2024-11-29 15:00:00+00:00,8532.383823380305
1732896000000,2024-11-29 16:00:00+00:00,8532.383823380305
1732899600000,2024-11-29 17:00:00+00:00,8532.383823380305
1732903200000,2024-11-29 18:00:00+00:00,8532.383823380305
1732906800000,2024-11-29 19:00:00+00:00,8532.383823380305
1732910400000,2024-11-29 20:00:00+00:00,8532.383823380305
1732914000000,2024-11-29 21:00:00+00:00,8532.383823380305
1732917600000,2024-11-29 22:00:00+00:00,8532.383823380305
1732921200000,2024-11-29 23:00:00+00:00,8532.383823380305
1732924800000,2024-11-30 00:00:00+00:00,8532.383823380305
1732928400000,2024-11-30 01:00:00+00:00,8532.383823380305
1732932000000,2024-11-30 02:00:00+00:00,8532.383823380305
1732935600000,2024-11-30 03:00:00+00:00,8532.383823380305
1732939200000,2024-11-30 04:00:00+00:00,8532.383823380305
1732942800000,2024-11-30 05:00:00+00:00,8532.383823380305
1732946400000,2024-11-30 06:00:00+00:00,8532.383823380305
1732950000000,2024-11-30 07:00:00+00:00,8532.383823380305
1732953600000,2024-11-30 08:00:00+00:00,8532.383823380305
1732957200000,2024-11-30 09:00:00+00:00,8532.383823380305
1732960800000,2024-11-30 10:00:00+00:00,8532.383823380305
1732964400000,2024-11-30 11:00:00+00:00,8532.383823380305
1732968000000,2024-11-30 12:00:00+00:00,8532.383823380305
1732971600000,2024-11-30 13:00:00+00:00,8532.383823380305
1732975200000,2024-11-30 14:00:00+00:00,8532.383823380305
1732978800000,2024-11-30 15:00:00+00:00,8532.383823380305
1732982400000,2024-11-30 16:00:00+00:00,8532.383823380305
1732986000000,2024-11-30 17:00:00+00:00,8532.383823380305
1732989600000,2024-11-30 18:00:00+00:00,8532.383823380305
1732993200000,2024-11-30 19:00:00+00:00,8532.383823380305
1732996800000,2024-11-30 20:00:00+00:00,8532.383823380305
1733000400000,2024-11-30 21:00:00+00:00,8547.80123530396
1733004000000,2024-11-30 22:00:00+00:00,8547.80123530396
1733007600000,2024-11-30 23:00:00+00:00,8547.80123530396
1733011200000,2024-12-01 00:00:00+00:00,8547.80123530396
1733014800000,2024-12-01 01:00:00+00:00,8547.80123530396
1733018400000,2024-12-01 02:00:00+00:00,8547.80123530396
1733022000000,2024-12-01 03:00:00+00:00,8547.80123530396
1733025600000,2024-12-01 04:00:00+00:00,8547.80123530396
1733029200000,2024-12-01 05:00:00+00:00,8547.80123530396
1733032800000,2024-12-01 06:00:00+00:00,8547.80123530396
1733036400000,2024-12-01 07:00:00+00:00,8547.80123530396
1733040000000,2024-12-01 08:00:00+00:00,8547.80123530396
1733043600000,2024-12-01 09:00:00+00:00,8547.80123530396
1733047200000,2024-12-01 10:00:00+00:00,8547.80123530396
1733050800000,2024-12-01 11:00:00+00:00,8547.80123530396
1733054400000,2024-12-01 12:00:00+00:00,8547.80123530396
1733058000000,2024-12-01 13:00:00+00:00,8547.80123530396
1733061600000,2024-12-01 14:00:00+00:00,8547.80123530396
1733065200000,2024-12-01 15:00:00+00:00,8547.80123530396
1733068800000,2024-12-01 16:00:00+00:00,8547.80123530396
1733072400000,2024-12-01 17:00:00+00:00,8547.80123530396
1733076000000,2024-12-01 18:00:00+00:00,8547.80123530396
1733079600000,2024-12-01 19:00:00+00:00,8547.80123530396
1733083200000,2024-12-01 20:00:00+00:00,8547.80123530396
1733086800000,2024-12-01 21:00:00+00:00,8547.80123530396
1733090400000,2024-12-01 22:00:00+00:00,8547.80123530396
1733094000000,2024-12-01 23:00:00+00:00,8547.80123530396
1733097600000,2024-12-02 00:00:00+00:00,8547.80123530396
1733101200000,2024-12-02 01:00:00+00:00,8547.80123530396
1733104800000,2024-12-02 02:00:00+00:00,8620.438349370948
1733108400000,2024-12-02 03:00:00+00:00,8620.438349370948
1733112000000,2024-12-02 04:00:00+00:00,8597.953202365938
1733115600000,2024-12-02 05:00:00+00:00,8597.953202365938
1733119200000,2024-12-02 06:00:00+00:00,8597.953202365938
1733122800000,2024-12-02 07:00:00+00:00,8597.953202365938
1733126400000,2024-12-02 08:00:00+00:00,8600.96318956289
1733130000000,2024-12-02 09:00:00+00:00,8600.96318956289
1733133600000,2024-12-02 10:00:00+00:00,8600.96318956289
1733137200000,2024-12-02 11:00:00+00:00,8600.96318956289
1733140800000,2024-12-02 12:00:00+00:00,8600.96318956289
1733144400000,2024-12-02 13:00:00+00:00,8600.96318956289
1733148000000,2024-12-02 14:00:00+00:00,8600.96318956289
1733151600000,2024-12-02 15:00:00+00:00,8600.96318956289
1733155200000,2024-12-02 16:00:00+00:00,8600.96318956289
1733158800000,2024-12-02 17:00:00+00:00,8600.96318956289
1733162400000,2024-12-02 18:00:00+00:00,8600.96318956289
1733166000000,2024-12-02 19:00:00+00:00,8600.96318956289
1733169600000,2024-12-02 20:00:00+00:00,8600.96318956289
1733173200000,2024-12-02 21:00:00+00:00,8600.96318956289
1733176800000,2024-12-02 22:00:00+00:00,8600.96318956289
1733180400000,2024-12-02 23:00:00+00:00,8600.96318956289
1733184000000,2024-12-03 00:00:00+00:00,8600.96318956289
1733187600000,2024-12-03 01:00:00+00:00,8600.96318956289
1733191200000,2024-12-03 02:00:00+00:00,8600.96318956289
1733194800000,2024-12-03 03:00:00+00:00,8600.96318956289
1733198400000,2024-12-03 04:00:00+00:00,8600.96318956289
1733202000000,2024-12-03 05:00:00+00:00,8600.96318956289
1733205600000,2024-12-03 06:00:00+00:00,8600.96318956289
1733209200000,2024-12-03 07:00:00+00:00,8600.96318956289
1733212800000,2024-12-03 08:00:00+00:00,8600.96318956289
1733216400000,2024-12-03 09:00:00+00:00,8600.96318956289
1733220000000,2024-12-03 10:00:00+00:00,8600.96318956289
1733223600000,2024-12-03 11:00:00+00:00,8600.96318956289
1733227200000,2024-12-03 12:00:00+00:00,8600.96318956289
1733230800000,2024-12-03 13:00:00+00:00,8555.296786049483
1733234400000,2024-12-03 14:00:00+00:00,8517.259012863904
1733238000000,2024-12-03 15:00:00+00:00,8517.259012863904
1733241600000,2024-12-03 16:00:00+00:00,8517.259012863904
1733245200000,2024-12-03 17:00:00+00:00,8517.259012863904
1733248800000,2024-12-03 18:00:00+00:00,8517.259012863904
1733252400000,2024-12-03 19:00:00+00:00,8517.259012863904
1733256000000,2024-12-03 20:00:00+00:00,8517.259012863904
1733259600000,2024-12-03 21:00:00+00:00,8517.259012863904
1733263200000,2024-12-03 22:00:00+00:00,8517.259012863904
1733266800000,2024-12-03 23:00:00+00:00,8517.259012863904
1733270400000,2024-12-04 00:00:00+00:00,8517.259012863904
1733274000000,2024-12-04 01:00:00+00:00,8517.259012863904
1733277600000,2024-12-04 02:00:00+00:00,8517.259012863904
1733281200000,2024-12-04 03:00:00+00:00,8517.259012863904
1733284800000,2024-12-04 04:00:00+00:00,8517.259012863904
1733288400000,2024-12-04 05:00:00+00:00,8517.259012863904
1733292000000,2024-12-04 06:00:00+00:00,8517.259012863904
1733295600000,2024-12-04 07:00:00+00:00,8517.259012863904
1733299200000,2024-12-04 08:00:00+00:00,8517.259012863904
1733302800000,2024-12-04 09:00:00+00:00,8517.259012863904
1733306400000,2024-12-04 10:00:00+00:00,8517.259012863904
1733310000000,2024-12-04 11:00:00+00:00,8517.259012863904
1733313600000,2024-12-04 12:00:00+00:00,8517.259012863904
1733317200000,2024-12-04 13:00:00+00:00,8517.259012863904
1733320800000,2024-12-04 14:00:00+00:00,8517.259012863904
1733324400000,2024-12-04 15:00:00+00:00,8517.259012863904
1733328000000,2024-12-04 16:00:00+00:00,8517.259012863904
1733331600000,2024-12-04 17:00:00+00:00,8517.259012863904
1733335200000,2024-12-04 18:00:00+00:00,8517.259012863904
1733338800000,2024-12-04 19:00:00+00:00,8531.618042183312
1733342400000,2024-12-04 20:00:00+00:00,8531.618042183312
1733346000000,2024-12-04 21:00:00+00:00,8531.618042183312
1733349600000,2024-12-04 22:00:00+00:00,8531.618042183312
1733353200000,2024-12-04 23:00:00+00:00,8531.618042183312
1733356800000,2024-12-05 00:00:00+00:00,8531.618042183312
1733360400000,2024-12-05 01:00:00+00:00,8531.618042183312
1733364000000,2024-12-05 02:00:00+00:00,8531.618042183312
1733367600000,2024-12-05 03:00:00+00:00,8531.618042183312
1733371200000,2024-12-05 04:00:00+00:00,8531.618042183312
1733374800000,2024-12-05 05:00:00+00:00,8592.726374080969
1733378400000,2024-12-05 06:00:00+00:00,8592.726374080969
1733382000000,2024-12-05 07:00:00+00:00,8592.726374080969
1733385600000,2024-12-05 08:00:00+00:00,8592.726374080969
1733389200000,2024-12-05 09:00:00+00:00,8592.726374080969
1733392800000,2024-12-05 10:00:00+00:00,8592.726374080969
1733396400000,2024-12-05 11:00:00+00:00,8592.726374080969
1733400000000,2024-12-05 12:00:00+00:00,8592.726374080969
1733403600000,2024-12-05 13:00:00+00:00,8592.726374080969
1733407200000,2024-12-05 14:00:00+00:00,8592.726374080969
1733410800000,2024-12-05 15:00:00+00:00,8592.726374080969
1733414400000,2024-12-05 16:00:00+00:00,8592.726374080969
1733418000000,2024-12-05 17:00:00+00:00,8592.726374080969
1733421600000,2024-12-05 18:00:00+00:00,8592.726374080969
1733425200000,2024-12-05 19:00:00+00:00,8592.726374080969
1733428800000,2024-12-05 20:00:00+00:00,8555.263836010827
1733432400000,2024-12-05 21:00:00+00:00,8555.263836010827
1733436000000,2024-12-05 22:00:00+00:00,8555.263836010827
1733439600000,2024-12-05 23:00:00+00:00,8555.263836010827
1733443200000,2024-12-06 00:00:00+00:00,8555.263836010827
1733446800000,2024-12-06 01:00:00+00:00,8555.263836010827
1733450400000,2024-12-06 02:00:00+00:00,8555.263836010827
1733454000000,2024-12-06 03:00:00+00:00,8555.263836010827
1733457600000,2024-12-06 04:00:00+00:00,8555.263836010827
1733461200000,2024-12-06 05:00:00+00:00,8555.263836010827
1733464800000,2024-12-06 06:00:00+00:00,8555.263836010827
1733468400000,2024-12-06 07:00:00+00:00,8555.263836010827
1733472000000,2024-12-06 08:00:00+00:00,8555.263836010827
1733475600000,2024-12-06 09:00:00+00:00,8555.263836010827
1733479200000,2024-12-06 10:00:00+00:00,8555.263836010827
1733482800000,2024-12-06 11:00:00+00:00,8555.263836010827
1733486400000,2024-12-06 12:00:00+00:00,8555.263836010827
1733490000000,2024-12-06 13:00:00+00:00,8555.263836010827
1733493600000,2024-12-06 14:00:00+00:00,8555.263836010827
1733497200000,2024-12-06 15:00:00+00:00,8555.263836010827
1733500800000,2024-12-06 16:00:00+00:00,8555.263836010827
1733504400000,2024-12-06 17:00:00+00:00,8570.749125687671
1733508000000,2024-12-06 18:00:00+00:00,8570.749125687671
1733511600000,2024-12-06 19:00:00+00:00,8570.749125687671
1733515200000,2024-12-06 20:00:00+00:00,8570.749125687671
1733518800000,2024-12-06 21:00:00+00:00,8570.749125687671
1733522400000,2024-12-06 22:00:00+00:00,8570.749125687671
1733526000000,2024-12-06 23:00:00+00:00,8570.749125687671
1733529600000,2024-12-07 00:00:00+00:00,8570.749125687671
1733533200000,2024-12-07 01:00:00+00:00,8570.749125687671
1733536800000,2024-12-07 02:00:00+00:00,8570.749125687671
1733540400000,2024-12-07 03:00:00+00:00,8570.749125687671
1733544000000,2024-12-07 04:00:00+00:00,8570.749125687671
1733547600000,2024-12-07 05:00:00+00:00,8570.749125687671
1733551200000,2024-12-07 06:00:00+00:00,8570.749125687671
1733554800000,2024-12-07 07:00:00+00:00,8570.749125687671
1733558400000,2024-12-07 08:00:00+00:00,8570.749125687671
1733562000000,2024-12-07 09:00:00+00:00,8570.749125687671
1733565600000,2024-12-07 10:00:00+00:00,8570.749125687671
1733569200000,2024-12-07 11:00:00+00:00,8570.749125687671
1733572800000,2024-12-07 12:00:00+00:00,8570.749125687671
1733576400000,2024-12-07 13:00:00+00:00,8570.749125687671
1733580000000,2024-12-07 14:00:00+00:00,8570.749125687671
1733583600000,2024-12-07 15:00:00+00:00,8570.749125687671
1733587200000,2024-12-07 16:00:00+00:00,8570.749125687671
1733590800000,2024-12-07 17:00:00+00:00,8570.749125687671
1733594400000,2024-12-07 18:00:00+00:00,8570.749125687671
1733598000000,2024-12-07 19:00:00+00:00,8570.749125687671
1733601600000,2024-12-07 20:00:00+00:00,8570.749125687671
1733605200000,2024-12-07 21:00:00+00:00,8570.749125687671
1733608800000,2024-12-07 22:00:00+00:00,8570.749125687671
1733612400000,2024-12-07 23:00:00+00:00,8570.749125687671
1733616000000,2024-12-08 00:00:00+00:00,8570.749125687671
1733619600000,2024-12-08 01:00:00+00:00,8570.749125687671
1733623200000,2024-12-08 02:00:00+00:00,8570.749125687671
1733626800000,2024-12-08 03:00:00+00:00,8570.749125687671
1733630400000,2024-12-08 04:00:00+00:00,8570.749125687671
1733634000000,2024-12-08 05:00:00+00:00,8570.749125687671
1733637600000,2024-12-08 06:00:00+00:00,8570.749125687671
1733641200000,2024-12-08 07:00:00+00:00,8570.749125687671
1733644800000,2024-12-08 08:00:00+00:00,8570.749125687671
1733648400000,2024-12-08 09:00:00+00:00,8580.630699062196
1733652000000,2024-12-08 10:00:00+00:00,8580.630699062196
1733655600000,2024-12-08 11:00:00+00:00,8580.630699062196
1733659200000,2024-12-08 12:00:00+00:00,8580.630699062196
1733662800000,2024-12-08 13:00:00+00:00,8580.630699062196
1733666400000,2024-12-08 14:00:00+00:00,8580.630699062196
1733670000000,2024-12-08 15:00:00+00:00,8580.630699062196
1733673600000,2024-12-08 16:00:00+00:00,8580.630699062196
1733677200000,2024-12-08 17:00:00+00:00,8580.630699062196
1733680800000,2024-12-08 18:00:00+00:00,8580.630699062196
1733684400000,2024-12-08 19:00:00+00:00,8580.630699062196
1733688000000,2024-12-08 20:00:00+00:00,8580.630699062196
1733691600000,2024-12-08 21:00:00+00:00,8580.630699062196
1733695200000,2024-12-08 22:00:00+00:00,8580.630699062196
1733698800000,2024-12-08 23:00:00+00:00,8580.630699062196
1733702400000,2024-12-09 00:00:00+00:00,8580.630699062196
1733706000000,2024-12-09 01:00:00+00:00,8580.630699062196
1733709600000,2024-12-09 02:00:00+00:00,8580.630699062196
1733713200000,2024-12-09 03:00:00+00:00,8557.06965212819
1733716800000,2024-12-09 04:00:00+00:00,8557.06965212819
1733720400000,2024-12-09 05:00:00+00:00,8557.06965212819
1733724000000,2024-12-09 06:00:00+00:00,8557.06965212819
1733727600000,2024-12-09 07:00:00+00:00,8557.06965212819
1733731200000,2024-12-09 08:00:00+00:00,8557.06965212819
1733734800000,2024-12-09 09:00:00+00:00,8533.42614244108
1733738400000,2024-12-09 10:00:00+00:00,8533.42614244108
1733742000000,2024-12-09 11:00:00+00:00,8533.42614244108
1733745600000,2024-12-09 12:00:00+00:00,8533.42614244108
1733749200000,2024-12-09 13:00:00+00:00,8533.42614244108
1733752800000,2024-12-09 14:00:00+00:00,8533.42614244108
1733756400000,2024-12-09 15:00:00+00:00,8493.529102107923
1733760000000,2024-12-09 16:00:00+00:00,8493.529102107923
1733763600000,2024-12-09 17:00:00+00:00,8493.529102107923
1733767200000,2024-12-09 18:00:00+00:00,8493.529102107923
1733770800000,2024-12-09 19:00:00+00:00,8493.529102107923
1733774400000,2024-12-09 20:00:00+00:00,8493.529102107923
1733778000000,2024-12-09 21:00:00+00:00,8471.758935694914
1733781600000,2024-12-09 22:00:00+00:00,8471.758935694914
1733785200000,2024-12-09 23:00:00+00:00,8471.758935694914
1733788800000,2024-12-10 00:00:00+00:00,8471.758935694914
1733792400000,2024-12-10 01:00:00+00:00,8471.758935694914
1733796000000,2024-12-10 02:00:00+00:00,8471.758935694914
1733799600000,2024-12-10 03:00:00+00:00,8411.61673792804
1733803200000,2024-12-10 04:00:00+00:00,8411.61673792804
1733806800000,2024-12-10 05:00:00+00:00,8411.61673792804
1733810400000,2024-12-10 06:00:00+00:00,8411.61673792804
1733814000000,2024-12-10 07:00:00+00:00,8411.61673792804
1733817600000,2024-12-10 08:00:00+00:00,8411.61673792804
1733821200000,2024-12-10 09:00:00+00:00,8411.61673792804
1733824800000,2024-12-10 10:00:00+00:00,8411.61673792804
1733828400000,2024-12-10 11:00:00+00:00,8411.61673792804
1733832000000,2024-12-10 12:00:00+00:00,8411.61673792804
1733835600000,2024-12-10 13:00:00+00:00,8411.61673792804
1733839200000,2024-12-10 14:00:00+00:00,8411.61673792804
1733842800000,2024-12-10 15:00:00+00:00,8411.61673792804
1733846400000,2024-12-10 16:00:00+00:00,8374.070167612823
1733850000000,2024-12-10 17:00:00+00:00,8352.34849217536
1733853600000,2024-12-10 18:00:00+00:00,8352.34849217536
1733857200000,2024-12-10 19:00:00+00:00,8352.34849217536
1733860800000,2024-12-10 20:00:00+00:00,8352.34849217536
1733864400000,2024-12-10 21:00:00+00:00,8352.34849217536
1733868000000,2024-12-10 22:00:00+00:00,8352.34849217536
1733871600000,2024-12-10 23:00:00+00:00,8352.34849217536
1733875200000,2024-12-11 00:00:00+00:00,8352.34849217536
1733878800000,2024-12-11 01:00:00+00:00,8352.34849217536
1733882400000,2024-12-11 02:00:00+00:00,8352.34849217536
1733886000000,2024-12-11 03:00:00+00:00,8352.34849217536
1733889600000,2024-12-11 04:00:00+00:00,8352.34849217536
1733893200000,2024-12-11 05:00:00+00:00,8352.34849217536
1733896800000,2024-12-11 06:00:00+00:00,8352.34849217536
1733900400000,2024-12-11 07:00:00+00:00,8352.34849217536
1733904000000,2024-12-11 08:00:00+00:00,8352.34849217536
1733907600000,2024-12-11 09:00:00+00:00,8352.34849217536
1733911200000,2024-12-11 10:00:00+00:00,8352.34849217536
1733914800000,2024-12-11 11:00:00+00:00,8352.34849217536
1733918400000,2024-12-11 12:00:00+00:00,8352.34849217536
1733922000000,2024-12-11 13:00:00+00:00,8352.34849217536
1733925600000,2024-12-11 14:00:00+00:00,8352.34849217536
1733929200000,2024-12-11 15:00:00+00:00,8352.34849217536
1733932800000,2024-12-11 16:00:00+00:00,8352.34849217536
1733936400000,2024-12-11 17:00:00+00:00,8352.34849217536
1733940000000,2024-12-11 18:00:00+00:00,8352.34849217536
1733943600000,2024-12-11 19:00:00+00:00,8352.34849217536
1733947200000,2024-12-11 20:00:00+00:00,8367.259024556652
1733950800000,2024-12-11 21:00:00+00:00,8367.259024556652
1733954400000,2024-12-11 22:00:00+00:00,8367.259024556652
1733958000000,2024-12-11 23:00:00+00:00,8367.259024556652
1733961600000,2024-12-12 00:00:00+00:00,8367.259024556652
1733965200000,2024-12-12 01:00:00+00:00,8367.259024556652
1733968800000,2024-12-12 02:00:00+00:00,8367.259024556652
1733972400000,2024-12-12 03:00:00+00:00,8367.259024556652
1733976000000,2024-12-12 04:00:00+00:00,8367.259024556652
1733979600000,2024-12-12 05:00:00+00:00,8367.259024556652
1733983200000,2024-12-12 06:00:00+00:00,8367.259024556652
1733986800000,2024-12-12 07:00:00+00:00,8367.259024556652
1733990400000,2024-12-12 08:00:00+00:00,8367.259024556652
1733994000000,2024-12-12 09:00:00+00:00,8367.259024556652
1733997600000,2024-12-12 10:00:00+00:00,8367.259024556652
1734001200000,2024-12-12 11:00:00+00:00,8367.259024556652
1734004800000,2024-12-12 12:00:00+00:00,8367.259024556652
1734008400000,2024-12-12 13:00:00+00:00,8367.259024556652
1734012000000,2024-12-12 14:00:00+00:00,8367.259024556652
1734015600000,2024-12-12 15:00:00+00:00,8367.259024556652
1734019200000,2024-12-12 16:00:00+00:00,8367.259024556652
1734022800000,2024-12-12 17:00:00+00:00,8367.259024556652
1734026400000,2024-12-12 18:00:00+00:00,8367.259024556652
1734030000000,2024-12-12 19:00:00+00:00,8370.78847198916
1734033600000,2024-12-12 20:00:00+00:00,8370.78847198916
1734037200000,2024-12-12 21:00:00+00:00,8370.78847198916
1734040800000,2024-12-12 22:00:00+00:00,8370.78847198916
1734044400000,2024-12-12 23:00:00+00:00,8370.78847198916
1734048000000,2024-12-13 00:00:00+00:00,8370.78847198916
1734051600000,2024-12-13 01:00:00+00:00,8370.78847198916
1734055200000,2024-12-13 02:00:00+00:00,8370.78847198916
1734058800000,2024-12-13 03:00:00+00:00,8370.78847198916
1734062400000,2024-12-13 04:00:00+00:00,8370.78847198916
1734066000000,2024-12-13 05:00:00+00:00,8370.78847198916
1734069600000,2024-12-13 06:00:00+00:00,8370.78847198916
1734073200000,2024-12-13 07:00:00+00:00,8370.78847198916
1734076800000,2024-12-13 08:00:00+00:00,8370.78847198916
1734080400000,2024-12-13 09:00:00+00:00,8370.78847198916
1734084000000,2024-12-13 10:00:00+00:00,8370.78847198916
1734087600000,2024-12-13 11:00:00+00:00,8370.78847198916
1734091200000,2024-12-13 12:00:00+00:00,8370.78847198916
1734094800000,2024-12-13 13:00:00+00:00,8370.78847198916
1734098400000,2024-12-13 14:00:00+00:00,8370.78847198916
1734102000000,2024-12-13 15:00:00+00:00,8370.78847198916
1734105600000,2024-12-13 16:00:00+00:00,8370.78847198916
1734109200000,2024-12-13 17:00:00+00:00,8370.78847198916
1734112800000,2024-12-13 18:00:00+00:00,8370.78847198916
1734116400000,2024-12-13 19:00:00+00:00,8370.78847198916
1734120000000,2024-12-13 20:00:00+00:00,8370.78847198916
1734123600000,2024-12-13 21:00:00+00:00,8370.78847198916
1734127200000,2024-12-13 22:00:00+00:00,8370.78847198916
1734130800000,2024-12-13 23:00:00+00:00,8370.78847198916
1734134400000,2024-12-14 00:00:00+00:00,8370.78847198916
1734138000000,2024-12-14 01:00:00+00:00,8385.133794686582
1734141600000,2024-12-14 02:00:00+00:00,8385.133794686582
1734145200000,2024-12-14 03:00:00+00:00,8385.133794686582
1734148800000,2024-12-14 04:00:00+00:00,8385.133794686582
1734152400000,2024-12-14 05:00:00+00:00,8385.133794686582
1734156000000,2024-12-14 06:00:00+00:00,8385.133794686582
1734159600000,2024-12-14 07:00:00+00:00,8385.133794686582
1734163200000,2024-12-14 08:00:00+00:00,8385.133794686582
1734166800000,2024-12-14 09:00:00+00:00,8385.133794686582
1734170400000,2024-12-14 10:00:00+00:00,8385.133794686582
1734174000000,2024-12-14 11:00:00+00:00,8385.133794686582
1734177600000,2024-12-14 12:00:00+00:00,8385.133794686582
1734181200000,2024-12-14 13:00:00+00:00,8385.133794686582
1734184800000,2024-12-14 14:00:00+00:00,8385.133794686582
1734188400000,2024-12-14 15:00:00+00:00,8385.133794686582
1734192000000,2024-12-14 16:00:00+00:00,8385.133794686582
1734195600000,2024-12-14 17:00:00+00:00,8385.133794686582
1734199200000,2024-12-14 18:00:00+00:00,8385.133794686582
1734202800000,2024-12-14 19:00:00+00:00,8385.133794686582
1734206400000,2024-12-14 20:00:00+00:00,8385.133794686582
1734210000000,2024-12-14 21:00:00+00:00,8385.133794686582
1734213600000,2024-12-14 22:00:00+00:00,8385.133794686582
1734217200000,2024-12-14 23:00:00+00:00,8385.133794686582
1734220800000,2024-12-15 00:00:00+00:00,8385.133794686582
1734224400000,2024-12-15 01:00:00+00:00,8385.133794686582
1734228000000,2024-12-15 02:00:00+00:00,8385.133794686582
1734231600000,2024-12-15 03:00:00+00:00,8385.133794686582
1734235200000,2024-12-15 04:00:00+00:00,8385.133794686582
1734238800000,2024-12-15 05:00:00+00:00,8385.133794686582
1734242400000,2024-12-15 06:00:00+00:00,8385.133794686582
1734246000000,2024-12-15 07:00:00+00:00,8385.133794686582
1734249600000,2024-12-15 08:00:00+00:00,8385.133794686582
1734253200000,2024-12-15 09:00:00+00:00,8385.133794686582
1734256800000,2024-12-15 10:00:00+00:00,8385.133794686582
1734260400000,2024-12-15 11:00:00+00:00,8385.133794686582
1734264000000,2024-12-15 12:00:00+00:00,8385.133794686582
1734267600000,2024-12-15 13:00:00+00:00,8385.133794686582
1734271200000,2024-12-15 14:00:00+00:00,8385.133794686582
1734274800000,2024-12-15 15:00:00+00:00,8385.133794686582
1734278400000,2024-12-15 16:00:00+00:00,8385.133794686582
1734282000000,2024-12-15 17:00:00+00:00,8385.133794686582
1734285600000,2024-12-15 18:00:00+00:00,8385.133794686582
1734289200000,2024-12-15 19:00:00+00:00,8385.133794686582
1734292800000,2024-12-15 20:00:00+00:00,8385.133794686582
1734296400000,2024-12-15 21:00:00+00:00,8385.133794686582
1734300000000,2024-12-15 22:00:00+00:00,8385.133794686582
1734303600000,2024-12-15 23:00:00+00:00,8385.133794686582
1734307200000,2024-12-16 00:00:00+00:00,8385.133794686582
1734310800000,2024-12-16 01:00:00+00:00,8385.133794686582
1734314400000,2024-12-16 02:00:00+00:00,8416.409694758988
1734318000000,2024-12-16 03:00:00+00:00,8416.409694758988
1734321600000,2024-12-16 04:00:00+00:00,8416.409694758988
1734325200000,2024-12-16 05:00:00+00:00,8416.409694758988
1734328800000,2024-12-16 06:00:00+00:00,8416.409694758988
1734332400000,2024-12-16 07:00:00+00:00,8416.409694758988
1734336000000,2024-12-16 08:00:00+00:00,8416.409694758988
1734339600000,2024-12-16 09:00:00+00:00,8416.409694758988
1734343200000,2024-12-16 10:00:00+00:00,8416.409694758988
1734346800000,2024-12-16 11:00:00+00:00,8416.409694758988
1734350400000,2024-12-16 12:00:00+00:00,8416.409694758988
1734354000000,2024-12-16 13:00:00+00:00,8416.409694758988
1734357600000,2024-12-16 14:00:00+00:00,8416.409694758988
1734361200000,2024-12-16 15:00:00+00:00,8416.409694758988
1734364800000,2024-12-16 16:00:00+00:00,8426.462549412594
1734368400000,2024-12-16 17:00:00+00:00,8426.462549412594
1734372000000,2024-12-16 18:00:00+00:00,8426.462549412594
1734375600000,2024-12-16 19:00:00+00:00,8426.462549412594
1734379200000,2024-12-16 20:00:00+00:00,8426.462549412594
1734382800000,2024-12-16 21:00:00+00:00,8426.462549412594
1734386400000,2024-12-16 22:00:00+00:00,8426.462549412594
1734390000000,2024-12-16 23:00:00+00:00,8426.462549412594
1734393600000,2024-12-17 00:00:00+00:00,8426.462549412594
1734397200000,2024-12-17 01:00:00+00:00,8426.462549412594
1734400800000,2024-12-17 02:00:00+00:00,8426.462549412594
1734404400000,2024-12-17 03:00:00+00:00,8426.462549412594
1734408000000,2024-12-17 04:00:00+00:00,8426.462549412594
1734411600000,2024-12-17 05:00:00+00:00,8426.462549412594
1734415200000,2024-12-17 06:00:00+00:00,8426.462549412594
1734418800000,2024-12-17 07:00:00+00:00,8426.462549412594
1734422400000,2024-12-17 08:00:00+00:00,8426.462549412594
1734426000000,2024-12-17 09:00:00+00:00,8426.462549412594
1734429600000,2024-12-17 10:00:00+00:00,8426.462549412594
1734433200000,2024-12-17 11:00:00+00:00,8426.462549412594
1734436800000,2024-12-17 12:00:00+00:00,8426.462549412594
1734440400000,2024-12-17 13:00:00+00:00,8426.462549412594
1734444000000,2024-12-17 14:00:00+00:00,8426.462549412594
1734447600000,2024-12-17 15:00:00+00:00,8426.462549412594
1734451200000,2024-12-17 16:00:00+00:00,8426.462549412594
1734454800000,2024-12-17 17:00:00+00:00,8426.462549412594
1734458400000,2024-12-17 18:00:00+00:00,8426.462549412594
1734462000000,2024-12-17 19:00:00+00:00,8426.462549412594
1734465600000,2024-12-17 20:00:00+00:00,8426.462549412594
1734469200000,2024-12-17 21:00:00+00:00,8426.462549412594
1734472800000,2024-12-17 22:00:00+00:00,8399.134075511447
1734476400000,2024-12-17 23:00:00+00:00,8399.134075511447
1734480000000,2024-12-18 00:00:00+00:00,8399.134075511447
1734483600000,2024-12-18 01:00:00+00:00,8399.134075511447
1734487200000,2024-12-18 02:00:00+00:00,8399.134075511447
1734490800000,2024-12-18 03:00:00+00:00,8399.134075511447
1734494400000,2024-12-18 04:00:00+00:00,8399.134075511447
1734498000000,2024-12-18 05:00:00+00:00,8399.134075511447
1734501600000,2024-12-18 06:00:00+00:00,8399.134075511447
1734505200000,2024-12-18 07:00:00+00:00,8399.134075511447
1734508800000,2024-12-18 08:00:00+00:00,8399.134075511447
1734512400000,2024-12-18 09:00:00+00:00,8399.134075511447
1734516000000,2024-12-18 10:00:00+00:00,8399.134075511447
1734519600000,2024-12-18 11:00:00+00:00,8399.134075511447
1734523200000,2024-12-18 12:00:00+00:00,8399.134075511447
1734526800000,2024-12-18 13:00:00+00:00,8399.134075511447
1734530400000,2024-12-18 14:00:00+00:00,8399.134075511447
1734534000000,2024-12-18 15:00:00+00:00,8399.134075511447
1734537600000,2024-12-18 16:00:00+00:00,8399.134075511447
1734541200000,2024-12-18 17:00:00+00:00,8399.134075511447
1734544800000,2024-12-18 18:00:00+00:00,8399.134075511447
1734548400000,2024-12-18 19:00:00+00:00,8399.134075511447
1734552000000,2024-12-18 20:00:00+00:00,8362.525637313109
1734555600000,2024-12-18 21:00:00+00:00,8362.525637313109
1734559200000,2024-12-18 22:00:00+00:00,8362.525637313109
1734562800000,2024-12-18 23:00:00+00:00,8362.525637313109
1734566400000,2024-12-19 00:00:00+00:00,8362.525637313109
1734570000000,2024-12-19 01:00:00+00:00,8362.525637313109
1734573600000,2024-12-19 02:00:00+00:00,8362.525637313109
1734577200000,2024-12-19 03:00:00+00:00,8362.525637313109
1734580800000,2024-12-19 04:00:00+00:00,8362.525637313109
1734584400000,2024-12-19 05:00:00+00:00,8362.525637313109
1734588000000,2024-12-19 06:00:00+00:00,8362.525637313109
1734591600000,2024-12-19 07:00:00+00:00,8362.525637313109
1734595200000,2024-12-19 08:00:00+00:00,8362.525637313109
1734598800000,2024-12-19 09:00:00+00:00,8362.525637313109
1734602400000,2024-12-19 10:00:00+00:00,8362.525637313109
1734606000000,2024-12-19 11:00:00+00:00,8362.525637313109
1734609600000,2024-12-19 12:00:00+00:00,8362.525637313109
1734613200000,2024-12-19 13:00:00+00:00,8362.525637313109
1734616800000,2024-12-19 14:00:00+00:00,8362.525637313109
1734620400000,2024-12-19 15:00:00+00:00,8362.525637313109
1734624000000,2024-12-19 16:00:00+00:00,8362.525637313109
1734627600000,2024-12-19 17:00:00+00:00,8325.57148975708
1734631200000,2024-12-19 18:00:00+00:00,8325.57148975708
1734634800000,2024-12-19 19:00:00+00:00,8325.57148975708
1734638400000,2024-12-19 20:00:00+00:00,8288.842336574187
1734642000000,2024-12-19 21:00:00+00:00,8288.842336574187
1734645600000,2024-12-19 22:00:00+00:00,8288.842336574187
1734649200000,2024-12-19 23:00:00+00:00,8288.842336574187
1734652800000,2024-12-20 00:00:00+00:00,8288.842336574187
1734656400000,2024-12-20 01:00:00+00:00,8288.842336574187
1734660000000,2024-12-20 02:00:00+00:00,8288.842336574187
1734663600000,2024-12-20 03:00:00+00:00,8288.842336574187
1734667200000,2024-12-20 04:00:00+00:00,8288.842336574187
1734670800000,2024-12-20 05:00:00+00:00,8288.842336574187
1734674400000,2024-12-20 06:00:00+00:00,8288.842336574187
1734678000000,2024-12-20 07:00:00+00:00,8288.842336574187
1734681600000,2024-12-20 08:00:00+00:00,8288.842336574187
1734685200000,2024-12-20 09:00:00+00:00,8288.842336574187
1734688800000,2024-12-20 10:00:00+00:00,8267.156759799569
1734692400000,2024-12-20 11:00:00+00:00,8267.156759799569
1734696000000,2024-12-20 12:00:00+00:00,8267.156759799569
1734699600000,2024-12-20 13:00:00+00:00,8267.156759799569
1734703200000,2024-12-20 14:00:00+00:00,8267.156759799569
1734706800000,2024-12-20 15:00:00+00:00,8267.156759799569
1734710400000,2024-12-20 16:00:00+00:00,8267.156759799569
1734714000000,2024-12-20 17:00:00+00:00,8267.156759799569
1734717600000,2024-12-20 18:00:00+00:00,8267.156759799569
1734721200000,2024-12-20 19:00:00+00:00,8267.156759799569
1734724800000,2024-12-20 20:00:00+00:00,8267.156759799569
1734728400000,2024-12-20 21:00:00+00:00,8267.156759799569
1734732000000,2024-12-20 22:00:00+00:00,8267.156759799569
1734735600000,2024-12-20 23:00:00+00:00,8267.156759799569
1734739200000,2024-12-21 00:00:00+00:00,8267.156759799569
1734742800000,2024-12-21 01:00:00+00:00,8267.156759799569
1734746400000,2024-12-21 02:00:00+00:00,8267.156759799569
1734750000000,2024-12-21 03:00:00+00:00,8267.156759799569
1734753600000,2024-12-21 04:00:00+00:00,8267.156759799569
1734757200000,2024-12-21 05:00:00+00:00,8267.156759799569
1734760800000,2024-12-21 06:00:00+00:00,8267.156759799569
1734764400000,2024-12-21 07:00:00+00:00,8267.156759799569
1734768000000,2024-12-21 08:00:00+00:00,8267.156759799569
1734771600000,2024-12-21 09:00:00+00:00,8267.156759799569
1734775200000,2024-12-21 10:00:00+00:00,8267.156759799569
1734778800000,2024-12-21 11:00:00+00:00,8267.156759799569
1734782400000,2024-12-21 12:00:00+00:00,8267.156759799569
1734786000000,2024-12-21 13:00:00+00:00,8267.156759799569
1734789600000,2024-12-21 14:00:00+00:00,8267.156759799569
1734793200000,2024-12-21 15:00:00+00:00,8267.156759799569
1734796800000,2024-12-21 16:00:00+00:00,8267.156759799569
1734800400000,2024-12-21 17:00:00+00:00,8267.156759799569
1734804000000,2024-12-21 18:00:00+00:00,8267.156759799569
1734807600000,2024-12-21 19:00:00+00:00,8267.156759799569
1734811200000,2024-12-21 20:00:00+00:00,8267.156759799569
1734814800000,2024-12-21 21:00:00+00:00,8267.156759799569
1734818400000,2024-12-21 22:00:00+00:00,8267.156759799569
1734822000000,2024-12-21 23:00:00+00:00,8267.156759799569
1734825600000,2024-12-22 00:00:00+00:00,8267.156759799569
1734829200000,2024-12-22 01:00:00+00:00,8267.156759799569
1734832800000,2024-12-22 02:00:00+00:00,8267.156759799569
1734836400000,2024-12-22 03:00:00+00:00,8267.156759799569
1734840000000,2024-12-22 04:00:00+00:00,8267.156759799569
1734843600000,2024-12-22 05:00:00+00:00,8267.156759799569
1734847200000,2024-12-22 06:00:00+00:00,8267.156759799569
1734850800000,2024-12-22 07:00:00+00:00,8267.156759799569
1734854400000,2024-12-22 08:00:00+00:00,8267.156759799569
1734858000000,2024-12-22 09:00:00+00:00,8267.156759799569
1734861600000,2024-12-22 10:00:00+00:00,8267.156759799569
1734865200000,2024-12-22 11:00:00+00:00,8267.156759799569
1734868800000,2024-12-22 12:00:00+00:00,8267.156759799569
1734872400000,2024-12-22 13:00:00+00:00,8267.156759799569
1734876000000,2024-12-22 14:00:00+00:00,8267.156759799569
1734879600000,2024-12-22 15:00:00+00:00,8267.156759799569
1734883200000,2024-12-22 16:00:00+00:00,8267.156759799569
1734886800000,2024-12-22 17:00:00+00:00,8267.156759799569
1734890400000,2024-12-22 18:00:00+00:00,8267.156759799569
1734894000000,2024-12-22 19:00:00+00:00,8267.156759799569
1734897600000,2024-12-22 20:00:00+00:00,8267.156759799569
1734901200000,2024-12-22 21:00:00+00:00,8267.156759799569
1734904800000,2024-12-22 22:00:00+00:00,8267.156759799569
1734908400000,2024-12-22 23:00:00+00:00,8267.156759799569
1734912000000,2024-12-23 00:00:00+00:00,8267.156759799569
1734915600000,2024-12-23 01:00:00+00:00,8267.156759799569
1734919200000,2024-12-23 02:00:00+00:00,8267.156759799569
1734922800000,2024-12-23 03:00:00+00:00,8267.156759799569
1734926400000,2024-12-23 04:00:00+00:00,8267.156759799569
1734930000000,2024-12-23 05:00:00+00:00,8267.156759799569
1734933600000,2024-12-23 06:00:00+00:00,8267.156759799569
1734937200000,2024-12-23 07:00:00+00:00,8267.156759799569
1734940800000,2024-12-23 08:00:00+00:00,8267.156759799569
1734944400000,2024-12-23 09:00:00+00:00,8267.156759799569
1734948000000,2024-12-23 10:00:00+00:00,8267.156759799569
1734951600000,2024-12-23 11:00:00+00:00,8267.156759799569
1734955200000,2024-12-23 12:00:00+00:00,8267.156759799569
1734958800000,2024-12-23 13:00:00+00:00,8267.156759799569
1734962400000,2024-12-23 14:00:00+00:00,8267.156759799569
1734966000000,2024-12-23 15:00:00+00:00,8267.156759799569
1734969600000,2024-12-23 16:00:00+00:00,8267.156759799569
1734973200000,2024-12-23 17:00:00+00:00,8267.156759799569
1734976800000,2024-12-23 18:00:00+00:00,8267.156759799569
1734980400000,2024-12-23 19:00:00+00:00,8267.156759799569
1734984000000,2024-12-23 20:00:00+00:00,8267.156759799569
1734987600000,2024-12-23 21:00:00+00:00,8267.156759799569
1734991200000,2024-12-23 22:00:00+00:00,8267.156759799569
1734994800000,2024-12-23 23:00:00+00:00,8267.156759799569
1734998400000,2024-12-24 00:00:00+00:00,8267.156759799569
1735002000000,2024-12-24 01:00:00+00:00,8267.156759799569
1735005600000,2024-12-24 02:00:00+00:00,8267.156759799569
1735009200000,2024-12-24 03:00:00+00:00,8267.156759799569
1735012800000,2024-12-24 04:00:00+00:00,8267.156759799569
1735016400000,2024-12-24 05:00:00+00:00,8267.156759799569
1735020000000,2024-12-24 06:00:00+00:00,8267.156759799569
1735023600000,2024-12-24 07:00:00+00:00,8267.156759799569
1735027200000,2024-12-24 08:00:00+00:00,8267.156759799569
1735030800000,2024-12-24 09:00:00+00:00,8267.156759799569
1735034400000,2024-12-24 10:00:00+00:00,8267.156759799569
1735038000000,2024-12-24 11:00:00+00:00,8267.156759799569
1735041600000,2024-12-24 12:00:00+00:00,8267.156759799569
1735045200000,2024-12-24 13:00:00+00:00,8267.156759799569
1735048800000,2024-12-24 14:00:00+00:00,8267.156759799569
1735052400000,2024-12-24 15:00:00+00:00,8267.156759799569
1735056000000,2024-12-24 16:00:00+00:00,8267.156759799569
1735059600000,2024-12-24 17:00:00+00:00,8267.156759799569
1735063200000,2024-12-24 18:00:00+00:00,8267.156759799569
1735066800000,2024-12-24 19:00:00+00:00,8267.156759799569
1735070400000,2024-12-24 20:00:00+00:00,8267.156759799569
1735074000000,2024-12-24 21:00:00+00:00,8267.156759799569
1735077600000,2024-12-24 22:00:00+00:00,8267.156759799569
1735081200000,2024-12-24 23:00:00+00:00,8267.156759799569
1735084800000,2024-12-25 00:00:00+00:00,8267.156759799569
1735088400000,2024-12-25 01:00:00+00:00,8267.156759799569
1735092000000,2024-12-25 02:00:00+00:00,8267.156759799569
1735095600000,2024-12-25 03:00:00+00:00,8267.156759799569
1735099200000,2024-12-25 04:00:00+00:00,8267.156759799569
1735102800000,2024-12-25 05:00:00+00:00,8267.156759799569
1735106400000,2024-12-25 06:00:00+00:00,8267.156759799569
1735110000000,2024-12-25 07:00:00+00:00,8267.156759799569
1735113600000,2024-12-25 08:00:00+00:00,8267.156759799569
1735117200000,2024-12-25 09:00:00+00:00,8267.156759799569
1735120800000,2024-12-25 10:00:00+00:00,8267.156759799569
1735124400000,2024-12-25 11:00:00+00:00,8267.156759799569
1735128000000,2024-12-25 12:00:00+00:00,8267.156759799569
1735131600000,2024-12-25 13:00:00+00:00,8267.156759799569
1735135200000,2024-12-25 14:00:00+00:00,8267.156759799569
1735138800000,2024-12-25 15:00:00+00:00,8267.156759799569
1735142400000,2024-12-25 16:00:00+00:00,8267.156759799569
1735146000000,2024-12-25 17:00:00+00:00,8267.156759799569
1735149600000,2024-12-25 18:00:00+00:00,8267.156759799569
1735153200000,2024-12-25 19:00:00+00:00,8267.156759799569
1735156800000,2024-12-25 20:00:00+00:00,8267.156759799569
1735160400000,2024-12-25 21:00:00+00:00,8267.156759799569
1735164000000,2024-12-25 22:00:00+00:00,8267.156759799569
1735167600000,2024-12-25 23:00:00+00:00,8267.156759799569
1735171200000,2024-12-26 00:00:00+00:00,8267.156759799569
1735174800000,2024-12-26 01:00:00+00:00,8267.156759799569
1735178400000,2024-12-26 02:00:00+00:00,8267.156759799569
1735182000000,2024-12-26 03:00:00+00:00,8267.156759799569
1735185600000,2024-12-26 04:00:00+00:00,8267.156759799569
1735189200000,2024-12-26 05:00:00+00:00,8267.156759799569
1735192800000,2024-12-26 06:00:00+00:00,8267.156759799569
1735196400000,2024-12-26 07:00:00+00:00,8267.156759799569
1735200000000,2024-12-26 08:00:00+00:00,8267.156759799569
1735203600000,2024-12-26 09:00:00+00:00,8267.156759799569
1735207200000,2024-12-26 10:00:00+00:00,8267.156759799569
1735210800000,2024-12-26 11:00:00+00:00,8267.156759799569
1735214400000,2024-12-26 12:00:00+00:00,8267.156759799569
1735218000000,2024-12-26 13:00:00+00:00,8267.156759799569
1735221600000,2024-12-26 14:00:00+00:00,8267.156759799569
1735225200000,2024-12-26 15:00:00+00:00,8267.156759799569
1735228800000,2024-12-26 16:00:00+00:00,8267.156759799569
1735232400000,2024-12-26 17:00:00+00:00,8267.156759799569
1735236000000,2024-12-26 18:00:00+00:00,8267.156759799569
1735239600000,2024-12-26 19:00:00+00:00,8267.156759799569
1735243200000,2024-12-26 20:00:00+00:00,8267.156759799569
1735246800000,2024-12-26 21:00:00+00:00,8267.156759799569
1735250400000,2024-12-26 22:00:00+00:00,8267.156759799569
1735254000000,2024-12-26 23:00:00+00:00,8267.156759799569
1735257600000,2024-12-27 00:00:00+00:00,8267.156759799569
1735261200000,2024-12-27 01:00:00+00:00,8267.156759799569
1735264800000,2024-12-27 02:00:00+00:00,8267.156759799569
1735268400000,2024-12-27 03:00:00+00:00,8267.156759799569
1735272000000,2024-12-27 04:00:00+00:00,8267.156759799569
1735275600000,2024-12-27 05:00:00+00:00,8267.156759799569
1735279200000,2024-12-27 06:00:00+00:00,8267.156759799569
1735282800000,2024-12-27 07:00:00+00:00,8267.156759799569
1735286400000,2024-12-27 08:00:00+00:00,8267.156759799569
1735290000000,2024-12-27 09:00:00+00:00,8267.156759799569
1735293600000,2024-12-27 10:00:00+00:00,8267.156759799569
1735297200000,2024-12-27 11:00:00+00:00,8267.156759799569
1735300800000,2024-12-27 12:00:00+00:00,8267.156759799569
1735304400000,2024-12-27 13:00:00+00:00,8267.156759799569
1735308000000,2024-12-27 14:00:00+00:00,8267.156759799569
1735311600000,2024-12-27 15:00:00+00:00,8267.156759799569
1735315200000,2024-12-27 16:00:00+00:00,8267.156759799569
1735318800000,2024-12-27 17:00:00+00:00,8267.156759799569
1735322400000,2024-12-27 18:00:00+00:00,8267.156759799569
1735326000000,2024-12-27 19:00:00+00:00,8267.156759799569
1735329600000,2024-12-27 20:00:00+00:00,8267.156759799569
1735333200000,2024-12-27 21:00:00+00:00,8267.156759799569
1735336800000,2024-12-27 22:00:00+00:00,8267.156759799569
1735340400000,2024-12-27 23:00:00+00:00,8267.156759799569
1735344000000,2024-12-28 00:00:00+00:00,8267.156759799569
1735347600000,2024-12-28 01:00:00+00:00,8267.156759799569
1735351200000,2024-12-28 02:00:00+00:00,8267.156759799569
1735354800000,2024-12-28 03:00:00+00:00,8267.156759799569
1735358400000,2024-12-28 04:00:00+00:00,8267.156759799569
1735362000000,2024-12-28 05:00:00+00:00,8267.156759799569
1735365600000,2024-12-28 06:00:00+00:00,8267.156759799569
1735369200000,2024-12-28 07:00:00+00:00,8267.156759799569
1735372800000,2024-12-28 08:00:00+00:00,8267.156759799569
1735376400000,2024-12-28 09:00:00+00:00,8267.156759799569
1735380000000,2024-12-28 10:00:00+00:00,8267.156759799569
1735383600000,2024-12-28 11:00:00+00:00,8267.156759799569
1735387200000,2024-12-28 12:00:00+00:00,8267.156759799569
1735390800000,2024-12-28 13:00:00+00:00,8267.156759799569
1735394400000,2024-12-28 14:00:00+00:00,8267.156759799569
1735398000000,2024-12-28 15:00:00+00:00,8267.156759799569
1735401600000,2024-12-28 16:00:00+00:00,8267.156759799569
1735405200000,2024-12-28 17:00:00+00:00,8267.156759799569
1735408800000,2024-12-28 18:00:00+00:00,8267.156759799569
1735412400000,2024-12-28 19:00:00+00:00,8267.156759799569
1735416000000,2024-12-28 20:00:00+00:00,8267.156759799569
1735419600000,2024-12-28 21:00:00+00:00,8267.156759799569
1735423200000,2024-12-28 22:00:00+00:00,8267.156759799569
1735426800000,2024-12-28 23:00:00+00:00,8267.156759799569
1735430400000,2024-12-29 00:00:00+00:00,8267.156759799569
1735434000000,2024-12-29 01:00:00+00:00,8267.156759799569
1735437600000,2024-12-29 02:00:00+00:00,8267.156759799569
1735441200000,2024-12-29 03:00:00+00:00,8267.156759799569
1735444800000,2024-12-29 04:00:00+00:00,8267.156759799569
1735448400000,2024-12-29 05:00:00+00:00,8267.156759799569
1735452000000,2024-12-29 06:00:00+00:00,8267.156759799569
1735455600000,2024-12-29 07:00:00+00:00,8267.156759799569
1735459200000,2024-12-29 08:00:00+00:00,8267.156759799569
1735462800000,2024-12-29 09:00:00+00:00,8267.156759799569
1735466400000,2024-12-29 10:00:00+00:00,8267.156759799569
1735470000000,2024-12-29 11:00:00+00:00,8267.156759799569
1735473600000,2024-12-29 12:00:00+00:00,8267.156759799569
1735477200000,2024-12-29 13:00:00+00:00,8267.156759799569
1735480800000,2024-12-29 14:00:00+00:00,8267.156759799569
1735484400000,2024-12-29 15:00:00+00:00,8267.156759799569
1735488000000,2024-12-29 16:00:00+00:00,8267.156759799569
1735491600000,2024-12-29 17:00:00+00:00,8267.156759799569
1735495200000,2024-12-29 18:00:00+00:00,8267.156759799569
1735498800000,2024-12-29 19:00:00+00:00,8230.122458293281
1735502400000,2024-12-29 20:00:00+00:00,8230.122458293281
1735506000000,2024-12-29 21:00:00+00:00,8207.745471642367
1735509600000,2024-12-29 22:00:00+00:00,8207.745471642367
1735513200000,2024-12-29 23:00:00+00:00,8207.745471642367
1735516800000,2024-12-30 00:00:00+00:00,8207.745471642367
1735520400000,2024-12-30 01:00:00+00:00,8207.745471642367
1735524000000,2024-12-30 02:00:00+00:00,8207.745471642367
1735527600000,2024-12-30 03:00:00+00:00,8207.745471642367
1735531200000,2024-12-30 04:00:00+00:00,8207.745471642367
1735534800000,2024-12-30 05:00:00+00:00,8207.745471642367
1735538400000,2024-12-30 06:00:00+00:00,8207.745471642367
1735542000000,2024-12-30 07:00:00+00:00,8207.745471642367
1735545600000,2024-12-30 08:00:00+00:00,8207.745471642367
1735549200000,2024-12-30 09:00:00+00:00,8207.745471642367
1735552800000,2024-12-30 10:00:00+00:00,8207.745471642367
1735556400000,2024-12-30 11:00:00+00:00,8207.745471642367
1735560000000,2024-12-30 12:00:00+00:00,8207.745471642367
1735563600000,2024-12-30 13:00:00+00:00,8207.745471642367
1735567200000,2024-12-30 14:00:00+00:00,8207.745471642367
1735570800000,2024-12-30 15:00:00+00:00,8207.745471642367
1735574400000,2024-12-30 16:00:00+00:00,8207.745471642367
1735578000000,2024-12-30 17:00:00+00:00,8207.745471642367
1735581600000,2024-12-30 18:00:00+00:00,8207.745471642367
1735585200000,2024-12-30 19:00:00+00:00,8207.745471642367
1735588800000,2024-12-30 20:00:00+00:00,8207.745471642367
1735592400000,2024-12-30 21:00:00+00:00,8207.745471642367
1735596000000,2024-12-30 22:00:00+00:00,8207.745471642367
1735599600000,2024-12-30 23:00:00+00:00,8207.745471642367
1735603200000,2024-12-31 00:00:00+00:00,8207.745471642367
