symbol,direction,entry_time,exit_time,entry_price,exit_price,qty,pnl,return_pct,reason
ETHUSDT,LONG,2021-01-03 09:00:00+00:00,2021-01-03 13:00:00+00:00,818.5777599999999,849.1559683114284,0.6363708678507716,18.397783800435892,3.735528841075353,TP1_HALF
SOLUSDT,SHORT,2021-01-03 12:00:00+00:00,2021-01-03 14:00:00+00:00,2.2634342999999997,2.0323753592999996,53.62751857810466,12.160744022714328,10.208334330711521,TP1_HALF
ETHUSDT,LONG,2021-01-03 09:00:00+00:00,2021-01-03 15:00:00+00:00,818.5777599999999,889.4114839285714,0.6363708678507716,43.98960377208843,8.65326758065985,STOP
XRPUSDT,SHORT,2021-01-03 10:00:00+00:00,2021-01-03 17:00:00+00:00,0.21891086999999998,0.23817416336999994,1314.0357793170774,-25.91328280369991,-8.799605688835799,STOP
SOLUSDT,SHORT,2021-01-03 12:00:00+00:00,2021-01-03 23:00:00+00:00,2.2634342999999997,2.1290161749999994,53.62751857810466,6.972954276220042,5.938680217048942,STOP
XRPUSDT,SHORT,2021-01-03 18:00:00+00:00,2021-01-04 06:00:00+00:00,0.2309688,0.24820640129999996,1478.6412718156184,-26.196756938355236,-7.463173077922192,STOP
BTCUSDT,LONG,2021-01-03 16:00:00+00:00,2021-01-04 07:00:00+00:00,33540.126619999995,31715.30314123714,0.02247433064439263,-42.47825833416322,-5.440717321784694,STOP
BTCUSDT,LONG,2021-01-04 11:00:00+00:00,2021-01-05 00:00:00+00:00,30301.030759999994,32469.414557811426,0.009075376084247461,19.10923306189272,7.156138730019346,TP1_HALF
BTCUSDT,LONG,2021-01-04 11:00:00+00:00,2021-01-05 04:00:00+00:00,30301.030759999994,30621.841791428567,0.009075376084247461,2.3585827816527427,1.0587462650018864,STOP
BTCUSDT,LONG,2021-01-05 17:00:00+00:00,2021-01-06 04:00:00+00:00,32502.369899999998,34985.96355831429,0.007947544204130534,19.202103871128035,7.641269439599507,TP1_HALF
SOLUSDT,LONG,2021-01-05 07:00:00+00:00,2021-01-07 12:00:00+00:00,2.2154132,2.6301661153714284,29.973476154923286,12.28634776300435,18.721244207239906,TP1_HALF
SOLUSDT,LONG,2021-01-05 07:00:00+00:00,2021-01-07 18:00:00+00:00,2.2154132,2.230381671428572,29.973476154923286,0.31540119487150364,0.675651450870296,STOP
BTCUSDT,LONG,2021-01-05 17:00:00+00:00,2021-01-07 18:00:00+00:00,32502.369899999998,37219.12897178572,0.007947544204130534,36.93253652898899,14.512046617824392,STOP
BTCUSDT,LONG,2021-01-08 00:00:00+00:00,2021-01-08 02:00:00+00:00,39471.71227999999,36897.85641736285,0.015888767067273737,-42.10881455423906,-6.5207606003484635,STOP
SOLUSDT,LONG,2021-01-08 10:00:00+00:00,2021-01-08 11:00:00+00:00,2.7306278999999996,3.0839729828142852,35.19263196215357,12.230512346244133,12.940067111095054,TP1_HALF
SOLUSDT,LONG,2021-01-08 10:00:00+00:00,2021-01-08 13:00:00+00:00,2.7306278999999996,3.440124289285714,35.19263196215357,24.7518802958818,25.982902660802477,STOP
XRPUSDT,LONG,2021-01-10 01:00:00+00:00,2021-01-10 20:00:00+00:00,0.33154121,0.2868337320042857,566.8578113123218,-25.69331379213932,-13.484742363012515,STOP
ETHUSDT,LONG,2021-01-10 01:00:00+00:00,2021-01-11 03:00:00+00:00,1291.19991,1165.6616529471428,0.32393325980975246,-41.461876012953454,-9.722604228872445,STOP
SOLUSDT,LONG,2021-01-09 18:00:00+00:00,2021-01-11 14:00:00+00:00,3.2532499999999995,2.693614403571428,45.21143879340055,-25.5707968105333,-17.202354458728088,STOP
ETHUSDT,LONG,2021-01-11 15:00:00+00:00,2021-01-14 08:00:00+00:00,1039.5685299999998,1166.9900146842856,0.15521132748701327,19.434774907315873,12.257151020557133,TP1_HALF
ETHUSDT,LONG,2021-01-11 15:00:00+00:00,2021-01-15 15:00:00+00:00,1039.5685299999998,1127.2619667857143,0.15521132748701327,13.274698097563782,8.435560932737607,STOP
BTCUSDT,LONG,2021-01-15 17:00:00+00:00,2021-01-17 10:00:00+00:00,36187.241089999996,33869.49340748142,0.017535335697096536,-41.8709520313864,-6.404875344749783,STOP
SOLUSDT,LONG,2021-01-12 12:00:00+00:00,2021-01-17 17:00:00+00:00,3.4219184999999994,3.8802914672142856,26.985209257093775,12.172238774067985,13.395204100106017,TP1_HALF
XRPUSDT,LONG,2021-01-11 08:00:00+00:00,2021-01-19 05:00:00+00:00,0.27996968999999994,0.31879842959571425,319.45731233673155,12.212843938470758,13.868908307793726,TP1_HALF
SOLUSDT,LONG,2021-01-12 12:00:00+00:00,2021-01-19 18:00:00+00:00,3.4219184999999994,3.704035114285714,26.985209257093775,7.420680521964974,8.24439899096705,STOP
XRPUSDT,LONG,2021-01-11 08:00:00+00:00,2021-01-20 00:00:00+00:00,0.27996968999999994,0.29056129071428577,319.45731233673155,3.2013040038257325,3.7831240639963015,STOP
SOLUSDT,LONG,2021-01-20 13:00:00+00:00,2021-01-20 20:00:00+00:00,3.4054019999999996,3.706470390857143,41.03442265389742,12.062336020613794,8.84090603274279,TP1_HALF
BTCUSDT,LONG,2021-01-17 16:00:00+00:00,2021-01-21 08:00:00+00:00,35764.198469999996,33282.40917367285,0.016287899892871507,-41.547759847019066,-6.939311944622329,STOP
SOLUSDT,LONG,2021-01-20 13:00:00+00:00,2021-01-21 09:00:00+00:00,3.4054019999999996,3.4330849071428564,41.03442265389742,0.8553387499277387,0.812911578217701,STOP
XRPUSDT,LONG,2021-01-20 08:00:00+00:00,2021-01-21 12:00:00+00:00,0.29775746,0.27609430361142856,1169.5458011249616,-26.007199513966984,-7.2754369910904675,STOP
XRPUSDT,LONG,2021-01-21 13:00:00+00:00,2021-01-22 00:00:00+00:00,0.28174145999999994,0.25585784603999995,970.6850929753614,-25.646677855667885,-9.187009238895827,STOP
BTCUSDT,LONG,2021-01-21 23:00:00+00:00,2021-01-22 18:00:00+00:00,30944.093179999996,33146.71899539143,0.008901035384704131,19.035175735054334,7.11808164026293,TP1_HALF
BTCUSDT,LONG,2021-01-21 23:00:00+00:00,2021-01-23 11:00:00+00:00,30944.093179999996,31559.13356142857,0.008901035384704131,4.918152765234027,1.987585733570918,STOP
SOLUSDT,LONG,2021-01-23 08:00:00+00:00,2021-01-25 18:00:00+00:00,3.5550514999999994,3.874680084214285,38.42218636251609,11.9953624979163,8.990828521451387,TP1_HALF
SOLUSDT,LONG,2021-01-23 08:00:00+00:00,2021-01-25 22:00:00+00:00,3.5550514999999994,3.6656235642857142,38.42218636251609,3.970986337490688,3.11028023885771,STOP
ETHUSDT,LONG,2021-01-26 01:00:00+00:00,2021-01-26 12:00:00+00:00,1369.1978299999998,1278.0856078842855,0.4437025028258391,-41.60132727784485,-6.654423496691808,STOP
SOLUSDT,LONG,2021-01-26 01:00:00+00:00,2021-01-27 11:00:00+00:00,3.8769730999999994,3.6251478947571423,100.37176949851514,-26.029142613788053,-6.495407596272907,STOP
ETHUSDT,LONG,2021-01-27 16:00:00+00:00,2021-01-29 08:00:00+00:00,1282.3610799999997,1379.3300121342854,0.20126428790503736,18.98067971263733,7.561749467184842,TP1_HALF
ETHUSDT,LONG,2021-01-27 16:00:00+00:00,2021-01-29 19:00:00+00:00,1282.3610799999997,1337.2118067857143,0.20126428790503736,10.512265995926347,4.2773231066646655,STOP
SOLUSDT,LONG,2021-01-27 16:00:00+00:00,2021-01-30 15:00:00+00:00,3.7290252999999995,4.090052581842856,33.8830271356651,11.967763159350548,9.681545519223377,TP1_HALF
XRPUSDT,LONG,2021-01-30 14:00:00+00:00,2021-01-30 15:00:00+00:00,0.33626593,0.36282880942714285,460.8279186642763,11.918754066421014,7.899366857398515,TP1_HALF
XRPUSDT,LONG,2021-01-30 14:00:00+00:00,2021-01-30 17:00:00+00:00,0.33626593,0.49038305464285714,460.8279186642763,70.6405308486318,45.83191780471401,STOP
XRPUSDT,LONG,2021-01-30 19:00:00+00:00,2021-01-30 22:00:00+00:00,0.38732693999999995,0.4205466866314285,372.359640105699,12.068873367217885,8.576668235736085,TP1_HALF
XRPUSDT,LONG,2021-01-30 19:00:00+00:00,2021-01-31 00:00:00+00:00,0.38732693999999995,0.44090793642857146,372.359640105699,19.642999306137696,13.833532061718067,STOP
SOLUSDT,LONG,2021-01-27 16:00:00+00:00,2021-01-31 14:00:00+00:00,3.7290252999999995,4.435438692857143,33.8830271356651,23.658787404157696,18.943647093441363,STOP
BTCUSDT,LONG,2021-01-31 11:00:00+00:00,2021-02-03 03:00:00+00:00,33687.333679999996,36347.71493810571,0.007455500166158941,19.312326595244045,7.897274635555873,TP1_HALF
SOLUSDT,LONG,2021-02-03 05:00:00+00:00,2021-02-03 15:00:00+00:00,5.1476425,5.513245164642857,34.00449832887857,12.069617062104879,7.102332080031926,TP1_HALF
SOLUSDT,LONG,2021-02-03 05:00:00+00:00,2021-02-04 09:00:00+00:00,5.1476425,5.701970892857143,34.00449832887857,18.48072324807428,10.768587617674363,STOP
XRPUSDT,LONG,2021-02-04 16:00:00+00:00,2021-02-04 17:00:00+00:00,0.40521481,0.43974284126142854,361.9854825765901,12.192783655439156,8.520920363554474,TP1_HALF
SOLUSDT,LONG,2021-02-04 10:00:00+00:00,2021-02-04 21:00:00+00:00,5.7458401,6.174841220614286,29.086639079331707,12.13146820478415,7.466290623268224,TP1_HALF
XRPUSDT,LONG,2021-02-04 16:00:00+00:00,2021-02-04 23:00:00+00:00,0.40521481,0.4461751639285714,361.9854825765901,14.518862672768458,10.108306240971654,STOP
SOLUSDT,LONG,2021-02-04 10:00:00+00:00,2021-02-05 17:00:00+00:00,5.7458401,6.701909239285714,29.086639079331707,27.446774796909082,16.639327281065718,STOP
BTCUSDT,LONG,2021-01-31 11:00:00+00:00,2021-02-07 04:00:00+00:00,33687.333679999996,38220.48589821428,0.007455500166158941,33.260808355306885,13.456547975198152,STOP
SOLUSDT,LONG,2021-02-06 04:00:00+00:00,2021-02-07 12:00:00+00:00,6.151845699999999,6.716943461442857,22.281166196496866,12.304305509922868,9.185824693926548,TP1_HALF
SOLUSDT,LONG,2021-02-06 04:00:00+00:00,2021-02-07 15:00:00+00:00,6.151845699999999,6.302569692857142,22.281166196496866,3.0808074354011583,2.450061334554343,STOP
ETHUSDT,LONG,2021-02-07 08:00:00+00:00,2021-02-07 15:00:00+00:00,1633.6319999999998,1544.8541708571427,0.4689107861053323,-43.11930810110359,-5.434383578606273,STOP
BTCUSDT,LONG,2021-02-07 17:00:00+00:00,2021-02-08 12:00:00+00:00,38223.905719999995,39813.477746065706,0.012517548221854557,18.92070777774475,4.158580856989702,TP1_HALF
BTCUSDT,LONG,2021-02-07 17:00:00+00:00,2021-02-08 14:00:00+00:00,38223.905719999995,43245.286068214285,0.012517548221854557,61.835576112240716,13.136753698057957,STOP
SOLUSDT,LONG,2021-02-08 10:00:00+00:00,2021-02-09 02:00:00+00:00,7.625617999999999,8.319536564142856,18.15282503771544,12.307132684305786,9.099833798950542,TP1_HALF
SOLUSDT,LONG,2021-02-08 10:00:00+00:00,2021-02-09 06:00:00+00:00,7.625617999999999,7.784461317857143,18.15282503771544,2.6037184837965657,2.0830222266201126,STOP
SOLUSDT,LONG,2021-02-09 07:00:00+00:00,2021-02-10 12:00:00+00:00,8.0878798,7.306319738057142,33.238359248958936,-26.489452048091405,-9.663349125723375,STOP
ETHUSDT,LONG,2021-02-09 09:00:00+00:00,2021-02-10 12:00:00+00:00,1804.8029999999999,1695.697034142857,0.3833538511543408,-43.16812236430427,-6.045311641056827,STOP
SOLUSDT,LONG,2021-02-10 13:00:00+00:00,2021-02-10 20:00:00+00:00,7.927019099999999,8.695989405899999,16.433945416819093,12.364034419866,9.700623856198343,TP1_HALF
XRPUSDT,LONG,2021-02-10 16:00:00+00:00,2021-02-11 14:00:00+00:00,0.4878773899999999,0.5300464558242856,299.3062153887991,12.316792564500409,8.643373660805565,TP1_HALF
SOLUSDT,LONG,2021-02-10 13:00:00+00:00,2021-02-11 21:00:00+00:00,7.927019099999999,8.955860175,16.433945416819093,16.630465752647392,12.978915050173168,STOP
XRPUSDT,LONG,2021-02-10 16:00:00+00:00,2021-02-12 14:00:00+00:00,0.4878773899999999,0.5560237767857142,299.3062153887991,20.084191013782842,13.967932964820196,STOP
ETHUSDT,LONG,2021-02-10 17:00:00+00:00,2021-02-12 17:00:00+00:00,1728.7570299999998,1830.3455665414283,0.1977208313099445,19.38246117242637,5.87639181090871,TP1_HALF
XRPUSDT,LONG,2021-02-12 16:00:00+00:00,2021-02-13 02:00:00+00:00,0.5876570699999999,0.6384369225728571,250.0443555305313,12.39063762832274,8.64106894397736,TP1_HALF
XRPUSDT,LONG,2021-02-12 16:00:00+00:00,2021-02-13 08:00:00+00:00,0.5876570699999999,0.5904300503571428,250.0443555305313,0.39879405153209946,0.47187050045069956,STOP
ETHUSDT,LONG,2021-02-10 17:00:00+00:00,2021-02-13 11:00:00+00:00,1728.7570299999998,1766.5309864285716,0.1977208313099445,6.777606814646907,2.1850355933807464,STOP
BTCUSDT,LONG,2021-02-13 13:00:00+00:00,2021-02-14 06:00:00+00:00,46926.68980999999,48953.18833376142,0.009948982155460995,19.20769045425047,4.318434843724228,TP1_HALF
SOLUSDT,LONG,2021-02-13 16:00:00+00:00,2021-02-15 01:00:00+00:00,9.076066999999998,8.378098372285713,37.430492842592535,-26.77862773605446,-7.690210172691381,STOP
BTCUSDT,LONG,2021-02-13 13:00:00+00:00,2021-02-15 02:00:00+00:00,46926.68980999999,47584.29735642857,0.009948982155460995,5.602237619900652,1.4013508071657022,STOP
XRPUSDT,LONG,2021-02-13 16:00:00+00:00,2021-02-15 02:00:00+00:00,0.6140133999999999,0.556777493742857,455.39961244652096,-26.5983872467947,-9.321605400980326,STOP
BTCUSDT,LONG,2021-02-15 05:00:00+00:00,2021-02-15 17:00:00+00:00,46913.43657,48702.72081200143,0.011203256409117172,18.974597823929873,3.81401230185221,TP1_HALF
BTCUSDT,LONG,2021-02-15 05:00:00+00:00,2021-02-16 14:00:00+00:00,46913.43657,48802.29314142857,0.011203256409117172,20.089016627417354,4.026259233024199,STOP
XRPUSDT,LONG,2021-02-16 10:00:00+00:00,2021-02-16 16:00:00+00:00,0.5609603999999999,0.5059632160285713,473.244268824764,-26.532017602539078,-9.80411165769074,STOP
SOLUSDT,LONG,2021-02-16 21:00:00+00:00,2021-02-18 14:00:00+00:00,8.1323242,8.812185336514284,18.710598935037325,12.403567134748812,8.359985654707236,TP1_HALF
SOLUSDT,LONG,2021-02-16 21:00:00+00:00,2021-02-19 02:00:00+00:00,8.1323242,8.622686539285715,18.710598935037325,8.861476777126697,6.0297932943415455,STOP
SOLUSDT,LONG,2021-02-19 03:00:00+00:00,2021-02-19 06:00:00+00:00,8.726918199999998,9.275676096085713,23.138431947183676,12.280845431066254,6.288106333868404,TP1_HALF
XRPUSDT,LONG,2021-02-16 19:00:00+00:00,2021-02-19 12:00:00+00:00,0.5222417199999999,0.5757532475657142,238.23564196097516,12.48677158596243,10.246505691983842,TP1_HALF
BTCUSDT,LONG,2021-02-17 10:00:00+00:00,2021-02-19 15:00:00+00:00,51482.47104,53739.81635860286,0.008920730958696284,19.198510551387137,4.384687201298076,TP1_HALF
SOLUSDT,LONG,2021-02-19 03:00:00+00:00,2021-02-19 15:00:00+00:00,8.726918199999998,11.280665185714286,23.138431947183676,58.62675673267753,29.262872954559004,STOP
XRPUSDT,LONG,2021-02-16 19:00:00+00:00,2021-02-20 14:00:00+00:00,0.5222417199999999,0.5277338807142857,238.23564196097516,1.058286822241202,1.05165108492018,STOP
BTCUSDT,LONG,2021-02-17 10:00:00+00:00,2021-02-20 22:00:00+00:00,51482.47104,55333.93175035714,0.008920730958696284,33.40496440381681,7.4811108180193875,STOP
SOLUSDT,LONG,2021-02-21 17:00:00+00:00,2021-02-22 10:00:00+00:00,10.7931824,9.667194814028571,23.440708174860717,-26.873552142693754,-10.432396528121568,STOP
BTCUSDT,LONG,2021-02-22 15:00:00+00:00,2021-02-23 02:00:00+00:00,53532.308829999994,50948.166450098564,0.016485403373007187,-44.323032285553786,-4.827257475682146,STOP
XRPUSDT,LONG,2021-02-22 17:00:00+00:00,2021-02-23 05:00:00+00:00,0.5764959199999999,0.5084697983657143,386.56745089034547,-26.71609686617444,-11.79993114856488,STOP
ETHUSDT,LONG,2021-02-23 06:00:00+00:00,2021-02-23 08:00:00+00:00,1621.60999,1478.4004667957142,0.2926397776525464,-42.81598939902662,-8.831317276497884,STOP
SOLUSDT,LONG,2021-02-23 14:00:00+00:00,2021-02-24 18:00:00+00:00,15.761245499999998,17.807880508071428,6.252308854964084,12.58630964005082,12.98523652887349,TP1_HALF
SOLUSDT,LONG,2021-02-23 14:00:00+00:00,2021-02-25 03:00:00+00:00,15.761245499999998,16.124598546428572,6.252308854964084,2.072435324584065,2.30535744417264,STOP
BTCUSDT,LONG,2021-02-23 13:00:00+00:00,2021-02-26 07:00:00+00:00,48718.880209999996,44749.92049478999,0.010525670356596364,-42.759783405756096,-8.146656282127228,STOP
SOLUSDT,LONG,2021-02-26 01:00:00+00:00,2021-02-28 06:00:00+00:00,13.780666899999998,11.974401940242855,14.40798507175887,-26.395717223194403,-13.10723909709438,STOP
SOLUSDT,LONG,2021-02-28 15:00:00+00:00,2021-02-28 19:00:00+00:00,11.926414499999998,13.352052653357141,8.922510906159335,12.494724572699145,11.953619030741747,TP1_HALF
SOLUSDT,LONG,2021-02-28 15:00:00+00:00,2021-03-02 17:00:00+00:00,11.926414499999998,14.093788532142858,8.922510906159335,19.106252894186426,18.17288869293332,STOP
BTCUSDT,LONG,2021-03-03 12:00:00+00:00,2021-03-04 03:00:00+00:00,51717.996329999994,49505.36854938428,0.019052933869523125,-44.08565285903847,-4.278255032344013,STOP
SOLUSDT,LONG,2021-03-04 13:00:00+00:00,2021-03-05 00:00:00+00:00,13.534621099999999,12.674904936042857,30.27977956919464,-26.8256346076803,-6.35197806872585,STOP
BTCUSDT,LONG,2021-03-04 14:00:00+00:00,2021-03-05 00:00:00+00:00,49683.07344,47419.96993120286,0.018521336612924925,-43.71418002874082,-4.555079531322049,STOP
SOLUSDT,LONG,2021-03-06 14:00:00+00:00,2021-03-06 20:00:00+00:00,12.2386264,12.916275766457144,18.442136745123754,12.033392135885121,5.536972404494223,TP1_HALF
BTCUSDT,LONG,2021-03-05 17:00:00+00:00,2021-03-07 08:00:00+00:00,47705.79813999999,50176.548507574276,0.008083052705890976,19.180017277273812,5.179140615829314,TP1_HALF
SOLUSDT,LONG,2021-03-06 14:00:00+00:00,2021-03-08 07:00:00+00:00,12.2386264,13.310098007142855,18.442136745123754,19.28905282826606,8.754835486626632,STOP
BTCUSDT,LONG,2021-03-05 17:00:00+00:00,2021-03-08 08:00:00+00:00,47705.79813999999,49277.076454285714,0.008083052705890976,11.916807743080595,3.293684154858001,STOP
BTCUSDT,LONG,2021-03-08 09:00:00+00:00,2021-03-08 20:00:00+00:00,49930.23034999999,51673.64390929284,0.011420859594608247,18.75087789383625,3.4916994115026245,TP1_HALF
SOLUSDT,LONG,2021-03-08 11:00:00+00:00,2021-03-09 04:00:00+00:00,13.332118799999998,14.083770931199997,16.73361872023323,12.11909312811364,5.637904540724614,TP1_HALF
BTCUSDT,LONG,2021-03-08 09:00:00+00:00,2021-03-10 02:00:00+00:00,49930.23034999999,53963.93312035714,0.011420859594608247,44.88179233293711,8.07867847210353,STOP
SOLUSDT,LONG,2021-03-08 11:00:00+00:00,2021-03-10 02:00:00+00:00,13.332118799999998,14.431603950000001,16.73361872023323,17.933777737905732,8.246889834195015,STOP
SOLUSDT,LONG,2021-03-10 12:00:00+00:00,2021-03-11 00:00:00+00:00,14.731416699999999,13.957941215442856,34.05086150434431,-27.314403954688167,-5.25051663603503,STOP
BTCUSDT,LONG,2021-03-10 16:00:00+00:00,2021-03-11 08:00:00+00:00,56385.13880999999,54284.56526297571,0.020221924020724112,-44.71559301502767,-3.725402812437062,STOP
SOLUSDT,LONG,2021-03-11 14:00:00+00:00,2021-03-11 17:00:00+00:00,14.544630099999997,15.253208052042854,17.73972690659659,12.041373850051574,4.87174955410421,TP1_HALF
BTCUSDT,LONG,2021-03-11 11:00:00+00:00,2021-03-11 21:00:00+00:00,55586.13059999999,57678.322041899984,0.009556294686344493,18.91120947211084,3.7638731448236484,TP1_HALF
SOLUSDT,LONG,2021-03-11 14:00:00+00:00,2021-03-11 22:00:00+00:00,14.544630099999997,15.582755217857141,17.73972690659659,17.881604497715536,7.137514744064499,STOP
BTCUSDT,LONG,2021-03-11 11:00:00+00:00,2021-03-12 10:00:00+00:00,55586.13059999999,55944.0724275,0.009556294686344493,2.354782097600195,0.6439408961127047,STOP
XRPUSDT,LONG,2021-03-05 14:00:00+00:00,2021-03-12 13:00:00+00:00,0.45968923,0.4267966489842857,784.5744244547759,-26.502191967527516,-7.155395182026403,STOP
SOLUSDT,LONG,2021-03-12 17:00:00+00:00,2021-03-12 20:00:00+00:00,15.1908757,14.23606110287143,27.370157751279756,-26.938846049065106,-6.285448028046003,STOP
ETHUSDT,LONG,2021-03-12 11:00:00+00:00,2021-03-13 11:00:00+00:00,1782.45067,1862.9347989728572,0.25073451521838835,19.26612510243653,4.515363613000134,TP1_HALF
ETHUSDT,LONG,2021-03-12 11:00:00+00:00,2021-03-14 11:00:00+00:00,1782.45067,1860.0891203571427,0.25073451521838835,18.553328764106222,4.355713830618546,STOP
ETHUSDT,LONG,2021-03-14 12:00:00+00:00,2021-03-15 06:00:00+00:00,1880.7188399999998,1800.127267945714,0.5233295841482984,-44.1022495520121,-4.285147271363843,STOP
BTCUSDT,LONG,2021-03-15 13:00:00+00:00,2021-03-16 01:00:00+00:00,56495.969529999995,53778.13006796999,0.015411571488974202,-43.58567433396694,-4.810678504396315,STOP
BTCUSDT,LONG,2021-03-16 02:00:00+00:00,2021-03-17 00:00:00+00:00,54526.041569999994,57070.14465521571,0.00785824277804097,19.11522977152691,4.665849586659654,TP1_HALF
SOLUSDT,LONG,2021-03-15 08:00:00+00:00,2021-03-17 09:00:00+00:00,13.949835899999998,13.124972789099997,31.612108498424178,-26.93155394797243,-5.9130667687639304,STOP
BTCUSDT,LONG,2021-03-16 02:00:00+00:00,2021-03-17 09:00:00+00:00,54526.041569999994,54533.611443214286,0.00785824277804097,-0.7975313291498504,0.013883041930662365,STOP
ETHUSDT,LONG,2021-03-17 16:00:00+00:00,2021-03-18 02:00:00+00:00,1774.5627899999997,1846.975751138571,0.2750253277722982,18.919383547781617,4.080608561535959,TP1_HALF
ETHUSDT,LONG,2021-03-17 16:00:00+00:00,2021-03-18 19:00:00+00:00,1774.5627899999997,1773.9624760714287,0.2750253277722982,-1.1410358593811027,-0.03382883558440408,STOP
XRPUSDT,LONG,2021-03-18 13:00:00+00:00,2021-03-20 16:00:00+00:00,0.47951903999999995,0.5081489538171428,438.8879953818644,12.131849857252114,5.970547867534681,TP1_HALF
XRPUSDT,LONG,2021-03-18 13:00:00+00:00,2021-03-20 17:00:00+00:00,0.47951903999999995,0.5033575671428573,438.8879953818644,10.031070646768162,4.971341105216043,STOP
BTCUSDT,LONG,2021-03-19 09:00:00+00:00,2021-03-21 09:00:00+00:00,58396.40806999999,55949.627436929986,0.01711531085309524,-43.83447906684645,-4.18995057048207,STOP
SOLUSDT,LONG,2021-03-21 13:00:00+00:00,2021-03-21 19:00:00+00:00,13.818204399999997,14.27586781345714,27.036671045682326,11.614124970515977,3.3120324479868124,TP1_HALF
SOLUSDT,LONG,2021-03-21 13:00:00+00:00,2021-03-22 09:00:00+00:00,13.818204399999997,16.011019382142855,27.036671045682326,58.479934425294374,15.869029858487682,STOP
XRPUSDT,LONG,2021-03-22 10:00:00+00:00,2021-03-22 12:00:00+00:00,0.54339285,0.5767936932214287,378.11495700630735,12.205799112015697,6.146721146851419,TP1_HALF
XRPUSDT,LONG,2021-03-22 10:00:00+00:00,2021-03-22 13:00:00+00:00,0.54339285,0.5567744539285714,378.11495700630735,4.643794881302493,2.462602135558334,STOP
BTCUSDT,LONG,2021-03-21 14:00:00+00:00,2021-03-22 20:00:00+00:00,57083.826799999995,55315.84237212857,0.0238420273357447,-44.832169043411966,-3.0971722236944,STOP
XRPUSDT,LONG,2021-03-22 13:00:00+00:00,2021-03-22 20:00:00+00:00,0.5783577799999999,0.5400739511485714,681.9097562210763,-26.868785908424496,-6.619402414095399,STOP
XRPUSDT,LONG,2021-03-22 23:00:00+00:00,2021-03-24 19:00:00+00:00,0.55710655,0.5147905298785714,611.4300700819931,-26.528677255106924,-7.595678083739732,STOP
SOLUSDT,LONG,2021-03-23 13:00:00+00:00,2021-03-24 23:00:00+00:00,14.6729583,13.67173716312857,25.88079934271334,-26.645986716764327,-6.823580605905688,STOP
SOLUSDT,LONG,2021-03-27 08:00:00+00:00,2021-03-28 02:00:00+00:00,16.043027,17.058348005142854,12.313718016461962,12.094775555749354,6.3287371213852195,TP1_HALF
SOLUSDT,LONG,2021-03-27 08:00:00+00:00,2021-03-28 18:00:00+00:00,16.043027,18.329255967857144,12.313718016461962,27.72872823121153,14.250608490886062,STOP
SOLUSDT,LONG,2021-03-28 18:00:00+00:00,2021-03-28 19:00:00+00:00,19.0488298,17.804414705914283,20.80954215254865,-26.66260750064853,-6.532763992073242,STOP
BTCUSDT,LONG,2021-03-29 07:00:00+00:00,2021-03-29 08:00:00+00:00,55456.66125999999,56961.80886088285,0.013037371066415138,18.157526472749627,2.7140970384535112,TP1_HALF
XRPUSDT,LONG,2021-03-29 01:00:00+00:00,2021-03-30 04:00:00+00:00,0.5495089599999999,0.5714251771114285,566.0338104780116,11.770833261921238,3.98832752634799,TP1_HALF
XRPUSDT,LONG,2021-03-29 01:00:00+00:00,2021-03-30 14:00:00+00:00,0.5495089599999999,0.5649462739285714,566.0338104780116,8.107222283866859,2.8092924869817404,STOP
BTCUSDT,LONG,2021-03-29 07:00:00+00:00,2021-03-31 07:00:00+00:00,55456.66125999999,58179.59573785714,0.013037371066415138,34.0183891282794,4.910022377818768,STOP
ETHUSDT,LONG,2021-03-31 09:00:00+00:00,2021-03-31 18:00:00+00:00,1809.5977899999998,1866.1644004242858,0.3510015692098758,18.564770726926834,3.12592172342816,TP1_HALF
XRPUSDT,LONG,2021-03-31 04:00:00+00:00,2021-04-01 01:00:00+00:00,0.5526420899999999,0.5767611800528569,517.3474400785806,11.893655605292134,4.364323762031419,TP1_HALF
SOLUSDT,LONG,2021-03-31 04:00:00+00:00,2021-04-01 04:00:00+00:00,18.758139399999997,19.947664624885714,10.563629231092637,12.156829673914576,6.341381730459461,TP1_HALF
XRPUSDT,LONG,2021-03-31 04:00:00+00:00,2021-04-01 04:00:00+00:00,0.5526420899999999,0.5702827178571429,517.3474400785806,8.545391388526227,3.1920528993987896,STOP
SOLUSDT,LONG,2021-03-31 04:00:00+00:00,2021-04-01 11:00:00+00:00,18.758139399999997,19.129658335714282,10.563629231092637,3.524355641553128,1.9805745537549768,STOP
ETHUSDT,LONG,2021-03-31 09:00:00+00:00,2021-04-01 11:00:00+00:00,1809.5977899999998,1907.4859617857142,0.3510015692098758,33.05419967411031,5.409388336273024,STOP
ETHUSDT,LONG,2021-04-01 19:00:00+00:00,2021-04-02 14:00:00+00:00,1969.2572899999998,2034.9528002099999,0.305409216321507,18.841091623439976,3.3360551992675402,TP1_HALF
XRPUSDT,LONG,2021-04-02 21:00:00+00:00,2021-04-02 23:00:00+00:00,0.6044638599999999,0.5743839011399998,877.9788140884333,-27.444569967048192,-4.9763039365165795,STOP
SOLUSDT,LONG,2021-04-01 12:00:00+00:00,2021-04-03 03:00:00+00:00,19.3023831,20.445274502614282,11.113380933526413,12.25965666275159,5.920986008273155,TP1_HALF
XRPUSDT,LONG,2021-04-03 00:00:00+00:00,2021-04-03 05:00:00+00:00,0.60761701,0.6394037519185715,398.3767264570324,12.16631414129795,5.231377890255473,TP1_HALF
XRPUSDT,LONG,2021-04-03 00:00:00+00:00,2021-04-03 08:00:00+00:00,0.60761701,0.6095830210714286,398.3767264570324,0.29830889099236474,0.32356090087546363,STOP
ETHUSDT,LONG,2021-04-01 19:00:00+00:00,2021-04-03 09:00:00+00:00,1969.2572899999998,2076.1892325,0.305409216321507,31.42248410655419,5.43006457525923,STOP
SOLUSDT,LONG,2021-04-01 12:00:00+00:00,2021-04-03 15:00:00+00:00,19.3023831,21.615006214285717,11.113380933526413,25.246331090480304,11.981023805737845,STOP
BTCUSDT,LONG,2021-04-03 19:00:00+00:00,2021-04-03 22:00:00+00:00,58513.81535999999,57154.82403821142,0.032004978426374474,-47.19646024402115,-2.3225136037148153,STOP
SOLUSDT,LONG,2021-04-03 22:00:00+00:00,2021-04-04 13:00:00+00:00,23.3521288,24.70528806762857,9.406287333871019,12.276163008224266,5.794586348926645,TP1_HALF
SOLUSDT,LONG,2021-04-03 22:00:00+00:00,2021-04-04 19:00:00+00:00,23.3521288,24.128857703571427,9.406287333871019,6.8595154455672,3.32615887066976,STOP
XRPUSDT,LONG,2021-04-05 02:00:00+00:00,2021-04-05 04:00:00+00:00,0.6615909299999999,0.7007990722842856,325.35350366920574,12.313248103946002,5.9263421710278985,TP1_HALF
XRPUSDT,LONG,2021-04-05 02:00:00+00:00,2021-04-05 05:00:00+00:00,0.6615909299999999,0.6855641067857143,325.35350366920574,7.361455450109605,3.6235649097720257,STOP
XRPUSDT,LONG,2021-04-05 05:00:00+00:00,2021-04-05 07:00:00+00:00,0.7083376299999999,0.6619047055842856,568.4611755419039,-27.174244366068873,-6.555196625049319,STOP
ETHUSDT,LONG,2021-04-04 02:00:00+00:00,2021-04-05 14:00:00+00:00,2012.6506399999998,2104.6495979314286,0.22036192185040773,19.365770984738745,4.571034639743976,TP1_HALF
XRPUSDT,LONG,2021-04-05 09:00:00+00:00,2021-04-05 15:00:00+00:00,0.69665596,0.7447087201114285,265.8984124249325,12.393896046097975,6.897631380549529,TP1_HALF
XRPUSDT,LONG,2021-04-05 09:00:00+00:00,2021-04-05 17:00:00+00:00,0.69665596,0.8276732839285714,265.8984124249325,34.43198170679676,18.806603467308513,STOP
XRPUSDT,LONG,2021-04-06 02:00:00+00:00,2021-04-06 08:00:00+00:00,0.8669060399999999,0.9425289961028571,170.5461193933483,12.588609576694115,8.723316324207087,TP1_HALF
XRPUSDT,LONG,2021-04-06 02:00:00+00:00,2021-04-06 11:00:00+00:00,0.8669060399999999,1.0242083378571427,170.5461193933483,26.504774252719805,18.14525341836848,STOP
ETHUSDT,LONG,2021-04-04 02:00:00+00:00,2021-04-06 14:00:00+00:00,2012.6506399999998,2054.837391428571,0.22036192185040773,8.40003414171629,2.096079199744838,STOP
XRPUSDT,LONG,2021-04-06 15:00:00+00:00,2021-04-06 19:00:00+00:00,0.9537027499999999,1.0630290140357141,118.82807865322529,12.75138554101983,11.463347886510157,TP1_HALF
XRPUSDT,LONG,2021-04-06 15:00:00+00:00,2021-04-06 21:00:00+00:00,0.9537027499999999,0.9875211332142858,118.82807865322529,3.7879015962339695,3.54600877624458,STOP
BTCUSDT,LONG,2021-04-07 02:00:00+00:00,2021-04-07 11:00:00+00:00,57568.35083999999,56225.27927915999,0.03267205533160962,-47.59878012971365,-2.333003362512165,STOP
SOLUSDT,LONG,2021-04-07 13:00:00+00:00,2021-04-07 14:00:00+00:00,25.052227199999997,27.27481793708571,5.813009998839266,12.615764541415194,8.871828917014257,TP1_HALF
SOLUSDT,LONG,2021-04-07 13:00:00+00:00,2021-04-07 19:00:00+00:00,25.052227199999997,25.245136735714283,5.813009998839266,0.8290059805050181,0.7700294835035093,STOP
ETHUSDT,LONG,2021-04-07 17:00:00+00:00,2021-04-09 00:00:00+00:00,1998.9969999999998,2083.0215362142853,0.24330690865438323,19.45056684629989,4.203334783107993,TP1_HALF
XRPUSDT,LONG,2021-04-07 13:00:00+00:00,2021-04-10 07:00:00+00:00,0.9285275999999999,1.1006008974,75.52273523827617,12.842200746843773,18.53184519232385,TP1_HALF
XRPUSDT,LONG,2021-04-07 13:00:00+00:00,2021-04-10 18:00:00+00:00,0.9285275999999999,1.224599175,75.52273523827617,22.19752514694167,31.886136179473844,STOP
ETHUSDT,LONG,2021-04-07 17:00:00+00:00,2021-04-10 20:00:00+00:00,1998.9969999999998,2111.7764667857145,0.24330690865438323,26.43984383893984,5.64180270334147,STOP
XRPUSDT,LONG,2021-04-10 18:00:00+00:00,2021-04-10 23:00:00+00:00,1.2764051299999999,1.374709401655714,132.0577983594159,12.631745335930429,7.701651250470465,TP1_HALF
XRPUSDT,LONG,2021-04-10 18:00:00+00:00,2021-04-11 06:00:00+00:00,1.2764051299999999,1.3989193232142858,132.0577983594159,15.825657166470103,9.598378315377488,STOP
SOLUSDT,LONG,2021-04-09 01:00:00+00:00,2021-04-12 01:00:00+00:00,27.152525399999995,29.81146623531428,4.879446585678925,12.696207025904986,9.792609697049715,TP1_HALF
SOLUSDT,LONG,2021-04-09 01:00:00+00:00,2021-04-12 14:00:00+00:00,27.152525399999995,27.213477139285715,4.879446585678925,0.03213475068156879,0.22447908026161922,STOP
XRPUSDT,LONG,2021-04-11 07:00:00+00:00,2021-04-13 05:00:00+00:00,1.4135221099999997,1.5455307464614283,99.07618054877966,12.78573984499056,9.338986318468589,TP1_HALF
BTCUSDT,LONG,2021-04-11 23:00:00+00:00,2021-04-13 08:00:00+00:00,60161.78167999999,61610.876987605705,0.014013737450747413,18.600751114649203,2.408664216949963,TP1_HALF
XRPUSDT,LONG,2021-04-11 07:00:00+00:00,2021-04-13 18:00:00+00:00,1.4135221099999997,1.7247178414285715,99.07618054877966,30.521159644993595,22.01562531120025,STOP
BTCUSDT,LONG,2021-04-11 23:00:00+00:00,2021-04-14 09:00:00+00:00,60161.78167999999,63279.88891071429,0.014013737450747413,41.96645691236733,5.182870492931024,STOP
BTCUSDT,LONG,2021-04-14 11:00:00+00:00,2021-04-14 15:00:00+00:00,64164.08998999999,62432.29555679571,0.025645136976102764,-47.658687102003164,-2.6990087967805443,STOP
SOLUSDT,LONG,2021-04-14 15:00:00+00:00,2021-04-14 17:00:00+00:00,25.325400099999996,27.078676460614282,7.480624212091302,12.723586389766934,6.922995702698831,TP1_HALF
SOLUSDT,LONG,2021-04-14 15:00:00+00:00,2021-04-14 18:00:00+00:00,25.325400099999996,25.352839639285715,7.480624212091302,-0.17383998527048525,0.10834790043738884,STOP
BTCUSDT,LONG,2021-04-16 01:00:00+00:00,2021-04-16 04:00:00+00:00,63423.35999999999,61464.79332321428,0.02249239562657743,-46.861890308913615,-3.088084069947905,STOP
XRPUSDT,LONG,2021-04-16 07:00:00+00:00,2021-04-16 11:00:00+00:00,1.66314148,1.447873585662857,124.17517801241546,-27.11723994925055,-12.943450507718858,STOP
ETHUSDT,LONG,2021-04-16 07:00:00+00:00,2021-04-16 13:00:00+00:00,2418.8364199999996,2308.097440722857,0.391792809879362,-45.23871455357072,-4.5781921572498385,STOP
BTCUSDT,LONG,2021-04-16 15:00:00+00:00,2021-04-18 01:00:00+00:00,61317.88662999999,59200.466189798564,0.02049991070198646,-45.87754541344653,-3.4531856144655038,STOP
XRPUSDT,LONG,2021-04-16 15:00:00+00:00,2021-04-18 03:00:00+00:00,1.5842326499999997,1.3572204994928567,116.86085496587577,-26.8725747257986,-14.329470517297004,STOP
SOLUSDT,LONG,2021-04-18 05:00:00+00:00,2021-04-18 07:00:00+00:00,23.876652799999995,25.72300047934285,6.994349645461885,12.567083919081671,7.732858097022954,TP1_HALF
SOLUSDT,LONG,2021-04-18 05:00:00+00:00,2021-04-18 09:00:00+00:00,23.876652799999995,26.749527267857143,6.994349645461885,19.73979131110444,12.032149112027746,STOP
SOLUSDT,LONG,2021-04-18 19:00:00+00:00,2021-04-18 22:00:00+00:00,29.766336599999995,32.60031079911428,4.5818906920031095,12.699202843089278,9.52073557857398,TP1_HALF
SOLUSDT,LONG,2021-04-18 19:00:00+00:00,2021-04-19 05:00:00+00:00,29.766336599999995,30.09326946428572,4.5818906920031095,1.2237004759277474,1.098330871813502,STOP
SOLUSDT,LONG,2021-04-19 11:00:00+00:00,2021-04-20 00:00:00+00:00,32.83600319999999,29.242913157514277,7.380783610068954,-26.97801114346292,-10.942531649179877,STOP
ETHUSDT,LONG,2021-04-18 04:00:00+00:00,2021-04-20 19:00:00+00:00,2161.0589,2315.1121846714286,0.1339800440384153,20.040348265492774,7.128601847521532,TP1_HALF
ETHUSDT,LONG,2021-04-18 04:00:00+00:00,2021-04-22 19:00:00+00:00,2161.0589,2485.6111864285713,0.1339800440384153,42.86096856565667,15.018206418555803,STOP
XRPUSDT,LONG,2021-04-18 08:00:00+00:00,2021-04-22 21:00:00+00:00,1.3690777099999998,1.1307219276471425,110.52684208794304,-26.621006876664097,-17.409952744965608,STOP
XRPUSDT,LONG,2021-04-22 22:00:00+00:00,2021-04-23 01:00:00+00:00,1.19138019,1.0543294480242857,193.58766894257457,-26.966075359875784,-11.50352701228936,STOP
SOLUSDT,LONG,2021-04-22 22:00:00+00:00,2021-04-23 04:00:00+00:00,38.33829999999999,34.026978246428556,6.15511326872557,-26.982090215482334,-11.245469291991128,STOP
SOLUSDT,LONG,2021-04-23 09:00:00+00:00,2021-04-24 18:00:00+00:00,35.1616265,40.83161829492857,2.293186499623169,12.82808195407805,16.125510561715828,TP1_HALF
ETHUSDT,LONG,2021-04-23 07:00:00+00:00,2021-04-26 00:00:00+00:00,2212.63042,2409.6754752942857,0.10505376097207944,20.214733520951988,8.905466250178629,TP1_HALF
SOLUSDT,LONG,2021-04-23 09:00:00+00:00,2021-04-27 14:00:00+00:00,35.1616265,42.890202578571426,2.293186499623169,17.5440789239767,21.980143832571073,STOP
XRPUSDT,LONG,2021-04-29 02:00:00+00:00,2021-04-30 05:00:00+00:00,1.3837823999999999,1.5189344450999998,96.28352813608352,12.7334319180088,9.766856776036459,TP1_HALF
SOLUSDT,LONG,2021-04-28 01:00:00+00:00,2021-05-01 16:00:00+00:00,43.670626999999996,47.948202230142854,3.042213200378219,12.734571819064364,9.795085447577524,TP1_HALF
XRPUSDT,LONG,2021-04-29 02:00:00+00:00,2021-05-02 04:00:00+00:00,1.3837823999999999,1.5283975725,96.28352813608352,13.6436640679888,10.45071627591161,STOP
XRPUSDT,LONG,2021-05-03 05:00:00+00:00,2021-05-03 13:00:00+00:00,1.6083066999999998,1.5220973647285712,311.93454989050747,-27.868151377159453,-5.360254687207899,STOP
SOLUSDT,LONG,2021-04-28 01:00:00+00:00,2021-05-03 20:00:00+00:00,43.670626999999996,45.618764142857145,3.042213200378219,5.655011167758595,4.460978183017961,STOP
ETHUSDT,LONG,2021-04-23 07:00:00+00:00,2021-05-04 00:00:00+00:00,2212.63042,3251.2883142857145,0.10505376097207944,108.54091294537228,46.942222474086506,STOP
XRPUSDT,LONG,2021-05-03 17:00:00+00:00,2021-05-04 00:00:00+00:00,1.5651636,1.4747266828285714,296.16140114174397,-27.684222269909803,-5.778112727093099,STOP
SOLUSDT,LONG,2021-05-03 23:00:00+00:00,2021-05-04 16:00:00+00:00,45.942896999999995,42.776220817285704,8.438563644826816,-27.47086043260583,-6.89263496534468,STOP
SOLUSDT,LONG,2021-05-04 18:00:00+00:00,2021-05-07 04:00:00+00:00,44.473428999999996,41.39385085671428,8.720568169026105,-27.60448259784524,-6.924534969601092,STOP
SOLUSDT,LONG,2021-05-07 06:00:00+00:00,2021-05-07 15:00:00+00:00,42.1421,44.580189471428575,5.3218610048108586,12.51364931364974,5.78540099195004,TP1_HALF
SOLUSDT,LONG,2021-05-07 06:00:00+00:00,2021-05-07 18:00:00+00:00,42.1421,43.71652542857143,5.3218610048108586,7.921945622701943,3.7359918669725323,STOP
ETHUSDT,LONG,2021-05-05 17:00:00+00:00,2021-05-08 16:00:00+00:00,3455.3218699999993,3724.228556344285,0.0777431117786062,20.347481983162986,7.78239181359639,TP1_HALF
XRPUSDT,LONG,2021-05-07 17:00:00+00:00,2021-05-09 04:00:00+00:00,1.6087070999999997,1.4517253500428569,170.10768225241554,-27.22440471190468,-9.75825555547949,STOP
XRPUSDT,LONG,2021-05-09 06:00:00+00:00,2021-05-10 19:00:00+00:00,1.5303287999999997,1.4263010711999997,257.8871088399458,-27.589886948811557,-6.797737113749669,STOP
ETHUSDT,LONG,2021-05-05 17:00:00+00:00,2021-05-10 20:00:00+00:00,3455.3218699999993,3931.4299917857143,0.0777431117786062,36.43985785501745,13.77898035836862,STOP
SOLUSDT,LONG,2021-05-10 14:00:00+00:00,2021-05-10 20:00:00+00:00,43.991947999999994,41.409497052,10.41291513851967,-27.780120570947044,-5.87028096141593,STOP
XRPUSDT,LONG,2021-05-10 21:00:00+00:00,2021-05-12 00:00:00+00:00,1.3887873999999998,1.4974741411714283,119.85170747420983,12.680368135276668,7.826017227073678,TP1_HALF
BTCUSDT,LONG,2021-05-10 21:00:00+00:00,2021-05-12 03:00:00+00:00,55296.12087999999,57424.9163384057,0.009664605770588756,19.484564484943256,3.8498097597578163,TP1_HALF
XRPUSDT,LONG,2021-05-10 21:00:00+00:00,2021-05-12 10:00:00+00:00,1.3887873999999998,1.4353774714285714,119.85170747420983,5.245418630030312,3.3547302797081624,STOP
BTCUSDT,LONG,2021-05-10 21:00:00+00:00,2021-05-12 13:00:00+00:00,55296.12087999999,55757.91841071429,0.009664605770588756,3.389797571208822,0.8351354911793285,STOP
BTCUSDT,LONG,2021-05-12 14:00:00+00:00,2021-05-12 16:00:00+00:00,56816.870109999996,54483.00435381857,0.018611724067604935,-45.508748017160485,-4.107698561471196,STOP
SOLUSDT,LONG,2021-05-12 14:00:00+00:00,2021-05-12 19:00:00+00:00,46.316269999999996,43.06177226571428,8.256197090897,-27.607697458684846,-7.026683569911207,STOP
SOLUSDT,LONG,2021-05-12 20:00:00+00:00,2021-05-12 21:00:00+00:00,44.913869,48.65759127385714,3.4715355550206106,12.671628330541793,8.335336850755715,TP1_HALF
XRPUSDT,LONG,2021-05-12 14:00:00+00:00,2021-05-12 22:00:00+00:00,1.4591576999999998,1.3257235065857143,200.69991517068595,-27.339156721038197,-9.144604000944213,STOP
SOLUSDT,LONG,2021-05-12 20:00:00+00:00,2021-05-12 22:00:00+00:00,44.913869,44.99353285714286,3.4715355550206106,-0.035560829685070794,0.177370284316547,STOP
SOLUSDT,LONG,2021-05-13 18:00:00+00:00,2021-05-14 15:00:00+00:00,39.14410499999999,43.80179507357142,2.7963568848614972,12.792617366040757,11.898828887699509,TP1_HALF
SOLUSDT,LONG,2021-05-13 18:00:00+00:00,2021-05-15 12:00:00+00:00,39.14410499999999,40.155268821428564,2.7963568848614972,2.6058255638238994,2.5831828864871786,STOP
ETHUSDT,LONG,2021-05-14 14:00:00+00:00,2021-05-15 19:00:00+00:00,4066.9128499999993,3676.0809464357135,0.10866774321466756,-43.31223459820736,-9.610038817632539,STOP
SOLUSDT,LONG,2021-05-15 13:00:00+00:00,2021-05-15 22:00:00+00:00,41.28224099999999,44.862405116142845,3.632044244412604,12.690433305976091,8.67240738249373,TP1_HALF
SOLUSDT,LONG,2021-05-15 13:00:00+00:00,2021-05-16 15:00:00+00:00,41.28224099999999,48.92595364285715,3.632044244412604,27.43466235628176,18.51574056470713,STOP
ETHUSDT,LONG,2021-05-16 01:00:00+00:00,2021-05-16 17:00:00+00:00,3770.7669999999994,3494.9135879999994,0.15424742050470452,-43.670389727331596,-7.315578289509794,STOP
ETHUSDT,LONG,2021-05-16 22:00:00+00:00,2021-05-17 03:00:00+00:00,3480.06659,3217.362078767143,0.16164821279298747,-43.54834210806135,-7.548835760434603,STOP
SOLUSDT,LONG,2021-05-16 22:00:00+00:00,2021-05-17 06:00:00+00:00,45.99595,50.526158978571424,2.861484628285487,12.686926823971145,9.8491475414062,TP1_HALF
XRPUSDT,LONG,2021-05-17 05:00:00+00:00,2021-05-17 12:00:00+00:00,1.4005991999999998,1.5545288293714283,83.95248746310429,12.67468493116747,10.990269691102817,TP1_HALF
SOLUSDT,LONG,2021-05-16 22:00:00+00:00,2021-05-17 17:00:00+00:00,45.99595,47.356810071428576,2.861484628285487,3.626952687687943,2.9586519496359376,STOP
XRPUSDT,LONG,2021-05-17 05:00:00+00:00,2021-05-18 14:00:00+00:00,1.4005991999999998,1.5479647714285716,83.95248746310429,12.124167008004852,10.52160899624759,STOP
SOLUSDT,LONG,2021-05-17 17:00:00+00:00,2021-05-18 16:00:00+00:00,51.39334199999999,57.708218872285705,2.0540376227337256,12.746895967875286,12.287344287292544,TP1_HALF
SOLUSDT,LONG,2021-05-17 17:00:00+00:00,2021-05-19 01:00:00+00:00,51.39334199999999,51.95534978571429,2.0540376227337256,0.9421030349382773,1.0935420111700456,STOP
ETHUSDT,LONG,2021-05-17 06:00:00+00:00,2021-05-19 03:00:00+00:00,3342.3389999999995,3050.5471849285705,0.14484285616435427,-43.18992379448555,-8.730168156833551,STOP
XRPUSDT,LONG,2021-05-18 17:00:00+00:00,2021-05-19 04:00:00+00:00,1.5803787999999999,1.4084189712,153.86381722118585,-26.918263501848607,-10.880924801066683,STOP
SOLUSDT,LONG,2021-05-19 15:00:00+00:00,2021-05-19 23:00:00+00:00,43.667623999999996,35.45242180457143,3.186976696967033,-26.433811699945387,-18.813027691702587,STOP
XRPUSDT,LONG,2021-05-19 15:00:00+00:00,2021-05-20 00:00:00+00:00,1.2057044999999997,0.998893891928571,126.66278773140245,-26.47444872890348,-17.15267779720725,STOP
SOLUSDT,LONG,2021-05-21 17:00:00+00:00,2021-05-23 06:00:00+00:00,38.375337,27.38078594871429,2.3649083907442168,-26.15661324055545,-28.650044301332677,STOP
ETHUSDT,LONG,2021-06-04 03:00:00+00:00,2021-06-04 07:00:00+00:00,2736.7039699999996,2602.0585924585707,0.31348993252206614,-43.88361863532712,-4.919983272484851,STOP
SOLUSDT,LONG,2021-06-04 08:00:00+00:00,2021-06-05 00:00:00+00:00,36.752716,39.79934110542857,4.173252174809492,12.394863808257597,8.289523706026426,TP1_HALF
SOLUSDT,LONG,2021-06-04 08:00:00+00:00,2021-06-05 09:00:00+00:00,36.752716,39.660835178571425,4.173252174809492,11.817421667937506,7.912664681901127,STOP
SOLUSDT,LONG,2021-06-05 13:00:00+00:00,2021-06-08 02:00:00+00:00,41.32628499999999,37.00845378642856,6.032004408250788,-26.517692404024633,-10.448147501212446,STOP
SOLUSDT,LONG,2021-06-08 08:00:00+00:00,2021-06-08 19:00:00+00:00,36.832795999999995,40.363356525428564,3.6062281792306736,12.45361991471457,9.585372029396222,TP1_HALF
BTCUSDT,SHORT,2021-06-09 15:00:00+00:00,2021-06-09 16:00:00+00:00,34637.837490000005,36625.818504990006,0.021143110927823228,-43.538838506164495,-5.739333512272338,STOP
BTCUSDT,SHORT,2021-06-09 19:00:00+00:00,2021-06-10 10:00:00+00:00,35850.48363,38003.63143863,0.019423545992819202,-43.25627429105713,-6.005910076003063,STOP
SOLUSDT,LONG,2021-06-08 08:00:00+00:00,2021-06-10 16:00:00+00:00,36.832795999999995,40.388606678571435,3.6062281792306736,12.544586670694487,9.653925481441705,STOP
BTCUSDT,SHORT,2021-06-10 15:00:00+00:00,2021-06-12 10:00:00+00:00,36971.45154,34876.563261539995,0.009604812003824731,19.43092140860759,5.666232163466756,TP1_HALF
BTCUSDT,SHORT,2021-06-10 15:00:00+00:00,2021-06-13 16:00:00+00:00,36971.45154,36766.82009,0.009604812003824731,1.2572043708269551,0.5534850309531603,STOP
BTCUSDT,SHORT,2021-06-20 16:00:00+00:00,2021-06-20 20:00:00+00:00,34388.28729,36027.38654229,0.02560292072971498,-43.768575139773496,-4.766446314895845,STOP
BTCUSDT,SHORT,2021-06-21 13:00:00+00:00,2021-06-22 12:00:00+00:00,32252.90481,30555.558414809995,0.011826449703159507,19.330780640292733,5.262615585135588,TP1_HALF
BTCUSDT,SHORT,2021-06-21 13:00:00+00:00,2021-06-22 14:00:00+00:00,32252.90481,30563.4043,0.011826449703159507,19.23789888474982,5.238289450059619,STOP
BTCUSDT,SHORT,2021-06-23 16:00:00+00:00,2021-06-26 07:00:00+00:00,33456.64986,31179.364504859997,0.008885558656072929,19.660625502778608,6.806674800583279,TP1_HALF
BTCUSDT,SHORT,2021-06-23 16:00:00+00:00,2021-06-27 00:00:00+00:00,33456.64986,32491.893004999994,0.008885558656072929,7.986413978041477,2.883602688963316,STOP
BTCUSDT,SHORT,2021-07-01 17:00:00+00:00,2021-07-03 07:00:00+00:00,33118.4484,34491.9580434,0.03071876788554945,-44.26943230635088,-4.14726446967244,STOP
BTCUSDT,SHORT,2021-07-03 13:00:00+00:00,2021-07-04 21:00:00+00:00,34509.42603,35800.187953529996,0.03263508830404116,-44.41868981487091,-3.7403169858805985,STOP
BTCUSDT,SHORT,2021-07-04 23:00:00+00:00,2021-07-05 02:00:00+00:00,35329.17546,34448.097357959996,0.022271788841215254,18.069120755136172,2.4939107425180795,TP1_HALF
BTCUSDT,SHORT,2021-07-04 23:00:00+00:00,2021-07-05 18:00:00+00:00,35329.17546,34075.0828275,0.022271788841215254,26.385129313103317,3.5497364888118943,STOP
BTCUSDT,SHORT,2021-07-08 08:00:00+00:00,2021-07-09 14:00:00+00:00,32455.08243,33629.74143243,0.035893812701447536,-44.53502651141778,-3.6193376028655466,STOP
BTCUSDT,SHORT,2021-07-10 02:00:00+00:00,2021-07-12 20:00:00+00:00,33733.25298,32714.004660479997,0.01938292957410115,18.46807588053953,3.0214943104488023,TP1_HALF
BTCUSDT,SHORT,2021-07-10 02:00:00+00:00,2021-07-14 10:00:00+00:00,33733.25298,32634.531572499993,0.01938292957410115,20.010037569159657,3.2570870296778742,STOP
BTCUSDT,SHORT,2021-07-15 02:00:00+00:00,2021-07-15 12:00:00+00:00,32751.545670000003,31812.383773169997,0.021078935581982136,18.435594214679636,2.8675345777352645,TP1_HALF
BTCUSDT,SHORT,2021-07-15 02:00:00+00:00,2021-07-16 15:00:00+00:00,32751.545670000003,32022.933442499998,0.021078935581982136,13.99299313514829,2.2246651649403093,STOP
BTCUSDT,SHORT,2021-07-18 23:00:00+00:00,2021-07-19 13:00:00+00:00,31526.35209,30694.489129589998,0.023803656797748887,18.32029686230072,2.638627387130732,TP1_HALF
BTCUSDT,SHORT,2021-07-18 23:00:00+00:00,2021-07-21 04:00:00+00:00,31526.35209,30170.667312499998,0.023803656797748887,30.801640494241457,4.300163791959988,STOP
BTCUSDT,SHORT,2021-07-21 13:00:00+00:00,2021-07-21 16:00:00+00:00,31410.4581,32423.670450599995,0.04206584883147837,-45.30687437642496,-3.2257165666743193,STOP
BTCUSDT,SHORT,2021-07-23 06:00:00+00:00,2021-07-23 23:00:00+00:00,32589.747629999998,33633.22868763,0.040675907350871364,-45.138218471742036,-3.2018690953882656,STOP
XRPUSDT,SHORT,2021-07-25 01:00:00+00:00,2021-07-26 00:00:00+00:00,0.5997996000000001,0.6204444246,1276.4447737219198,-27.909552572941724,-3.441953712539969,STOP
ETHUSDT,LONG,2021-08-03 08:00:00+00:00,2021-08-04 13:00:00+00:00,2495.7132199999996,2625.2824524942853,0.1542607179635984,19.197474361433457,5.191671521228947,TP1_HALF
ETHUSDT,LONG,2021-08-03 08:00:00+00:00,2021-08-05 08:00:00+00:00,2495.7132199999996,2637.8723442857145,0.1542607179635984,21.137657982516508,5.696132197661519,STOP
ETHUSDT,LONG,2021-08-05 14:00:00+00:00,2021-08-05 17:00:00+00:00,2689.1764899999994,2809.506671009999,0.16625857388446022,19.09172106938949,4.47461077610416,TP1_HALF
ETHUSDT,LONG,2021-08-05 14:00:00+00:00,2021-08-06 12:00:00+00:00,2689.1764899999994,2718.5762025,0.16625857388446022,3.988869022288327,1.0932608034216695,STOP
ETHUSDT,LONG,2021-08-07 17:00:00+00:00,2021-08-09 00:00:00+00:00,3093.3402499999997,2931.898274035714,0.25891145654229825,-43.359180426252735,-5.219017725718523,STOP
SOLUSDT,LONG,2021-08-11 12:00:00+00:00,2021-08-12 05:00:00+00:00,42.576533999999995,40.42802978742857,12.116101209427024,-27.037186184088515,-5.0462168023621246,STOP
ETHUSDT,LONG,2021-08-12 10:00:00+00:00,2021-08-12 14:00:00+00:00,3149.5463999999997,3020.147158242857,0.3225114477948951,-43.72253360457745,-4.108504061319518,STOP
SOLUSDT,LONG,2021-08-13 00:00:00+00:00,2021-08-13 07:00:00+00:00,41.14310199999999,43.554147112285705,5.166591688500092,12.019289534431778,5.860144216363938,TP1_HALF
XRPUSDT,LONG,2021-08-13 17:00:00+00:00,2021-08-14 06:00:00+00:00,1.0369359,1.125241674814286,141.97536914832338,12.230269017838477,8.516030240083872,TP1_HALF
XRPUSDT,LONG,2021-08-13 17:00:00+00:00,2021-08-14 10:00:00+00:00,1.0369359,1.101365389285714,141.97536914832338,8.843814410480519,6.213449576363783,STOP
XRPUSDT,LONG,2021-08-14 16:00:00+00:00,2021-08-14 23:00:00+00:00,1.2137124999999997,1.3028369303571425,140.7022570317173,12.18592432313296,7.343125357705627,TP1_HALF
ETHUSDT,LONG,2021-08-13 21:00:00+00:00,2021-08-15 07:00:00+00:00,3284.1909099999993,3156.3235698042854,0.32580879599458584,-43.7586804244464,-3.8934198315442647,STOP
XRPUSDT,LONG,2021-08-14 16:00:00+00:00,2021-08-15 07:00:00+00:00,1.2137124999999997,1.2583118571428573,140.7022570317173,5.927410805676322,3.6746228734447106,STOP
SOLUSDT,LONG,2021-08-13 00:00:00+00:00,2021-08-15 20:00:00+00:00,41.14310199999999,52.293011785714285,5.166591688500092,57.124284977506285,27.100313889104164,STOP
ETHUSDT,LONG,2021-08-15 10:00:00+00:00,2021-08-15 22:00:00+00:00,3166.73357,3274.492228572857,0.18287976415408605,18.5289082104586,3.402833114655035,TP1_HALF
ETHUSDT,LONG,2021-08-15 10:00:00+00:00,2021-08-16 13:00:00+00:00,3166.73357,3220.739607857143,0.18287976415408605,8.708471877903877,1.7054177960775796,STOP
ETHUSDT,LONG,2021-08-16 16:00:00+00:00,2021-08-17 19:00:00+00:00,3227.06384,3105.6522218742853,0.3461461488637064,-44.21820931819218,-3.762293655948079,STOP
SOLUSDT,LONG,2021-08-17 21:00:00+00:00,2021-08-18 11:00:00+00:00,66.783717,75.56493356871428,1.4386171677720614,12.428023697159507,13.148738889023326,TP1_HALF
XRPUSDT,LONG,2021-08-18 02:00:00+00:00,2021-08-18 18:00:00+00:00,1.0993982999999998,1.1917196731285713,136.25326484499288,12.266916199756848,8.397445505288804,TP1_HALF
SOLUSDT,LONG,2021-08-17 21:00:00+00:00,2021-08-18 21:00:00+00:00,66.783717,71.57149971428572,1.4386171677720614,6.6887462183177675,7.169086911238742,STOP
XRPUSDT,LONG,2021-08-18 02:00:00+00:00,2021-08-19 11:00:00+00:00,1.0993982999999998,1.1016829285714285,136.25326484499288,0.011383598233418724,0.20780717701933682,STOP
ETHUSDT,LONG,2021-08-18 02:00:00+00:00,2021-08-20 00:00:00+00:00,3046.61357,3184.990034644286,0.14400914218194252,19.030068082070798,4.54197624558883,TP1_HALF
ETHUSDT,LONG,2021-08-18 02:00:00+00:00,2021-08-22 14:00:00+00:00,3046.61357,3164.4277617857138,0.14400914218194252,16.07187396167245,3.867053995486325,STOP
SOLUSDT,LONG,2021-08-21 01:00:00+00:00,2021-08-22 18:00:00+00:00,78.03395599999999,71.84172093685713,4.184309046478336,-26.537351343482975,-7.935308397209617,STOP
SOLUSDT,LONG,2021-08-23 02:00:00+00:00,2021-08-24 03:00:00+00:00,73.65958599999999,78.54756694971428,2.575516030522487,12.197061330495508,6.63590608520972,TP1_HALF
SOLUSDT,LONG,2021-08-23 02:00:00+00:00,2021-08-24 13:00:00+00:00,73.65958599999999,74.40890946428571,2.575516030522487,1.5485418106309101,1.0172789516977865,STOP
BTCUSDT,LONG,2021-08-24 13:00:00+00:00,2021-08-24 16:00:00+00:00,49382.663329999996,48113.47169667,0.03356840259168074,-45.87752522532228,-2.570115801265338,STOP
SOLUSDT,LONG,2021-08-25 14:00:00+00:00,2021-08-26 01:00:00+00:00,68.35829,73.45504713857142,2.466287573991925,12.220316327302145,7.455945926341068,TP1_HALF
SOLUSDT,LONG,2021-08-25 14:00:00+00:00,2021-08-26 05:00:00+00:00,68.35829,68.80384157142858,2.466287573991925,0.7605770434700249,0.6517886439648901,STOP
BTCUSDT,LONG,2021-08-25 15:00:00+00:00,2021-08-26 05:00:00+00:00,48493.79534999999,47260.83363679285,0.03441520988837746,-45.72805179872148,-2.5425143656179983,STOP
XRPUSDT,LONG,2021-08-25 15:00:00+00:00,2021-08-26 12:00:00+00:00,1.1672660999999998,1.0929292196142855,348.19535743286787,-26.670746153529322,-6.368460489490301,STOP
BTCUSDT,LONG,2021-08-26 17:00:00+00:00,2021-08-27 15:00:00+00:00,46944.617719999995,48345.041071208565,0.013999991336824816,18.27186038724125,2.9831393229386993,TP1_HALF
SOLUSDT,LONG,2021-08-27 01:00:00+00:00,2021-08-27 18:00:00+00:00,80.39031,86.33817111857142,2.1008516385612626,12.14530197413282,7.398728924632114,TP1_HALF
XRPUSDT,LONG,2021-08-26 13:00:00+00:00,2021-08-27 21:00:00+00:00,1.0946935999999998,1.160753113542857,188.587765833233,12.032666414414685,6.034520850661518,TP1_HALF
XRPUSDT,LONG,2021-08-26 13:00:00+00:00,2021-08-29 03:00:00+00:00,1.0946935999999998,1.129647792857143,188.587765833233,6.172449563703253,3.1930572040562932,STOP
BTCUSDT,LONG,2021-08-26 17:00:00+00:00,2021-08-29 03:00:00+00:00,46944.617719999995,48135.269761071424,0.013999991336824816,15.338000659131517,2.536290844188027,STOP
SOLUSDT,LONG,2021-08-27 01:00:00+00:00,2021-08-29 09:00:00+00:00,80.39031,91.69392857142856,2.1008516385612626,23.38570214288385,14.060921734757038,STOP
SOLUSDT,LONG,2021-08-30 08:00:00+00:00,2021-08-30 15:00:00+00:00,100.26015999999998,106.28009494714284,2.0871124141804023,12.133208230612135,6.004314123519117,TP1_HALF
ETHUSDT,LONG,2021-08-30 08:00:00+00:00,2021-08-30 16:00:00+00:00,3183.29011,3257.0430209614283,0.2656442092525971,17.881196510528287,2.316876829093917,TP1_HALF
SOLUSDT,LONG,2021-08-30 08:00:00+00:00,2021-08-30 19:00:00+00:00,100.26015999999998,110.60296489285714,2.0871124141804023,21.14650144367123,10.31596687343923,STOP
ETHUSDT,LONG,2021-08-30 08:00:00+00:00,2021-08-30 23:00:00+00:00,3183.29011,3267.6658489285714,0.2656442092525971,20.700267353151048,2.650582762265774,STOP
XRPUSDT,LONG,2021-08-29 10:00:00+00:00,2021-08-31 00:00:00+00:00,1.1490478999999998,1.092550684242857,461.5702987059417,-27.112092081186248,-4.916872112741588,STOP
SOLUSDT,LONG,2021-08-31 14:00:00+00:00,2021-08-31 15:00:00+00:00,125.80568,116.8183875342857,2.89554471185933,-26.725636008750914,-7.143789108499943,STOP
ETHUSDT,LONG,2021-08-31 08:00:00+00:00,2021-09-01 05:00:00+00:00,3361.4781199999993,3472.9295711657137,0.17878705028235145,18.70417261207508,3.3155489099454316,TP1_HALF
ETHUSDT,LONG,2021-08-31 08:00:00+00:00,2021-09-02 07:00:00+00:00,3361.4781199999993,3723.3450707142856,0.17878705028235145,63.4304500728365,10.765113970585238,STOP
XRPUSDT,LONG,2021-09-01 13:00:00+00:00,2021-09-02 07:00:00+00:00,1.2056043999999997,1.263707284885714,216.1477884998895,12.02507381370583,4.819398874598857,TP1_HALF
XRPUSDT,LONG,2021-09-01 13:00:00+00:00,2021-09-02 15:00:00+00:00,1.2056043999999997,1.2343965107142856,216.1477884998895,5.69595025634826,2.3881889211988527,STOP
SOLUSDT,LONG,2021-09-02 09:00:00+00:00,2021-09-02 21:00:00+00:00,117.5174,128.9308401,1.1199090694619145,12.506015462509403,9.712127821071626,TP1_HALF
ETHUSDT,LONG,2021-09-03 02:00:00+00:00,2021-09-03 08:00:00+00:00,3745.9321899999995,3871.2831031671426,0.1603305308071096,18.87630627401843,3.3463209371962233,TP1_HALF
ETHUSDT,LONG,2021-09-03 02:00:00+00:00,2021-09-03 22:00:00+00:00,3745.9321899999995,3894.755274642857,0.1603305308071096,22.6358486802033,3.972925218458312,STOP
SOLUSDT,LONG,2021-09-02 09:00:00+00:00,2021-09-04 16:00:00+00:00,117.5174,138.9184425,1.1199090694619145,23.680036765939033,18.210956420070556,STOP
XRPUSDT,LONG,2021-09-03 15:00:00+00:00,2021-09-06 00:00:00+00:00,1.2816804,1.3353722624571427,235.7484110067153,12.040805251567349,4.189177150336598,TP1_HALF
XRPUSDT,LONG,2021-09-03 15:00:00+00:00,2021-09-06 12:00:00+00:00,1.2816804,1.3394306571428571,235.7484110067153,12.996608589864234,4.505823537822473,STOP
SOLUSDT,LONG,2021-09-04 18:00:00+00:00,2021-09-06 15:00:00+00:00,140.40025999999997,151.21603545428567,1.1881666265134894,12.504454684639763,7.703529505063389,TP1_HALF
SOLUSDT,LONG,2021-09-04 18:00:00+00:00,2021-09-07 07:00:00+00:00,140.40025999999997,184.32834428571428,1.1881666265134894,51.8080520246708,31.287751380029015,STOP
ETHUSDT,LONG,2021-09-04 09:00:00+00:00,2021-09-07 08:00:00+00:00,3937.4535199999996,3814.6325689799996,0.3496045702597642,-45.64893052599718,-3.119299069719561,STOP
SOLUSDT,LONG,2021-09-07 08:00:00+00:00,2021-09-07 14:00:00+00:00,188.03784999999996,175.25277893571425,2.0754623293999943,-27.288929387607006,-6.799200833388452,STOP
ETHUSDT,LONG,2021-09-07 11:00:00+00:00,2021-09-07 14:00:00+00:00,3766.9531899999997,3670.081220738571,0.44929339366021415,-46.86534624918373,-2.571626573926944,STOP
BTCUSDT,LONG,2021-09-07 17:00:00+00:00,2021-09-08 06:00:00+00:00,47472.424999999996,45403.482497142846,0.02054700121809641,-44.418885510852895,-4.358198475972419,STOP
SOLUSDT,LONG,2021-09-08 16:00:00+00:00,2021-09-08 20:00:00+00:00,166.43626999999998,195.19623551571425,0.4467982506080303,12.688325509140995,17.27986665149026,TP1_HALF
SOLUSDT,LONG,2021-09-08 16:00:00+00:00,2021-09-09 18:00:00+00:00,166.43626999999998,186.85759821428573,0.4467982506080303,8.966362638966597,12.26975839718456,STOP
SOLUSDT,LONG,2021-09-12 14:00:00+00:00,2021-09-13 01:00:00+00:00,179.07889999999998,162.9076150285714,1.6197023660426295,-26.746584897718932,-9.030257038338174,STOP
SOLUSDT,LONG,2021-09-13 05:00:00+00:00,2021-09-14 21:00:00+00:00,161.14097999999998,146.3737454485714,1.7688380736441651,-26.664790471580137,-9.164170747520938,STOP
SOLUSDT,LONG,2021-09-14 23:00:00+00:00,2021-09-17 09:00:00+00:00,152.82266999999996,137.22780482999994,1.6687701191179436,-26.508272572801477,-10.204549606416391,STOP
SOLUSDT,LONG,2021-09-17 11:00:00+00:00,2021-09-17 23:00:00+00:00,137.54740999999999,148.62185366142856,1.1462288244635515,12.365831080942865,8.051364734115008,TP1_HALF
SOLUSDT,LONG,2021-09-17 11:00:00+00:00,2021-09-19 07:00:00+00:00,137.54740999999999,160.08653892857143,1.1462288244635515,25.49384264482803,16.386443720438983,STOP
BTCUSDT,LONG,2021-09-15 14:00:00+00:00,2021-09-20 02:00:00+00:00,47778.34060999999,46344.20144653285,0.029740273876512718,-45.45092167726062,-3.0016512611302004,STOP
SOLUSDT,LONG,2021-09-20 13:00:00+00:00,2021-09-21 00:00:00+00:00,139.18905,126.43356130714287,2.035783571784557,-26.508164479395838,-9.164146671636264,STOP
SOLUSDT,LONG,2021-09-24 08:00:00+00:00,2021-09-24 10:00:00+00:00,144.77462999999997,132.85913786999998,2.176405253872813,-26.537183265256907,-8.230373049476968,STOP
SOLUSDT,LONG,2021-09-24 12:00:00+00:00,2021-09-27 10:00:00+00:00,135.02488999999997,147.54041618142853,1.0098996735152599,12.354063194037021,9.26905119598953,TP1_HALF
SOLUSDT,LONG,2021-09-24 12:00:00+00:00,2021-09-27 23:00:00+00:00,135.02488999999997,136.1205289285714,1.0098996735152599,0.8326557262037616,0.8114347870021632,STOP
ETHUSDT,LONG,2021-10-03 04:00:00+00:00,2021-10-04 15:00:00+00:00,3408.3749699999994,3273.4903457442847,0.3113506357310524,-44.07681652628715,-3.9574467434759564,STOP
SOLUSDT,LONG,2021-10-04 05:00:00+00:00,2021-10-05 16:00:00+00:00,170.09993,160.3875961414286,2.681186482710898,-26.926676944972016,-5.709781220116561,STOP
BTCUSDT,LONG,2021-10-05 13:00:00+00:00,2021-10-05 20:00:00+00:00,50049.99999999999,51354.853026428565,0.015041328436338547,18.101459232253355,2.607098953903253,TP1_HALF
BTCUSDT,LONG,2021-10-05 13:00:00+00:00,2021-10-06 08:00:00+00:00,50049.99999999999,50479.51067357143,0.015041328436338547,4.948313720515377,0.8581631839589043,STOP
ETHUSDT,LONG,2021-10-07 02:00:00+00:00,2021-10-07 21:00:00+00:00,3520.26675,3646.230797892857,0.157330217346512,18.69044441600645,3.578252923385916,TP1_HALF
SOLUSDT,LONG,2021-10-06 08:00:00+00:00,2021-10-08 10:00:00+00:00,156.08593,164.92833656999997,1.4149450147986495,12.057301558881832,5.665088819985242,TP1_HALF
SOLUSDT,LONG,2021-10-06 08:00:00+00:00,2021-10-08 20:00:00+00:00,156.08593,159.8025375,1.4149450147986495,4.811830441766775,2.381129099849044,STOP
ETHUSDT,LONG,2021-10-07 02:00:00+00:00,2021-10-08 20:00:00+00:00,3520.26675,3561.820685357143,0.157330217346512,5.42346332587048,1.1804200734828685,STOP
XRPUSDT,LONG,2021-10-08 06:00:00+00:00,2021-10-09 11:00:00+00:00,1.0669659,1.1093447305285715,293.6005976323624,11.803483868392345,3.971901119667609,TP1_HALF
XRPUSDT,LONG,2021-10-08 06:00:00+00:00,2021-10-09 17:00:00+00:00,1.0669659,1.1642453035714286,293.6005976323624,27.906206083078615,9.117386373025482,STOP
SOLUSDT,LONG,2021-10-10 18:00:00+00:00,2021-10-10 21:00:00+00:00,153.69353999999998,146.77518931714283,3.7941722333508126,-27.389444171245547,-4.50139328097795,STOP
BTCUSDT,LONG,2021-10-09 13:00:00+00:00,2021-10-11 03:00:00+00:00,55034.239259999995,56506.636774311424,0.01340633569520845,18.2441009257959,2.6754208545617164,TP1_HALF
SOLUSDT,LONG,2021-10-10 22:00:00+00:00,2021-10-11 18:00:00+00:00,150.87071999999998,144.6081099942857,4.188311700825032,-27.467320205648136,-4.150977741548701,STOP
XRPUSDT,LONG,2021-10-10 18:00:00+00:00,2021-10-11 20:00:00+00:00,1.1762750999999998,1.1240106784714285,502.39196553063454,-27.41287055258895,-4.443214136605567,STOP
BTCUSDT,LONG,2021-10-09 13:00:00+00:00,2021-10-12 14:00:00+00:00,55034.239259999995,56253.76920642857,0.01340633569520845,14.857463451828952,2.2159476769854303,STOP
ETHUSDT,LONG,2021-10-12 14:00:00+00:00,2021-10-14 00:00:00+00:00,3499.3858899999996,3628.7060516099996,0.15385372122797558,18.799704623029847,3.6955101745009378,TP1_HALF
XRPUSDT,LONG,2021-10-12 04:00:00+00:00,2021-10-14 14:00:00+00:00,1.0949939,1.1534749846714285,214.0655372089642,12.037465107057443,5.340768078381863,TP1_HALF
SOLUSDT,LONG,2021-10-13 18:00:00+00:00,2021-10-14 14:00:00+00:00,146.98684,155.2560713742857,1.5175151352424523,12.090025574770086,5.6258311113333015,TP1_HALF
SOLUSDT,LONG,2021-10-13 18:00:00+00:00,2021-10-15 00:00:00+00:00,146.98684,147.0781317857143,1.5175151352424523,-0.3077113788846987,0.06210881580575034,STOP
XRPUSDT,LONG,2021-10-12 04:00:00+00:00,2021-10-15 09:00:00+00:00,1.0949939,1.1048583214285714,214.0655372089642,1.6407201248023293,0.9008654229554658,STOP
XRPUSDT,LONG,2021-10-15 10:00:00+00:00,2021-10-16 10:00:00+00:00,1.1184173,1.1620719219857143,286.489562829005,11.85325720790983,3.9032498858623033,TP1_HALF
XRPUSDT,LONG,2021-10-15 10:00:00+00:00,2021-10-16 13:00:00+00:00,1.1184173,1.1409400607142857,286.489562829005,5.805253568192473,2.013806538425844,STOP
ETHUSDT,LONG,2021-10-12 14:00:00+00:00,2021-10-16 17:00:00+00:00,3499.3858899999996,3834.2094525,0.15385372122797558,50.385550112008985,9.568066312915292,STOP
SOLUSDT,LONG,2021-10-17 09:00:00+00:00,2021-10-17 19:00:00+00:00,166.47630999999998,158.20401904714285,3.185855843348765,-27.38871119355626,-4.969049922392643,STOP
XRPUSDT,LONG,2021-10-17 01:00:00+00:00,2021-10-17 20:00:00+00:00,1.1333322,1.088763774942857,594.5413085677718,-27.818897602984162,-3.9325120257893476,STOP
BTCUSDT,LONG,2021-10-17 14:00:00+00:00,2021-10-17 20:00:00+00:00,61078.05703999999,59394.89875831714,0.025472433782475094,-45.9428772647427,-2.7557495494340167,STOP
BTCUSDT,LONG,2021-10-17 22:00:00+00:00,2021-10-18 00:00:00+00:00,60684.57394999999,62235.42979390713,0.01269410723938898,18.126370685999106,2.55560143700595,TP1_HALF
BTCUSDT,LONG,2021-10-17 22:00:00+00:00,2021-10-18 09:00:00+00:00,60684.57394999999,61021.543802142856,0.01269410723938898,2.7325809291071783,0.55528090618302,STOP
ETHUSDT,LONG,2021-10-18 11:00:00+00:00,2021-10-20 12:00:00+00:00,3788.9451599999993,3906.6449616257137,0.16872956230564812,18.56096245886282,3.1064002421643533,TP1_HALF
XRPUSDT,LONG,2021-10-18 14:00:00+00:00,2021-10-20 14:00:00+00:00,1.0903892999999998,1.1313425392714282,304.7242793784682,11.80243069150584,3.7558364954084267,TP1_HALF
SOLUSDT,LONG,2021-10-18 19:00:00+00:00,2021-10-20 14:00:00+00:00,157.29713999999996,163.8670375028571,1.9044661406501544,11.900501040089488,4.1767431390406395,TP1_HALF
SOLUSDT,LONG,2021-10-18 19:00:00+00:00,2021-10-21 02:00:00+00:00,157.29713999999996,182.85303535714286,1.9044661406501544,48.02253290997324,16.246891302119604,STOP
ETHUSDT,LONG,2021-10-18 11:00:00+00:00,2021-10-21 11:00:00+00:00,3788.9451599999993,4194.021423214285,0.16872956230564812,67.00137813506763,10.69100359357764,STOP
XRPUSDT,LONG,2021-10-18 14:00:00+00:00,2021-10-21 12:00:00+00:00,1.0903892999999998,1.1207923714285715,304.7242793784682,8.590753290562654,2.7882767584542334,STOP
BTCUSDT,LONG,2021-10-22 01:00:00+00:00,2021-10-22 15:00:00+00:00,62852.00921999999,60466.41477827999,0.017935840098921838,-44.99945998165084,-3.795573874766256,STOP
SOLUSDT,LONG,2021-10-23 12:00:00+00:00,2021-10-24 15:00:00+00:00,202.45224999999996,187.02610810714285,1.7029593347331409,-26.93335814097409,-7.6196445793302425,STOP
XRPUSDT,LONG,2021-10-24 10:00:00+00:00,2021-10-24 18:00:00+00:00,1.0861850999999998,1.0568843006142856,918.8615560663708,-28.89256220175255,-2.697588043300736,STOP
SOLUSDT,LONG,2021-10-24 17:00:00+00:00,2021-10-24 22:00:00+00:00,190.97078,202.60725564857142,1.093137833284184,12.290036736426421,6.093327810972671,TP1_HALF
SOLUSDT,LONG,2021-10-24 17:00:00+00:00,2021-10-26 04:00:00+00:00,190.97078,206.88362357142856,1.093137833284184,16.960021642378937,8.332606470701197,STOP
XRPUSDT,LONG,2021-10-26 01:00:00+00:00,2021-10-26 05:00:00+00:00,1.1044032999999998,1.1268574574142853,547.9238275668971,11.080606940722728,2.033148344837943,TP1_HALF
XRPUSDT,LONG,2021-10-26 01:00:00+00:00,2021-10-26 14:00:00+00:00,1.1044032999999998,1.1058109392857145,547.9238275668971,-0.43974994046992977,0.12745699743152983,STOP
BTCUSDT,LONG,2021-10-23 12:00:00+00:00,2021-10-27 08:00:00+00:00,61613.78223,59131.79231812714,0.017138046649111005,-44.605802181579456,-4.028303119921706,STOP
XRPUSDT,LONG,2021-10-27 20:00:00+00:00,2021-10-28 07:00:00+00:00,1.0146136,1.0672345828285712,240.27069182369326,12.14307284550339,5.186307657276745,TP1_HALF
BTCUSDT,LONG,2021-10-27 20:00:00+00:00,2021-10-28 09:00:00+00:00,59121.38231999999,60764.18124232284,0.012115314048596268,18.45057361018635,2.778688281392072,TP1_HALF
BTCUSDT,LONG,2021-10-27 20:00:00+00:00,2021-10-28 18:00:00+00:00,59121.38231999999,60036.279695357145,0.012115314048596268,9.640636528075856,1.5474898242486823,STOP
SOLUSDT,LONG,2021-10-27 10:00:00+00:00,2021-10-29 01:00:00+00:00,189.89971,201.34245171857143,1.1078362502102752,12.243251828264384,6.02567624698922,TP1_HALF
ETHUSDT,LONG,2021-10-28 20:00:00+00:00,2021-10-29 15:00:00+00:00,4263.29904,4443.133958459999,0.112438280798848,19.241392701006127,4.218210282054224,TP1_HALF
SOLUSDT,LONG,2021-10-27 10:00:00+00:00,2021-10-30 13:00:00+00:00,189.89971,193.38213857142858,1.1078362502102752,3.433347084301535,1.8338251129654592,STOP
XRPUSDT,LONG,2021-10-27 20:00:00+00:00,2021-10-30 14:00:00+00:00,1.0146136,1.0621475035714287,240.27069182369326,10.922019069080285,4.684926712142312,STOP
ETHUSDT,LONG,2021-10-28 20:00:00+00:00,2021-10-30 14:00:00+00:00,4263.29904,4271.9113125,0.112438280798848,0.008664735379620203,0.20200958035541117,STOP
XRPUSDT,LONG,2021-10-31 00:00:00+00:00,2021-10-31 04:00:00+00:00,1.0856846,1.1220078975428571,347.36464908213617,11.850555174790346,3.3456583562903264,TP1_HALF
XRPUSDT,LONG,2021-10-31 00:00:00+00:00,2021-10-31 06:00:00+00:00,1.0856846,1.1158366178571428,347.36464908213617,9.7090144567769,2.7772354749383776,STOP
SOLUSDT,LONG,2021-10-31 00:00:00+00:00,2021-10-31 10:00:00+00:00,195.89569999999998,186.76874429999998,2.909969915009753,-27.672708523083696,-4.659089352139933,STOP
ETHUSDT,LONG,2021-11-01 13:00:00+00:00,2021-11-02 15:00:00+00:00,4349.925579999999,4488.336679062857,0.14555148177028693,18.859518393971925,3.1819187826854334,TP1_HALF
SOLUSDT,LONG,2021-11-01 05:00:00+00:00,2021-11-02 17:00:00+00:00,202.65244999999996,212.31313862142852,1.3166861085238477,12.173715080556132,4.767121552899334,TP1_HALF
XRPUSDT,LONG,2021-11-01 08:00:00+00:00,2021-11-03 04:00:00+00:00,1.1046034999999998,1.1524570322142855,265.2659048982787,12.095189320913406,4.332190891508647,TP1_HALF
XRPUSDT,LONG,2021-11-01 08:00:00+00:00,2021-11-03 06:00:00+00:00,1.1046034999999998,1.1861055642857143,265.2659048982787,21.0120718210313,7.378399967564331,STOP
SOLUSDT,LONG,2021-11-01 05:00:00+00:00,2021-11-03 12:00:00+00:00,202.65244999999996,224.90165892857144,1.3166861085238477,28.73226976602628,10.978998244813454,STOP
ETHUSDT,LONG,2021-11-01 13:00:00+00:00,2021-11-03 12:00:00+00:00,4349.925579999999,4492.578995357142,0.14555148177028693,19.476376341320577,3.2794449636801115,STOP
XRPUSDT,LONG,2021-11-04 02:00:00+00:00,2021-11-04 07:00:00+00:00,1.2416403999999999,1.1931531953142858,555.7016985753695,-28.297440939619523,-3.90509238308564,STOP
BTCUSDT,LONG,2021-11-03 19:00:00+00:00,2021-11-04 08:00:00+00:00,63212.18904,61536.93336524571,0.026058294884857947,-46.90505579854194,-2.650209872805065,STOP
ETHUSDT,LONG,2021-11-04 10:00:00+00:00,2021-11-06 11:00:00+00:00,4529.595069999999,4383.474350644286,0.29455656596689217,-45.666220430800564,-3.225911303274931,STOP
SOLUSDT,LONG,2021-11-03 21:00:00+00:00,2021-11-06 15:00:00+00:00,239.27903999999995,251.26859131714284,1.0734649004427448,12.343776846795684,5.010698520498447,TP1_HALF
XRPUSDT,LONG,2021-11-06 12:00:00+00:00,2021-11-07 11:00:00+00:00,1.1293282,1.1778848503714285,261.1659410640802,12.07877782163807,4.299604877610297,TP1_HALF
SOLUSDT,LONG,2021-11-03 21:00:00+00:00,2021-11-07 19:00:00+00:00,239.27903999999995,247.4112696428571,1.0734649004427448,8.207218119159961,3.398638527995246,STOP
BTCUSDT,LONG,2021-11-07 10:00:00+00:00,2021-11-08 00:00:00+00:00,62032.72074999999,63260.2500335357,0.01611920897105574,17.767177460738253,1.9788415995532604,TP1_HALF
XRPUSDT,LONG,2021-11-06 12:00:00+00:00,2021-11-08 13:00:00+00:00,1.1293282,1.2450180214285715,261.1659410640802,29.594142719596938,10.244127564384865,STOP
BTCUSDT,LONG,2021-11-07 10:00:00+00:00,2021-11-08 14:00:00+00:00,62032.72074999999,65067.014995714286,0.01611920897105574,46.8616758256895,4.891441498983884,STOP
ETHUSDT,LONG,2021-11-08 16:00:00+00:00,2021-11-10 20:00:00+00:00,4768.53377,4654.2462933728575,0.3837785107465358,-47.477338076757654,-2.396700582182154,STOP
SOLUSDT,LONG,2021-11-08 21:00:00+00:00,2021-11-10 20:00:00+00:00,245.41516999999996,234.54110840142854,2.471564527919534,-28.062187834090338,-4.43088403971581,STOP
BTCUSDT,LONG,2021-11-12 09:00:00+00:00,2021-11-12 16:00:00+00:00,64955.53063999999,62793.19744364571,0.019895873559089408,-45.563180408573125,-3.3289439329477255,STOP
SOLUSDT,LONG,2021-11-12 17:00:00+00:00,2021-11-13 20:00:00+00:00,226.42619999999997,239.09971808571424,1.0064745594436177,12.287033538605094,5.597195945396027,TP1_HALF
BTCUSDT,LONG,2021-11-12 18:00:00+00:00,2021-11-15 00:00:00+00:00,63641.577999999994,65805.4919937857,0.009325713553464954,18.972855765282507,3.400157667029746,TP1_HALF
BTCUSDT,LONG,2021-11-12 18:00:00+00:00,2021-11-15 15:00:00+00:00,63641.577999999994,64107.862608214295,0.009325713553464954,3.1570820008686082,0.7326729205462179,STOP
XRPUSDT,LONG,2021-11-12 08:00:00+00:00,2021-11-16 00:00:00+00:00,1.2060047999999999,1.1309013380571427,352.93129878981716,-27.331129685558604,-6.227459620629805,STOP
SOLUSDT,LONG,2021-11-12 17:00:00+00:00,2021-11-16 00:00:00+00:00,226.42619999999997,233.21369571428573,1.0064745594436177,6.368825897219466,2.997663571744691,STOP
BTCUSDT,LONG,2021-11-16 02:00:00+00:00,2021-11-16 03:00:00+00:00,62172.21009999999,60670.822831328565,0.028905238989429184,-46.948765041700206,-2.4148848275725388,STOP
SOLUSDT,LONG,2021-11-16 11:00:00+00:00,2021-11-17 02:00:00+00:00,224.36413999999996,215.3253847885714,2.936479646217772,-27.8332600457016,-4.02860956810146,STOP
XRPUSDT,LONG,2021-11-16 11:00:00+00:00,2021-11-17 03:00:00+00:00,1.0940929999999998,1.0597857248571425,779.3074407542133,-28.41444850759409,-3.135681806103985,STOP
BTCUSDT,LONG,2021-11-16 12:00:00+00:00,2021-11-17 03:00:00+00:00,60635.06448999999,58636.878558724275,0.021374018442565052,-45.25858365716516,-3.29542971229998,STOP
ETHUSDT,LONG,2021-11-21 15:00:00+00:00,2021-11-22 01:00:00+00:00,4336.42209,4204.057038981429,0.3203004606047252,-45.13210620801395,-3.0524023785371557,STOP
SOLUSDT,LONG,2021-11-22 14:00:00+00:00,2021-11-24 14:00:00+00:00,222.98275999999996,210.66688223999998,2.110086176635413,-26.90260153010098,-5.5232421376432805,STOP
SOLUSDT,LONG,2021-11-24 16:00:00+00:00,2021-11-24 19:00:00+00:00,212.55234,200.38068730285713,2.128074902597628,-26.78094103978132,-5.726426110925365,STOP
ETHUSDT,LONG,2021-11-26 13:00:00+00:00,2021-11-28 21:00:00+00:00,4055.0409899999995,4224.380595081428,0.11711077130710908,18.86188231612168,4.176026962465507,TP1_HALF
ETHUSDT,LONG,2021-11-26 13:00:00+00:00,2021-11-30 16:00:00+00:00,4055.0409899999995,4574.852353928572,0.11711077130710908,59.86485629806989,12.818892958430306,STOP
ETHUSDT,LONG,2021-12-01 01:00:00+00:00,2021-12-01 21:00:00+00:00,4728.6439199999995,4535.674776437142,0.21742055301090274,-43.96971120172535,-4.080855882310919,STOP
SOLUSDT,LONG,2021-12-02 02:00:00+00:00,2021-12-02 03:00:00+00:00,234.09385999999998,221.89745471142854,2.1291689115002006,-26.939089503680623,-5.2100492035850205,STOP
SOLUSDT,LONG,2021-12-02 04:00:00+00:00,2021-12-02 20:00:00+00:00,224.46424,237.13650897428568,0.9848424715502396,12.025584674295658,5.645562506653934,TP1_HALF
SOLUSDT,LONG,2021-12-02 04:00:00+00:00,2021-12-03 01:00:00+00:00,224.46424,229.9801467857143,0.9848424715502396,4.9847431386194545,2.4573654964881397,STOP
SOLUSDT,LONG,2021-12-03 21:00:00+00:00,2021-12-04 03:00:00+00:00,216.41619999999998,199.97102879999997,1.56789504315489,-26.43715388038208,-7.598863301360992,STOP
ETHUSDT,LONG,2021-12-03 21:00:00+00:00,2021-12-04 04:00:00+00:00,4213.8096,4007.915886471428,0.2018643129071456,-43.22226597958346,-4.886165562121536,STOP
XRPUSDT,SHORT,2021-12-19 01:00:00+00:00,2021-12-20 01:00:00+00:00,0.8242748999999999,0.8514397748999999,961.3145764647601,-27.724879152188937,-3.2956086494930315,STOP
XRPUSDT,SHORT,2021-12-20 13:00:00+00:00,2021-12-20 20:00:00+00:00,0.8326665,0.8695780664999999,699.9166056268156,-27.0264475719798,-4.4329352147588486,STOP
XRPUSDT,SHORT,2021-12-29 08:00:00+00:00,2021-12-30 00:00:00+00:00,0.8392599,0.8065620848999999,375.4738231897156,11.659210572587334,3.896029716182081,TP1_HALF
XRPUSDT,SHORT,2021-12-29 08:00:00+00:00,2021-12-30 07:00:00+00:00,0.8392599,0.8363390749999999,375.4738231897156,0.4675497763420884,0.34802389581582993,STOP
XRPUSDT,SHORT,2021-12-30 14:00:00+00:00,2022-01-04 05:00:00+00:00,0.8368623,0.8021779622999999,354.92796914903886,11.728700309488802,4.144569267847298,TP1_HALF
XRPUSDT,SHORT,2021-12-30 14:00:00+00:00,2022-01-04 06:00:00+00:00,0.8368623,0.8157005999999999,354.92796914903886,6.924338410753191,2.5286955811009815,STOP
XRPUSDT,SHORT,2022-01-04 06:00:00+00:00,2022-01-04 14:00:00+00:00,0.8260731,0.8464293980999998,1293.4625169382873,-28.49342786674986,-2.46422478833892,STOP
XRPUSDT,SHORT,2022-01-04 16:00:00+00:00,2022-01-05 19:00:00+00:00,0.8342649,0.8104960148999999,511.93260175291545,11.326060455582883,2.8490812810175847,TP1_HALF
XRPUSDT,SHORT,2022-01-04 16:00:00+00:00,2022-01-05 23:00:00+00:00,0.8342649,0.73451235,511.93260175291545,50.26347423382447,11.956939576386338,STOP
XRPUSDT,SHORT,2022-01-07 14:00:00+00:00,2022-01-10 14:00:00+00:00,0.7474518,0.7061358017999999,301.2643636244146,12.009123761401872,5.527580266714205,TP1_HALF
BTCUSDT,SHORT,2022-01-10 09:00:00+00:00,2022-01-10 14:00:00+00:00,41775.02316,40696.13435315999,0.018092445790595223,18.02763230523826,2.582616896962131,TP1_HALF
BTCUSDT,SHORT,2022-01-10 09:00:00+00:00,2022-01-10 15:00:00+00:00,41775.02316,40810.31382999999,0.018092445790595223,15.959780524116919,2.3092969363658566,STOP
XRPUSDT,SHORT,2022-01-07 14:00:00+00:00,2022-01-10 16:00:00+00:00,0.7474518,0.7394601499999999,301.2643636244146,1.959645769176804,1.0691859996858843,STOP
BTCUSDT,SHORT,2022-01-12 12:00:00+00:00,2022-01-12 21:00:00+00:00,42892.984079999995,44273.834756579985,0.030451722031323365,-44.70366070754491,-3.219292633043569,STOP
BTCUSDT,SHORT,2022-01-13 16:00:00+00:00,2022-01-14 10:00:00+00:00,43156.8,41984.7960675,0.016690846403814193,18.14065231948554,2.7156877537259594,TP1_HALF
BTCUSDT,SHORT,2022-01-13 16:00:00+00:00,2022-01-14 14:00:00+00:00,43156.8,42982.8366825,0.016690846403814193,1.4658515671425847,0.40309596054388663,STOP
BTCUSDT,SHORT,2022-01-15 21:00:00+00:00,2022-01-17 05:00:00+00:00,43441.515,42432.576615,0.01930986458681414,17.824246510187653,2.3225211758844067,TP1_HALF
BTCUSDT,SHORT,2022-01-15 21:00:00+00:00,2022-01-18 21:00:00+00:00,43441.515,42343.62989999999,0.01930986458681414,19.5435130813018,2.5272716662851358,STOP
BTCUSDT,SHORT,2022-01-19 16:00:00+00:00,2022-01-20 14:00:00+00:00,41939.28873,43001.78898873,0.0399704166965881,-45.863708352745554,-2.5334246023346774,STOP
BTCUSDT,SHORT,2022-01-21 02:00:00+00:00,2022-01-21 03:00:00+00:00,39723.227009999995,38472.67696700999,0.015736437346690803,18.448677456711646,3.1481582366789884,TP1_HALF
BTCUSDT,SHORT,2022-01-21 02:00:00+00:00,2022-01-21 15:00:00+00:00,39723.227009999995,39037.98327,0.015736437346690803,9.543874330801295,1.7250455000231812,STOP
BTCUSDT,SHORT,2022-01-22 10:00:00+00:00,2022-01-24 20:00:00+00:00,34779.67551,36738.215595509995,0.02116723626945157,-42.970716831705175,-5.631277626344922,STOP
BTCUSDT,SHORT,2022-01-25 15:00:00+00:00,2022-01-26 10:00:00+00:00,36263.69001,38190.951380009996,0.021442985786261137,-42.922767980581696,-5.314576011096883,STOP
BTCUSDT,SHORT,2022-01-26 10:00:00+00:00,2022-01-27 02:00:00+00:00,37612.35,35819.16945749999,0.011027127584038988,18.963891889616118,4.767531256355973,TP1_HALF
BTCUSDT,SHORT,2022-01-26 10:00:00+00:00,2022-01-28 00:00:00+00:00,37612.35,37373.3099025,0.011027127584038988,1.809049214115408,0.6355361935640902,STOP
BTCUSDT,SHORT,2022-01-29 15:00:00+00:00,2022-02-01 09:00:00+00:00,37582.41996,38811.36004745999,0.03396121045007506,-44.33071818067241,-3.2699865755531077,STOP
BTCUSDT,SHORT,2022-02-01 10:00:00+00:00,2022-02-01 16:00:00+00:00,38217.863880000004,39254.73904638,0.04033660813458328,-44.949009296158145,-2.71306415668775,STOP
BTCUSDT,SHORT,2022-02-02 14:00:00+00:00,2022-02-02 16:00:00+00:00,38323.24839,37381.84288839,0.020466109848496675,17.717519693735433,2.456486704962235,TP1_HALF
BTCUSDT,SHORT,2022-02-02 14:00:00+00:00,2022-02-03 23:00:00+00:00,38323.24839,37265.978749999995,0.020466109848496675,20.091179165710447,2.7588205186590775,STOP
BTCUSDT,SHORT,2022-02-04 14:00:00+00:00,2022-02-04 15:00:00+00:00,37383.9786,38460.8971461,0.03872296287895588,-44.63841519236446,-2.8806953845730954,STOP
ETHUSDT,SHORT,2022-02-12 22:00:00+00:00,2022-02-15 01:00:00+00:00,2873.4636600000003,3018.38545866,0.28212316782357,-42.548024062343586,-5.043453330465986,STOP
ETHUSDT,SHORT,2022-02-15 15:00:00+00:00,2022-02-17 13:00:00+00:00,3116.0608199999997,3015.9058558199995,0.19320406651293578,18.165625463543225,3.2141530594386847,TP1_HALF
SOLUSDT,SHORT,2022-02-17 09:00:00+00:00,2022-02-17 18:00:00+00:00,99.18072000000001,94.06755072,2.3924407876196714,11.770619694468431,5.155406494326731,TP1_HALF
SOLUSDT,SHORT,2022-02-17 09:00:00+00:00,2022-02-20 12:00:00+00:00,99.18072000000001,90.85790999999999,2.3924407876196714,19.457173941973558,8.391560375847263,STOP
ETHUSDT,SHORT,2022-02-15 15:00:00+00:00,2022-02-21 01:00:00+00:00,3116.0608199999997,2681.8470249999996,0.19320406651293578,82.77169155709304,13.934702179529346,STOP
BTCUSDT,SHORT,2022-02-21 16:00:00+00:00,2022-02-21 21:00:00+00:00,38789.11206,37522.11097205999,0.01548256108408111,18.434928565633577,3.2663833242178253,TP1_HALF
BTCUSDT,SHORT,2022-02-21 16:00:00+00:00,2022-02-22 10:00:00+00:00,38789.11206,37692.140199999994,0.01548256108408111,15.799808170065685,2.8280406581702167,STOP
BTCUSDT,SHORT,2022-02-23 18:00:00+00:00,2022-02-24 02:00:00+00:00,38046.395520000005,36369.319220519996,0.011827442162928943,18.955375372812195,4.407976830810201,TP1_HALF
BTCUSDT,SHORT,2022-02-23 18:00:00+00:00,2022-02-24 15:00:00+00:00,38046.395520000005,36071.724975,0.011827442162928943,22.47867387844736,5.190164581982481,STOP
BTCUSDT,SHORT,2022-02-26 09:00:00+00:00,2022-02-28 15:00:00+00:00,38744.0172,40659.9955047,0.021700504385274193,-43.30080272913916,-4.945223658170361,STOP
SOLUSDT,SHORT,2022-03-04 13:00:00+00:00,2022-03-05 00:00:00+00:00,92.30760000000001,86.9912901,2.3436877858547787,12.03954995970417,5.759341484341496,TP1_HALF
XRPUSDT,SHORT,2022-03-04 23:00:00+00:00,2022-03-05 12:00:00+00:00,0.7124868,0.7444090367999998,812.3173542313169,-27.114448710061446,-4.480396942090703,STOP
SOLUSDT,SHORT,2022-03-04 13:00:00+00:00,2022-03-07 14:00:00+00:00,92.30760000000001,86.6097375,2.3436877858547787,12.934684368153599,6.1726905476905625,STOP
BTCUSDT,SHORT,2022-03-07 17:00:00+00:00,2022-03-07 19:00:00+00:00,38789.501670000005,37727.42676417,0.01841960952651057,18.15359310936883,2.738047306886182,TP1_HALF
BTCUSDT,SHORT,2022-03-07 17:00:00+00:00,2022-03-07 21:00:00+00:00,38789.501670000005,38293.019407499996,0.01841960952651057,7.725179472522115,1.2799397804174162,STOP
BTCUSDT,SHORT,2022-03-11 14:00:00+00:00,2022-03-13 22:00:00+00:00,39219.3414,37695.8853414,0.01300929280034257,18.818473229299645,3.884450896465086,TP1_HALF
BTCUSDT,SHORT,2022-03-11 14:00:00+00:00,2022-03-14 07:00:00+00:00,39219.3414,39155.23039999999,0.01300929280034257,-0.18555898192485176,0.16346781386799014,STOP
BTCUSDT,SHORT,2022-03-16 04:00:00+00:00,2022-03-16 09:00:00+00:00,39120.84,40658.54471249999,0.027181134534484515,-43.96505285372207,-3.9306536171002326,STOP
XRPUSDT,SHORT,2022-04-13 00:00:00+00:00,2022-04-15 02:00:00+00:00,0.7144847999999999,0.7440280847999998,879.2677326580781,-27.258880358638464,-4.134907390612086,STOP
BTCUSDT,SHORT,2022-04-16 23:00:00+00:00,2022-04-17 23:00:00+00:00,40365.45414,39672.31432164,0.02757173720319038,16.904288598534983,1.7171609563860657,TP1_HALF
BTCUSDT,SHORT,2022-04-16 23:00:00+00:00,2022-04-18 12:00:00+00:00,40365.45414,39308.5517825,0.02757173720319038,26.943883297201843,2.618333869933276,STOP
BTCUSDT,SHORT,2022-04-19 01:00:00+00:00,2022-04-20 10:00:00+00:00,40839.90921,41807.058789209994,0.043855309533063026,-46.03915252460053,-2.3681482107045904,STOP
BTCUSDT,SHORT,2022-04-20 10:00:00+00:00,2022-04-21 11:00:00+00:00,41498.469990000005,42513.855302489996,0.04152356800591149,-45.65091257799928,-2.4468018043428463,STOP
BTCUSDT,SHORT,2022-04-21 15:00:00+00:00,2022-04-21 17:00:00+00:00,42455.91159,41604.54707409,0.02251932773188317,17.27917153512441,2.0052908629820454,TP1_HALF
BTCUSDT,SHORT,2022-04-21 15:00:00+00:00,2022-04-22 00:00:00+00:00,42455.91159,40684.57142749999,0.02251932773188317,38.017121859126796,4.172187326010047,STOP
BTCUSDT,SHORT,2022-04-26 13:00:00+00:00,2022-04-26 14:00:00+00:00,40246.06365,39316.220593649996,0.020862968053594673,17.739380585040607,2.3103950349936953,TP1_HALF
BTCUSDT,SHORT,2022-04-26 13:00:00+00:00,2022-04-27 06:00:00+00:00,40246.06365,38710.05137999999,0.020862968053594673,30.398516013432737,3.816552802176987,STOP
BTCUSDT,SHORT,2022-04-29 17:00:00+00:00,2022-05-01 01:00:00+00:00,38483.80767,37438.591360169994,0.018764702578054123,18.18851194687788,2.7159898490107137,TP1_HALF
BTCUSDT,SHORT,2022-04-29 17:00:00+00:00,2022-05-01 15:00:00+00:00,38483.80767,38507.46649749999,0.018764702578054123,-1.888669222241332,-0.06147735614641103,STOP
BTCUSDT,SHORT,2022-05-01 23:00:00+00:00,2022-05-02 04:00:00+00:00,38268.32337,39101.65524836999,0.05123601137477521,-46.660730703684735,-2.1776022699318887,STOP
BTCUSDT,SHORT,2022-05-03 17:00:00+00:00,2022-05-04 08:00:00+00:00,38111.08077,39028.12812326999,0.04613423868214718,-45.86604015342323,-2.406248615210793,STOP
BTCUSDT,SHORT,2022-05-04 13:00:00+00:00,2022-05-04 18:00:00+00:00,38925.31572,39813.95490071999,0.047504706960545255,-45.95502985088655,-2.2829337778843106,STOP
XRPUSDT,SHORT,2022-05-05 02:00:00+00:00,2022-05-05 14:00:00+00:00,0.6478514999999999,0.6270279014999999,584.8086094793075,11.43225923309539,3.214254887115342,TP1_HALF
SOLUSDT,SHORT,2022-05-05 14:00:00+00:00,2022-05-05 15:00:00+00:00,89.7102,86.65426769999999,3.996319808233096,11.507673967371366,3.4064490994335173,TP1_HALF
SOLUSDT,SHORT,2022-05-05 14:00:00+00:00,2022-05-05 20:00:00+00:00,89.7102,84.54696249999998,3.996319808233096,19.937560945636776,5.755463146888562,STOP
XRPUSDT,SHORT,2022-05-05 02:00:00+00:00,2022-05-05 23:00:00+00:00,0.6478514999999999,0.6021515499999999,584.8086094793075,25.99471166725851,7.054077979290019,STOP
BTCUSDT,SHORT,2022-05-06 14:00:00+00:00,2022-05-08 02:00:00+00:00,35711.76249,34487.85517749,0.01605928702282115,18.527723011913288,3.4271826064387723,TP1_HALF
BTCUSDT,SHORT,2022-05-06 14:00:00+00:00,2022-05-09 20:00:00+00:00,35711.76249,31624.023144999996,0.01605928702282115,64.56481470741438,11.446478862936694,STOP
BTCUSDT,SHORT,2022-05-11 07:00:00+00:00,2022-05-11 20:00:00+00:00,30467.541960000002,28563.176601959996,0.010540928638002572,19.451540747972288,6.250472586663525,TP1_HALF
BTCUSDT,SHORT,2022-05-11 07:00:00+00:00,2022-05-12 00:00:00+00:00,30467.541960000002,29747.617899999997,0.010540928638002572,6.953944438230955,2.3629213703723617,STOP
BTCUSDT,SHORT,2022-05-13 15:00:00+00:00,2022-05-26 13:00:00+00:00,30661.38792,28070.46141042,0.0077997763592827915,19.750552048116795,8.45012794704565,TP1_HALF
BTCUSDT,SHORT,2022-05-13 15:00:00+00:00,2022-05-30 06:00:00+00:00,30661.38792,30669.167457499996,0.0077997763592827915,-0.539043268613724,-0.025372424497849266,STOP
BTCUSDT,SHORT,2022-05-30 13:00:00+00:00,2022-05-30 20:00:00+00:00,30506.71275,31077.561050249995,0.07582707391471692,-47.95551153858269,-1.871221933769296,STOP
SOLUSDT,SHORT,2022-05-31 00:00:00+00:00,2022-05-31 14:00:00+00:00,47.172779999999996,44.66204027999999,4.982151904428588,12.05135165277166,5.322433233742007,TP1_HALF
ETHUSDT,SHORT,2022-05-31 10:00:00+00:00,2022-06-01 14:00:00+00:00,1963.77426,1901.6947692599997,0.31838248429680627,18.534324853173683,3.161233549318454,TP1_HALF
XRPUSDT,SHORT,2022-05-31 07:00:00+00:00,2022-06-01 16:00:00+00:00,0.4169826,0.40621340759999996,1139.2552533137277,11.331028639481103,2.5826479090494514,TP1_HALF
XRPUSDT,SHORT,2022-05-31 07:00:00+00:00,2022-06-01 23:00:00+00:00,0.4169826,0.4002748749999999,1139.2552533137277,18.10329860546751,4.006815871933278,STOP
ETHUSDT,SHORT,2022-05-31 10:00:00+00:00,2022-06-01 23:00:00+00:00,1963.77426,1829.5570149999996,0.31838248429680627,41.524689663477915,6.8346575130280085,STOP
SOLUSDT,SHORT,2022-05-31 00:00:00+00:00,2022-06-02 11:00:00+00:00,47.172779999999996,40.7260425,4.982151904428588,31.680700227060775,13.666223402563936,STOP
BTCUSDT,SHORT,2022-06-03 15:00:00+00:00,2022-06-06 00:00:00+00:00,29449.17135,30319.437998849997,0.049135446405486526,-45.69769758444223,-2.955148172106359,STOP
BTCUSDT,SHORT,2022-06-06 00:00:00+00:00,2022-06-06 01:00:00+00:00,29889.29079,30354.030568289996,0.09458646064268131,-49.65629329295554,-1.5548705439524246,STOP
BTCUSDT,SHORT,2022-06-06 03:00:00+00:00,2022-06-06 04:00:00+00:00,30895.18389,31360.929561389996,0.09412923728876935,-49.70040529422852,-1.5075025060483416,STOP
BTCUSDT,SHORT,2022-06-06 12:00:00+00:00,2022-06-07 00:00:00+00:00,31365.31329,30841.431410789995,0.0366801893376763,16.934331346295096,1.6702587165836724,TP1_HALF
BTCUSDT,SHORT,2022-06-06 12:00:00+00:00,2022-06-07 14:00:00+00:00,31365.31329,29803.426152499997,0.0366801893376763,55.04663498328343,4.979663754858676,STOP
XRPUSDT,SHORT,2022-06-07 01:00:00+00:00,2022-06-07 18:00:00+00:00,0.3909087,0.3998152586999999,2994.556299499832,-29.03905887364027,-2.27842427144751,STOP
XRPUSDT,SHORT,2022-06-08 02:00:00+00:00,2022-06-10 12:00:00+00:00,0.4067928,0.39345014279999996,929.6981810563337,11.660659720973914,3.2799639521643553,TP1_HALF
SOLUSDT,SHORT,2022-06-07 21:00:00+00:00,2022-06-10 16:00:00+00:00,40.47948,37.39040448,4.084554722804049,12.29943419989739,7.631213444441487,TP1_HALF
ETHUSDT,SHORT,2022-06-08 04:00:00+00:00,2022-06-10 16:00:00+00:00,1777.7205,1690.9676354999997,0.23102232803318773,19.240504312053428,4.880005855813674,TP1_HALF
XRPUSDT,SHORT,2022-06-08 02:00:00+00:00,2022-06-12 08:00:00+00:00,0.4067928,0.35348884999999997,929.6981810563337,48.84975289102229,13.103464466431081,STOP
ETHUSDT,SHORT,2022-06-08 04:00:00+00:00,2022-06-12 14:00:00+00:00,1777.7205,1512.953585,0.23102232803318773,60.40684990154993,14.89361882253144,STOP
SOLUSDT,SHORT,2022-06-07 21:00:00+00:00,2022-06-12 15:00:00+00:00,40.47948,34.24063499999999,4.084554722804049,25.177705410980767,15.412364486895614,STOP
BTCUSDT,SHORT,2022-06-13 05:00:00+00:00,2022-06-13 08:00:00+00:00,25364.600010000002,24229.44453501,0.01793003617927579,19.46415572270509,4.475353344986588,TP1_HALF
BTCUSDT,SHORT,2022-06-13 05:00:00+00:00,2022-06-13 16:00:00+00:00,25364.600010000002,23783.120075,0.01793003617927579,27.474772052095805,6.234988662847051,STOP
BTCUSDT,SHORT,2022-06-15 08:00:00+00:00,2022-06-15 22:00:00+00:00,20702.197079999998,22764.932842079994,0.020471885500012346,-43.117944444861365,-9.96384950886573,STOP
BTCUSDT,SHORT,2022-06-16 10:00:00+00:00,2022-06-18 06:00:00+00:00,21252.576149999997,19532.928493649997,0.011956926739138916,20.074031753065952,8.091478624580773,TP1_HALF
BTCUSDT,SHORT,2022-06-16 10:00:00+00:00,2022-06-18 22:00:00+00:00,21252.576149999997,19380.522232499996,0.011956926739138916,21.898164562721746,8.80859762264633,STOP
BTCUSDT,SHORT,2022-06-22 13:00:00+00:00,2022-06-24 12:00:00+00:00,20345.1345,21404.954142,0.040212327914499794,-44.29668322926326,-5.209204402163081,STOP
BTCUSDT,SHORT,2022-06-26 16:00:00+00:00,2022-06-27 14:00:00+00:00,21304.78389,20697.695908889997,0.03311808167834592,18.714547787670462,2.8495383208038794,TP1_HALF
BTCUSDT,SHORT,2022-06-26 16:00:00+00:00,2022-06-28 08:00:00+00:00,21304.78389,21158.902765,0.03311808167834592,3.4249871700750094,0.684734122407471,STOP
BTCUSDT,SHORT,2022-06-28 15:00:00+00:00,2022-06-28 19:00:00+00:00,20824.234920000003,20279.43230742,0.03687145749625509,18.572114254476258,2.6161950951521518,TP1_HALF
BTCUSDT,SHORT,2022-06-28 15:00:00+00:00,2022-06-29 20:00:00+00:00,20824.234920000003,20440.401767499996,0.03687145749625509,12.63100047033603,1.8432041031738788,STOP
BTCUSDT,SHORT,2022-06-29 23:00:00+00:00,2022-06-30 06:00:00+00:00,20193.426359999998,19613.889583859996,0.03487894192224891,18.825192495907963,2.869927895386648,TP1_HALF
BTCUSDT,SHORT,2022-06-29 23:00:00+00:00,2022-06-30 23:00:00+00:00,20193.426359999998,19244.3562025,0.03487894192224891,31.727014776042356,4.699896592982144,STOP
BTCUSDT,SHORT,2022-07-02 20:00:00+00:00,2022-07-04 15:00:00+00:00,19253.99673,20087.670761729994,0.051617493474296894,-45.06288215753615,-4.329875211991863,STOP
BTCUSDT,SHORT,2022-07-05 15:00:00+00:00,2022-07-05 18:00:00+00:00,19445.065469999998,20122.339135469996,0.063630388009567,-45.61287543009526,-3.4830104661509154,STOP
BTCUSDT,SHORT,2022-07-06 02:00:00+00:00,2022-07-06 23:00:00+00:00,19857.60252,20636.195957519998,0.05492722656043809,-44.99019018439867,-3.9208833832574674,STOP
BTCUSDT,SHORT,2022-07-07 00:00:00+00:00,2022-07-07 18:00:00+00:00,20543.94549,21298.647860489997,0.05652065409052538,-45.021242368778296,-3.6735999463070934,STOP
BTCUSDT,SHORT,2022-07-11 14:00:00+00:00,2022-07-12 00:00:00+00:00,20353.0266,19839.7175691,0.03870881277017286,18.31376976158582,2.5220280058986355,TP1_HALF
BTCUSDT,SHORT,2022-07-11 14:00:00+00:00,2022-07-13 07:00:00+00:00,20353.0266,19792.902057499996,0.03870881277017286,20.127754807723544,2.7520454500855718,STOP
BTCUSDT,SHORT,2022-07-13 13:00:00+00:00,2022-07-13 17:00:00+00:00,19145.844989999998,19733.356847489995,0.07296138102029946,-45.702356747301785,-3.068612838957274,STOP
BTCUSDT,SHORT,2022-07-15 15:00:00+00:00,2022-07-18 05:00:00+00:00,20869.63947,21719.107594469995,0.04982603481417734,-44.447656737302474,-4.070353614354971,STOP
BTCUSDT,SHORT,2022-07-18 10:00:00+00:00,2022-07-18 19:00:00+00:00,22219.79796,21547.796015459997,0.02960711688096434,18.600207845801147,3.0243386809805317,TP1_HALF
BTCUSDT,SHORT,2022-07-18 10:00:00+00:00,2022-07-18 23:00:00+00:00,22219.79796,22103.609742499997,0.02960711688096434,2.1277098233029363,0.5229040232911375,STOP
BTCUSDT,SHORT,2022-07-26 13:00:00+00:00,2022-07-27 16:00:00+00:00,21012.276690000002,21713.068424189998,0.060594362878868886,-45.05294370999456,-3.335153750966513,STOP
SOLUSDT,SHORT,2022-08-04 09:00:00+00:00,2022-08-05 11:00:00+00:00,38.701260000000005,41.08230126,10.942692760962505,-26.92804995759861,-6.152361085918123,STOP
SOLUSDT,SHORT,2022-08-05 13:00:00+00:00,2022-08-08 03:00:00+00:00,40.12983,42.057559829999995,13.543186859871824,-27.220684481031725,-4.803732859072651,STOP
BTCUSDT,SHORT,2022-08-21 21:00:00+00:00,2022-08-22 08:00:00+00:00,21446.96157,20962.09522407,0.04028493721355381,17.82436411252019,2.2607694071137385,TP1_HALF
BTCUSDT,SHORT,2022-08-21 21:00:00+00:00,2022-08-22 15:00:00+00:00,21446.96157,21417.383487499996,0.04028493721355381,-0.5352362529315251,0.13791269408239826,STOP
BTCUSDT,SHORT,2022-08-22 15:00:00+00:00,2022-08-23 14:00:00+00:00,21179.878920000003,21675.93498642,0.08604943004011587,-46.37306014393543,-2.342110020051047,STOP
BTCUSDT,SHORT,2022-08-25 09:00:00+00:00,2022-08-26 11:00:00+00:00,21664.95336,21229.723660859996,0.04451479932913196,17.46471477942422,2.0089113136221526,TP1_HALF
BTCUSDT,SHORT,2022-08-25 09:00:00+00:00,2022-08-26 12:00:00+00:00,21664.95336,21584.3109625,0.04451479932913196,1.6645478196839096,0.37222511472787545,STOP
BTCUSDT,SHORT,2022-08-26 15:00:00+00:00,2022-08-26 16:00:00+00:00,21138.77007,20756.55338757,0.05051839618881663,17.192489244085714,1.8081311313965176,TP1_HALF
BTCUSDT,SHORT,2022-08-26 15:00:00+00:00,2022-08-29 03:00:00+00:00,21138.77007,19942.875452499997,0.05051839618881663,58.33929924234424,5.657351934572619,STOP
BTCUSDT,SHORT,2022-08-29 13:00:00+00:00,2022-08-29 14:00:00+00:00,19875.224879999998,20298.738697379995,0.10171517578495266,-47.164084149414215,-2.1308630213596746,STOP
BTCUSDT,SHORT,2022-08-29 15:00:00+00:00,2022-08-30 07:00:00+00:00,20146.373460000003,20570.158425960002,0.10124731915170904,-47.02953139885677,-2.1035297831712096,STOP
BTCUSDT,SHORT,2022-08-30 08:00:00+00:00,2022-08-30 14:00:00+00:00,20413.72584,20001.682898339994,0.04703248002653698,17.478564519449446,2.0184602501745252,TP1_HALF
BTCUSDT,SHORT,2022-08-30 08:00:00+00:00,2022-08-30 19:00:00+00:00,20413.72584,19991.9966675,0.04703248002653698,17.93458754542241,2.065909848135783,STOP
BTCUSDT,SHORT,2022-08-31 07:00:00+00:00,2022-09-01 16:00:00+00:00,20229.59016,19655.501382659997,0.03434254740069175,18.345915401119484,2.837866574653347,TP1_HALF
BTCUSDT,SHORT,2022-08-31 07:00:00+00:00,2022-09-01 21:00:00+00:00,20229.59016,20179.544027499996,0.03434254740069175,0.330959071347531,0.24739073853784488,STOP
BTCUSDT,SHORT,2022-09-02 11:00:00+00:00,2022-09-06 17:00:00+00:00,20047.26267,19507.126022669996,0.036501937032901055,18.272222084567357,2.6943162077598726,TP1_HALF
BTCUSDT,SHORT,2022-09-02 11:00:00+00:00,2022-09-07 18:00:00+00:00,20047.26267,19089.464679999997,0.036501937032901055,33.53291556381578,4.777699608003405,STOP
BTCUSDT,SHORT,2022-09-07 20:00:00+00:00,2022-09-09 03:00:00+00:00,18973.38762,19513.885582619998,0.0788132052846655,-45.63168224767834,-2.848716177865107,STOP
BTCUSDT,SHORT,2022-09-09 18:00:00+00:00,2022-09-11 17:00:00+00:00,21225.473280000002,21834.661485779998,0.06959678202861792,-45.39438558549211,-2.870080670257713,STOP
BTCUSDT,SHORT,2022-09-14 15:00:00+00:00,2022-09-16 17:00:00+00:00,20273.306399999998,19408.974198899996,0.023026396890745534,18.988716365380125,4.263400276434448,TP1_HALF
BTCUSDT,SHORT,2022-09-14 15:00:00+00:00,2022-09-19 13:00:00+00:00,20273.306399999998,19135.3980675,0.023026396890745534,25.294488419412666,5.612840402293728,STOP
BTCUSDT,SHORT,2022-09-19 16:00:00+00:00,2022-09-19 20:00:00+00:00,19061.40951,19641.64474701,0.07291121389089934,-45.12754213983657,-3.044031117979995,STOP
BTCUSDT,SHORT,2022-09-23 14:00:00+00:00,2022-09-23 23:00:00+00:00,18622.398960000002,19407.192836460003,0.05316717664956285,-43.747200688197196,-4.214246929977716,STOP
BTCUSDT,SHORT,2022-09-26 01:00:00+00:00,2022-09-26 08:00:00+00:00,18754.18704,19175.939537039998,0.1006456093985693,-46.26503778386988,-2.2488444641213245,STOP
BTCUSDT,SHORT,2022-09-26 12:00:00+00:00,2022-09-26 14:00:00+00:00,18857.74338,19261.08808338,0.10500945281800178,-46.35784423300423,-2.138881069978793,STOP
BTCUSDT,SHORT,2022-09-27 13:00:00+00:00,2022-09-27 16:00:00+00:00,20250.60912,19736.61423162,0.037612996894698145,17.82884883277567,2.5381700142163566,TP1_HALF
BTCUSDT,SHORT,2022-09-27 13:00:00+00:00,2022-09-28 10:00:00+00:00,20250.60912,19023.996777499997,0.037612996894698145,44.659330599787914,6.057162701780516,STOP
BTCUSDT,SHORT,2022-09-28 18:00:00+00:00,2022-09-30 15:00:00+00:00,19326.204449999997,20127.041026949995,0.051745124019318196,-43.48090107365328,-4.143786117040671,STOP
BTCUSDT,SHORT,2022-10-01 17:00:00+00:00,2022-10-04 06:00:00+00:00,19271.86884,19819.585053839997,0.07619582648669868,-44.712295231711856,-2.8420503397323715,STOP
SOLUSDT,SHORT,2022-10-04 09:00:00+00:00,2022-10-04 14:00:00+00:00,33.48648,34.372603979999994,29.38398908489065,-28.03182793915867,-2.6462141736007805,STOP
ETHUSDT,SHORT,2022-10-05 18:00:00+00:00,2022-10-06 00:00:00+00:00,1347.1515,1375.9836089999997,1.4543950504679153,-45.89379084843603,-2.1402276581364177,STOP
ETHUSDT,SHORT,2022-10-06 16:00:00+00:00,2022-10-07 12:00:00+00:00,1360.01862,1330.4284336199999,0.6428104016074182,17.29143223952532,2.175719210373772,TP1_HALF
ETHUSDT,SHORT,2022-10-06 16:00:00+00:00,2022-10-10 01:00:00+00:00,1360.01862,1335.7637149999998,0.6428104016074182,13.858428298592393,1.7834244798795695,STOP
BTCUSDT,SHORT,2022-10-10 03:00:00+00:00,2022-10-10 08:00:00+00:00,19452.07845,19237.925013449996,0.08543238256459441,14.990259141547654,1.10092829977253,TP1_HALF
BTCUSDT,SHORT,2022-10-10 03:00:00+00:00,2022-10-10 09:00:00+00:00,19452.07845,19359.712515,0.08543238256459441,4.575258121117651,0.4748383841727821,STOP
BTCUSDT,SHORT,2022-10-10 09:00:00+00:00,2022-10-10 12:00:00+00:00,19215.0657,19440.2297232,0.19419030943372553,-51.231155118033655,-1.1718098013060674,STOP
BTCUSDT,SHORT,2022-10-10 14:00:00+00:00,2022-10-10 22:00:00+00:00,19296.49419,19090.60107669,0.08834369108127138,14.798099912272168,1.0669975140702004,TP1_HALF
BTCUSDT,SHORT,2022-10-10 14:00:00+00:00,2022-10-11 12:00:00+00:00,19296.49419,19194.149617499996,0.08834369108127138,5.641091750736246,0.530379101469336,STOP
BTCUSDT,SHORT,2022-10-11 18:00:00+00:00,2022-10-13 10:00:00+00:00,19110.949920000003,18837.86789742,0.06822546145048737,16.04207139725907,1.4289296122021455,TP1_HALF
BTCUSDT,SHORT,2022-10-11 18:00:00+00:00,2022-10-13 12:00:00+00:00,19110.949920000003,18877.419632499998,0.06822546145048737,13.340937584881882,1.2219711133019673,STOP
BTCUSDT,SHORT,2022-10-13 13:00:00+00:00,2022-10-13 15:00:00+00:00,18366.914699999998,18666.729209699995,0.14207849362069958,-47.85887824377989,-1.6323618560715403,STOP
BTCUSDT,SHORT,2022-10-17 15:00:00+00:00,2022-10-18 06:00:00+00:00,19454.36616,19702.711331159997,0.1738646660894957,-49.98648246171231,-1.2765523642225718,STOP
SOLUSDT,SHORT,2022-10-18 09:00:00+00:00,2022-10-18 18:00:00+00:00,30.589380000000002,29.928206879999998,17.887225342198317,10.744060873955783,2.1614466197092064,TP1_HALF
SOLUSDT,SHORT,2022-10-18 09:00:00+00:00,2022-10-18 20:00:00+00:00,30.589380000000002,30.451492499999997,17.887225342198317,1.3745729428805644,0.4507691885223042,STOP
BTCUSDT,SHORT,2022-10-20 13:00:00+00:00,2022-10-21 12:00:00+00:00,19115.51535,18813.47074035,0.061720614469661365,16.30137857713948,1.5801018393678867,TP1_HALF
BTCUSDT,SHORT,2022-10-20 13:00:00+00:00,2022-10-21 13:00:00+00:00,19115.51535,18989.810125,0.061720614469661365,5.4067196261636905,0.657608349544192,STOP
BTCUSDT,SHORT,2022-10-22 14:00:00+00:00,2022-10-23 17:00:00+00:00,19177.36344,19446.156598439997,0.15916989444323043,-48.93148026350113,-1.401616855627541,STOP
BTCUSDT,SHORT,2022-10-23 17:00:00+00:00,2022-10-23 18:00:00+00:00,19159.16166,19361.33543916,0.21602317145261563,-51.995540907995526,-1.0552329102274438,STOP
SOLUSDT,SHORT,2022-11-03 07:00:00+00:00,2022-11-04 12:00:00+00:00,31.68828,32.85789078,21.600333034950705,-26.65820115424725,-3.6909885295131284,STOP
SOLUSDT,SHORT,2022-11-08 06:00:00+00:00,2022-11-08 09:00:00+00:00,26.15382,28.731451319999994,9.607293350450956,-25.2913591427404,-9.855659020364893,STOP
SOLUSDT,SHORT,2022-11-08 18:00:00+00:00,2022-11-08 19:00:00+00:00,25.4745,22.534512,4.122375715983679,11.921823951266255,11.540905611493846,TP1_HALF
SOLUSDT,SHORT,2022-11-08 18:00:00+00:00,2022-11-08 20:00:00+00:00,25.4745,22.785262499999998,4.122375715983679,10.887102491523523,10.556585997762468,STOP
SOLUSDT,SHORT,2022-11-09 17:00:00+00:00,2022-11-21 19:00:00+00:00,16.62336,11.40189336,2.3392668445696407,12.148845244982734,31.410416666666674,TP1_HALF
BTCUSDT,SHORT,2022-11-10 18:00:00+00:00,2022-11-21 19:00:00+00:00,17180.032769999998,15669.750795269996,0.012835189568795119,18.96312224863968,8.790914400159211,TP1_HALF
BTCUSDT,SHORT,2022-11-10 18:00:00+00:00,2022-11-30 02:00:00+00:00,17180.032769999998,17018.938007499997,0.012835189568795119,1.6287315422406403,0.9376860024464362,STOP
BTCUSDT,SHORT,2022-11-30 03:00:00+00:00,2022-11-30 22:00:00+00:00,16944.388649999997,17238.650436149997,0.1418649639885259,-46.59481330434414,-1.7366326530169562,STOP
BTCUSDT,SHORT,2022-12-04 07:00:00+00:00,2022-12-04 23:00:00+00:00,16982.02098,17198.136220980003,0.19662744858571765,-49.21494553707268,-1.2726120244140882,STOP
XRPUSDT,SHORT,2022-12-03 01:00:00+00:00,2022-12-05 19:00:00+00:00,0.3931065,0.3829140315,1155.9084230562207,10.884551522059846,2.5928008058884955,TP1_HALF
XRPUSDT,SHORT,2022-12-03 01:00:00+00:00,2022-12-05 21:00:00+00:00,0.3931065,0.39096557499999995,1155.9084230562207,1.568397724856053,0.5446170439817433,STOP
BTCUSDT,SHORT,2022-12-06 02:00:00+00:00,2022-12-07 07:00:00+00:00,17014.18878,16783.750406279996,0.07881886845304481,15.498976542063176,1.3543894257884492,TP1_HALF
XRPUSDT,SHORT,2022-12-07 11:00:00+00:00,2022-12-08 01:00:00+00:00,0.3792204,0.3896596704,2427.2940893799823,-27.205477389683335,-2.752824056933645,STOP
BTCUSDT,SHORT,2022-12-06 02:00:00+00:00,2022-12-08 14:00:00+00:00,17014.18878,16942.9613925,0.07881886845304481,2.9375979331299167,0.418635225111208,STOP
XRPUSDT,SHORT,2022-12-11 15:00:00+00:00,2022-12-11 20:00:00+00:00,0.3857139,0.38169163889999996,2762.9432489439328,8.992981198828957,1.0428094761428142,TP1_HALF
XRPUSDT,SHORT,2022-12-11 15:00:00+00:00,2022-12-12 00:00:00+00:00,0.3857139,0.38258577499999996,2762.9432489439328,6.520063450395775,0.8109961813665634,STOP
XRPUSDT,SHORT,2022-12-12 03:00:00+00:00,2022-12-12 06:00:00+00:00,0.3730266,0.3775931015999999,5817.798110102482,-30.933938259633774,-1.2241758630617605,STOP
XRPUSDT,SHORT,2022-12-12 08:00:00+00:00,2022-12-12 19:00:00+00:00,0.3750246,0.3806763245999999,4608.823459599217,-29.530693073410877,-1.5070276989829212,STOP
XRPUSDT,SHORT,2022-12-13 01:00:00+00:00,2022-12-13 13:00:00+00:00,0.3853143,0.3927781142999999,3425.22825313991,-28.230411737563635,-1.9370717100299473,STOP
XRPUSDT,SHORT,2022-12-13 18:00:00+00:00,2022-12-14 19:00:00+00:00,0.38841119999999996,0.3791792861999999,1256.4456806021376,10.63496246684404,2.376840266192126,TP1_HALF
XRPUSDT,SHORT,2022-12-13 18:00:00+00:00,2022-12-14 23:00:00+00:00,0.38841119999999996,0.386797125,1256.4456806021376,1.0539904104047482,0.41555830521878834,STOP
XRPUSDT,SHORT,2022-12-15 16:00:00+00:00,2022-12-16 09:00:00+00:00,0.3812184,0.3717862434,1233.2191111138077,10.70329606113994,2.474213364307709,TP1_HALF
ETHUSDT,SHORT,2022-12-16 09:00:00+00:00,2022-12-16 10:00:00+00:00,1243.37538,1219.0407028799998,0.7578643663334689,16.576207251177284,1.9571464508168157,TP1_HALF
ETHUSDT,SHORT,2022-12-16 09:00:00+00:00,2022-12-16 20:00:00+00:00,1243.37538,1210.1314224999999,0.7578643663334689,23.33498540698281,2.6736863247203813,STOP
XRPUSDT,SHORT,2022-12-15 16:00:00+00:00,2022-12-17 00:00:00+00:00,0.3812184,0.35415737499999994,1233.2191111138077,32.46529373674849,7.09856213656006,STOP
BTCUSDT,SHORT,2022-12-19 00:00:00+00:00,2022-12-19 17:00:00+00:00,16721.47179,16533.34897929,0.09533872284533668,14.7649163705717,1.12503739546721,TP1_HALF
BTCUSDT,SHORT,2022-12-19 00:00:00+00:00,2022-12-20 00:00:00+00:00,16721.47179,16477.4005825,0.09533872284533668,20.104299114469775,1.4596275409558324,STOP
BTCUSDT,SHORT,2022-12-20 16:00:00+00:00,2022-12-22 15:00:00+00:00,16901.911170000003,16644.46543617,0.07144001708168575,15.995373904648995,1.5231752861590842,TP1_HALF
BTCUSDT,SHORT,2022-12-20 16:00:00+00:00,2022-12-22 20:00:00+00:00,16901.911170000003,16850.757494999998,0.07144001708168575,1.2431281898112805,0.30265024165314625,STOP
BTCUSDT,SHORT,2022-12-23 14:00:00+00:00,2022-12-27 17:00:00+00:00,16824.91824,16667.536983239996,0.11270502854628041,13.962890913765394,0.9354057744295097,TP1_HALF
BTCUSDT,SHORT,2022-12-23 14:00:00+00:00,2022-12-28 14:00:00+00:00,16824.91824,16750.555965,0.11270502854628041,4.5968775479118715,0.44197703631753127,STOP
BTCUSDT,SHORT,2022-12-28 16:00:00+00:00,2022-12-30 14:00:00+00:00,16561.94148,16414.62434898,0.12003404878175494,13.724760979872494,0.889491918552543,TP1_HALF
BTCUSDT,SHORT,2022-12-28 16:00:00+00:00,2022-12-30 15:00:00+00:00,16561.94148,16513.2120725,0.12003404878175494,1.8790434819765198,0.29422521241756483,STOP
BTCUSDT,SHORT,2022-12-30 22:00:00+00:00,2023-01-02 07:00:00+00:00,16568.47494,16757.848904939998,0.22802872060727267,-50.782061930499495,-1.1429776465594177,STOP
SOLUSDT,SHORT,2022-11-09 17:00:00+00:00,2023-01-03 15:00:00+00:00,16.62336,13.246089999999997,2.3392668445696407,7.830463122109191,20.31641016016018,STOP
BTCUSDT,SHORT,2023-01-02 10:00:00+00:00,2023-01-04 03:00:00+00:00,16700.7825,16825.480815,0.36298313966241,-57.432854208538785,-0.746661511219604,STOP
BTCUSDT,SHORT,2023-01-04 20:00:00+00:00,2023-01-06 20:00:00+00:00,16825.517640000002,16998.16668264,0.25030030252962837,-51.68018602286559,-1.0261143005166895,STOP
XRPUSDT,SHORT,2023-01-05 14:00:00+00:00,2023-01-09 01:00:00+00:00,0.3383613,0.34926378629999993,2307.4956189422287,-26.74413124693959,-3.222143401151367,STOP
BTCUSDT,LONG,2023-02-20 10:00:00+00:00,2023-02-21 15:00:00+00:00,24909.184299999997,24405.368430342853,0.08062398298878291,-44.59557776514709,-2.0226108715135416,STOP
BTCUSDT,LONG,2023-02-21 15:00:00+00:00,2023-02-22 02:00:00+00:00,24709.614929999996,24075.050066498567,0.06302013570388722,-43.06478001912677,-2.5680888403121327,STOP
BTCUSDT,LONG,2023-02-22 10:00:00+00:00,2023-02-24 15:00:00+00:00,24129.705599999998,23482.240567971425,0.06138120533447299,-42.66466272194709,-2.6832695050725053,STOP
BTCUSDT,LONG,2023-02-24 20:00:00+00:00,2023-02-27 15:00:00+00:00,23205.452269999998,23844.85354773,0.02874298127903556,17.025932896292932,2.755392440924842,TP1_HALF
BTCUSDT,LONG,2023-02-24 20:00:00+00:00,2023-02-27 16:00:00+00:00,23205.452269999998,23211.48528,0.02874298127903556,-1.160754473543497,0.025998243558489342,STOP
ETHUSDT,LONG,2023-02-27 17:00:00+00:00,2023-02-27 20:00:00+00:00,1639.1274899999999,1607.5365585814284,1.2738459097646428,-44.377728491867984,-1.927301665752157,STOP
XRPUSDT,SHORT,2023-02-27 06:00:00+00:00,2023-02-28 18:00:00+00:00,0.3753243,0.38172707429999997,3957.606771963867,-28.335774574690316,-1.705931190706278,STOP
BTCUSDT,LONG,2023-02-27 21:00:00+00:00,2023-03-01 04:00:00+00:00,23344.691369999997,23737.876160772856,0.045586988616095926,15.777758110942463,1.6842578235072958,TP1_HALF
XRPUSDT,SHORT,2023-02-28 22:00:00+00:00,2023-03-01 08:00:00+00:00,0.3759237,0.3835497237,3270.577510000192,-27.425418302944465,-2.02860944920471,STOP
BTCUSDT,LONG,2023-02-27 21:00:00+00:00,2023-03-01 14:00:00+00:00,23344.691369999997,23559.47051785714,0.045586988616095926,7.652915074309036,0.920034214430232,STOP
ETHUSDT,LONG,2023-03-02 00:00:00+00:00,2023-03-02 13:00:00+00:00,1666.88522,1626.7561212085711,0.9840166035803429,-42.728697263469634,-2.407430236343977,STOP
XRPUSDT,SHORT,2023-03-01 10:00:00+00:00,2023-03-03 01:00:00+00:00,0.3811185,0.3736810935,1514.5353973813462,10.121044706679339,1.9514682441287956,TP1_HALF
BTCUSDT,LONG,2023-03-02 16:00:00+00:00,2023-03-03 01:00:00+00:00,23384.47111,22877.945620675713,0.07798284863025963,-43.10797560252222,-2.166076311675391,STOP
XRPUSDT,SHORT,2023-03-01 10:00:00+00:00,2023-03-03 02:00:00+00:00,0.3811185,0.362072425,1514.5353973813462,27.720365805754916,4.997415502002667,STOP
XRPUSDT,SHORT,2023-03-03 02:00:00+00:00,2023-03-03 06:00:00+00:00,0.36033930000000003,0.36845381429999996,3041.18865147559,-26.894166149878895,-2.2519093254607325,STOP
XRPUSDT,SHORT,2023-03-05 03:00:00+00:00,2023-03-06 01:00:00+00:00,0.37282679999999996,0.36333262679999995,1191.578309555367,10.43585924693229,2.5465372124536145,TP1_HALF
XRPUSDT,SHORT,2023-03-05 03:00:00+00:00,2023-03-06 17:00:00+00:00,0.37282679999999996,0.36912589999999995,1191.578309555367,3.525817421797426,0.9926593259926619,STOP
XRPUSDT,SHORT,2023-03-07 02:00:00+00:00,2023-03-07 12:00:00+00:00,0.3667329,0.37532570789999997,2862.7924565031326,-26.723785421279857,-2.343069820024324,STOP
XRPUSDT,SHORT,2023-03-07 23:00:00+00:00,2023-03-08 11:00:00+00:00,0.3809187,0.39024426869999995,2625.331252045901,-26.507265193359544,-2.4481782333080293,STOP
XRPUSDT,SHORT,2023-03-08 15:00:00+00:00,2023-03-09 19:00:00+00:00,0.3905091,0.38005663409999996,1079.7928959748576,10.45444701867666,2.6766254358733366,TP1_HALF
XRPUSDT,SHORT,2023-03-08 15:00:00+00:00,2023-03-09 22:00:00+00:00,0.3905091,0.37510687499999995,1079.7928959748576,15.804506446356537,3.9441398420677176,STOP
SOLUSDT,SHORT,2023-03-10 01:00:00+00:00,2023-03-10 10:00:00+00:00,17.042939999999998,16.091515439999995,12.123301909208188,11.132708177819271,5.582514284507267,TP1_HALF
SOLUSDT,SHORT,2023-03-10 01:00:00+00:00,2023-03-10 12:00:00+00:00,17.042939999999998,16.9844675,12.123301909208188,0.29635523657598484,0.3430892791971174,STOP
SOLUSDT,SHORT,2023-03-12 20:00:00+00:00,2023-03-12 22:00:00+00:00,18.36162,19.480366619999995,21.365839242362203,-24.71148623859053,-6.0928535717436505,STOP
XRPUSDT,SHORT,2023-03-11 17:00:00+00:00,2023-03-13 00:00:00+00:00,0.3600396,0.37429923959999994,1691.4622733536737,-25.361748858061663,-3.960575336712946,STOP
SOLUSDT,SHORT,2023-03-13 16:00:00+00:00,2023-03-14 13:00:00+00:00,20.68929,22.03880679,17.598477412513912,-24.501390192861788,-6.522779612060159,STOP
XRPUSDT,SHORT,2023-03-13 16:00:00+00:00,2023-03-14 14:00:00+00:00,0.37272689999999997,0.3863128268999999,1769.8468761448673,-25.388394373021224,-3.6450084230571944,STOP
SOLUSDT,SHORT,2023-03-14 17:00:00+00:00,2023-03-15 11:00:00+00:00,21.69828,20.23456578,7.8296404392723336,11.132036943397104,6.745761507363712,TP1_HALF
XRPUSDT,SHORT,2023-03-14 21:00:00+00:00,2023-03-15 16:00:00+00:00,0.3737259,0.35763675089999997,706.4528995695224,10.849552767936238,4.305066654465217,TP1_HALF
SOLUSDT,SHORT,2023-03-14 17:00:00+00:00,2023-03-17 02:00:00+00:00,21.69828,20.204112499999997,7.8296404392723336,11.370713614226208,6.8861103276388835,STOP
BTCUSDT,LONG,2023-03-16 10:00:00+00:00,2023-03-17 02:00:00+00:00,24682.868209999997,25863.447087861427,0.015444888146856581,17.45322653110002,4.782989026304207,TP1_HALF
XRPUSDT,SHORT,2023-03-14 21:00:00+00:00,2023-03-17 10:00:00+00:00,0.3737259,0.37281887499999994,706.4528995695224,0.11337172027486264,0.24269792379925104,STOP
SOLUSDT,SHORT,2023-03-17 03:00:00+00:00,2023-03-17 22:00:00+00:00,19.86012,21.101557619999998,19.145434813974155,-24.55209215806994,-6.250906943160461,STOP
XRPUSDT,SHORT,2023-03-17 14:00:00+00:00,2023-03-18 01:00:00+00:00,0.3751245,0.38559184950000003,2317.4192122349104,-26.020135515869992,-2.7903667982229985,STOP
BTCUSDT,LONG,2023-03-16 10:00:00+00:00,2023-03-20 03:00:00+00:00,24682.868209999997,27156.448153928566,0.015444888146856581,37.403513113434144,10.02144452129119,STOP
XRPUSDT,SHORT,2023-03-19 21:00:00+00:00,2023-03-20 19:00:00+00:00,0.3865131,0.3718953381,775.1577170320953,10.743184789067291,3.78195768785069,TP1_HALF
XRPUSDT,SHORT,2023-03-19 21:00:00+00:00,2023-03-21 06:00:00+00:00,0.3865131,0.38607497499999993,775.1577170320953,-0.2592616336484825,0.11335320846824759,STOP
XRPUSDT,SHORT,2023-03-21 22:00:00+00:00,2023-03-22 08:00:00+00:00,0.4706289,0.44967097889999996,545.5618186649654,10.931761075103049,4.453173423901513,TP1_HALF
BTCUSDT,LONG,2023-03-21 09:00:00+00:00,2023-03-22 14:00:00+00:00,27674.29665,28581.943239064287,0.019958482352697985,16.99245925927105,3.2797458253172485,TP1_HALF
BTCUSDT,LONG,2023-03-21 09:00:00+00:00,2023-03-22 18:00:00+00:00,27674.29665,27771.943114285714,0.019958482352697985,0.842252436390811,0.35284171995646485,STOP
XRPUSDT,SHORT,2023-03-21 22:00:00+00:00,2023-03-23 06:00:00+00:00,0.4706289,0.4287354499999999,545.5618186649654,22.364807921721418,8.901588916447778,STOP
BTCUSDT,LONG,2023-03-23 20:00:00+00:00,2023-03-24 21:00:00+00:00,28398.359989999997,27381.072580367138,0.03796127724791931,-40.73498790242598,-3.5822047822165803,STOP
SOLUSDT,SHORT,2023-03-25 15:00:00+00:00,2023-03-27 15:00:00+00:00,20.61936,19.787341859999998,13.726357415322099,10.865941533966813,4.035130770305195,TP1_HALF
BTCUSDT,LONG,2023-03-25 16:00:00+00:00,2023-03-27 15:00:00+00:00,27675.077429999998,26909.48636435571,0.05065172047527451,-41.54330672295844,-2.766355641030216,STOP
SOLUSDT,SHORT,2023-03-25 15:00:00+00:00,2023-03-28 11:00:00+00:00,20.61936,20.201967499999995,13.726357415322099,5.168950506041986,2.0242747592554067,STOP
ETHUSDT,LONG,2023-03-27 16:00:00+00:00,2023-03-28 18:00:00+00:00,1713.4517399999997,1756.5798304028567,0.41539748453884306,16.473857880694883,2.5170297707280076,TP1_HALF
SOLUSDT,SHORT,2023-03-28 21:00:00+00:00,2023-03-29 06:00:00+00:00,20.4795,21.2593095,30.796366748338336,-25.30070304083934,-3.807756537024831,STOP
ETHUSDT,LONG,2023-03-27 16:00:00+00:00,2023-03-29 22:00:00+00:00,1713.4517399999997,1781.3204678571428,0.41539748453884306,26.740779246528426,3.9609360609796473,STOP
ETHUSDT,LONG,2023-03-30 15:00:00+00:00,2023-03-31 14:00:00+00:00,1796.8050099999998,1843.2920157042854,0.3867379797940475,16.570526902774574,2.5872037002103943,TP1_HALF
SOLUSDT,SHORT,2023-03-31 18:00:00+00:00,2023-03-31 22:00:00+00:00,20.72925,21.44495925,33.712735182731365,-25.550324361067617,-3.4526538586779454,STOP
XRPUSDT,LONG,2023-04-01 06:00:00+00:00,2023-04-01 08:00:00+00:00,0.5317312,0.5044833545142856,872.8459525200634,-24.687627326948025,-5.124364619889588,STOP
ETHUSDT,LONG,2023-03-30 15:00:00+00:00,2023-04-02 15:00:00+00:00,1796.8050099999998,1797.1489092857144,0.3867379797940475,-1.2569195632075982,0.019139488358543844,STOP
ETHUSDT,LONG,2023-04-02 17:00:00+00:00,2023-04-03 01:00:00+00:00,1796.9951999999998,1767.751036585714,1.3555791568115247,-44.475074080433934,-1.627392405627226,STOP
SOLUSDT,SHORT,2023-04-03 15:00:00+00:00,2023-04-03 18:00:00+00:00,20.13984,20.681214839999996,44.48955252257099,-25.901634841909217,-2.688079150579137,STOP
XRPUSDT,LONG,2023-04-02 16:00:00+00:00,2023-04-03 20:00:00+00:00,0.5224219,0.5003424852428571,1078.733748700286,-24.921100309411372,-4.2263570415296385,STOP
BTCUSDT,LONG,2023-04-03 14:00:00+00:00,2023-04-03 20:00:00+00:00,28287.038779999995,27828.30975693428,0.08602573192344859,-44.28986389378597,-1.6216933367732222,STOP
BTCUSDT,LONG,2023-04-03 22:00:00+00:00,2023-04-04 10:00:00+00:00,27742.274559999998,28187.267291511427,0.03876274903728881,15.081158780434489,1.6040239618745566,TP1_HALF
SOLUSDT,SHORT,2023-04-03 21:00:00+00:00,2023-04-04 11:00:00+00:00,20.31966,20.93736216,38.42009538276027,-25.317274631932918,-3.039923699510716,STOP
BTCUSDT,LONG,2023-04-03 22:00:00+00:00,2023-04-04 15:00:00+00:00,27742.274559999998,27943.26055392857,0.03876274903728881,5.632245220034891,0.7244755418085225,STOP
XRPUSDT,LONG,2023-04-04 12:00:00+00:00,2023-04-05 06:00:00+00:00,0.49909859999999995,0.5166885371142856,632.4292561502169,10.481977341384649,3.5243411050012385,TP1_HALF
XRPUSDT,LONG,2023-04-04 12:00:00+00:00,2023-04-05 12:00:00+00:00,0.49909859999999995,0.5084838642857142,632.4292561502169,5.298291082589269,1.880442919638381,STOP
BTCUSDT,LONG,2023-04-05 01:00:00+00:00,2023-04-05 15:00:00+00:00,28690.47181,28009.25844283286,0.05613691105180888,-41.42416191382979,-2.374354007415469,STOP
SOLUSDT,SHORT,2023-04-04 13:00:00+00:00,2023-04-07 07:00:00+00:00,21.01896,20.33534646,16.267967167334405,10.448252124146075,3.2523661494193834,TP1_HALF
BTCUSDT,LONG,2023-04-05 16:00:00+00:00,2023-04-10 16:00:00+00:00,28059.121089999997,28701.627874624282,0.02723680582793535,15.953851037745089,2.2898321817117484,TP1_HALF
SOLUSDT,SHORT,2023-04-04 13:00:00+00:00,2023-04-10 17:00:00+00:00,21.01896,20.5744825,16.267967167334405,6.55410461965249,2.114650296684528,STOP
XRPUSDT,LONG,2023-04-06 02:00:00+00:00,2023-04-10 23:00:00+00:00,0.5009003999999999,0.5186490888857143,625.4960414051164,10.464010468830688,3.5433569000372866,TP1_HALF
SOLUSDT,SHORT,2023-04-10 21:00:00+00:00,2023-04-11 00:00:00+00:00,20.53944,21.003994439999996,51.70606963785366,-26.168331939364204,-2.2617677989273277,STOP
BTCUSDT,LONG,2023-04-05 16:00:00+00:00,2023-04-12 02:00:00+00:00,28059.121089999997,29848.884094285713,0.02723680582793535,47.170198332664825,6.37854264410147,STOP
XRPUSDT,LONG,2023-04-06 02:00:00+00:00,2023-04-12 02:00:00+00:00,0.5009003999999999,0.5095221107142857,625.4960414051164,4.760830641327409,1.7212425293103628,STOP
ETHUSDT,LONG,2023-04-12 13:00:00+00:00,2023-04-12 14:00:00+00:00,1884.04216,1916.8612371257143,0.5302780041760807,15.38769924963075,1.7419502505036544,TP1_HALF
ETHUSDT,LONG,2023-04-12 13:00:00+00:00,2023-04-12 15:00:00+00:00,1884.04216,1896.3638807142856,0.5302780041760807,4.529271298141309,0.654004510933337,STOP
XRPUSDT,LONG,2023-04-12 04:00:00+00:00,2023-04-14 01:00:00+00:00,0.5084078999999999,0.5189455778142856,1041.2229561165732,9.902368019248172,2.072681760902162,TP1_HALF
BTCUSDT,LONG,2023-04-13 13:00:00+00:00,2023-04-14 01:00:00+00:00,30302.412139999997,30787.52415464571,0.03578109960110769,15.17197621854827,1.6009023057453442,TP1_HALF
XRPUSDT,LONG,2023-04-12 04:00:00+00:00,2023-04-14 07:00:00+00:00,0.5084078999999999,0.5349074142857142,1041.2229561165732,26.50557874452253,5.212254625806234,STOP
BTCUSDT,LONG,2023-04-13 13:00:00+00:00,2023-04-14 14:00:00+00:00,30302.412139999997,30453.585573214285,0.03578109960110769,3.235235265340642,0.4988825065009861,STOP
BTCUSDT,LONG,2023-04-14 17:00:00+00:00,2023-04-17 11:00:00+00:00,30177.637489999997,29599.73348429571,0.06774045108446682,-43.196824104371025,-1.915007448465067,STOP
XRPUSDT,LONG,2023-04-16 01:00:00+00:00,2023-04-17 15:00:00+00:00,0.5222217,0.5076670961571429,1652.5718368753203,-25.754493627225703,-2.787054586750626,STOP
BTCUSDT,LONG,2023-04-17 17:00:00+00:00,2023-04-18 01:00:00+00:00,29493.894429999997,29102.67547985571,0.10181131001642836,-45.79630736243338,-1.326440464051959,STOP
BTCUSDT,LONG,2023-04-18 10:00:00+00:00,2023-04-18 11:00:00+00:00,29927.57768,30327.07952874857,0.04266673111875347,14.474568704221914,1.3348953698165467,TP1_HALF
XRPUSDT,LONG,2023-04-18 10:00:00+00:00,2023-04-18 12:00:00+00:00,0.5169163999999999,0.5251871157428571,1303.134733427689,9.41985566763279,1.6000103194360182,TP1_HALF
XRPUSDT,LONG,2023-04-18 10:00:00+00:00,2023-04-18 14:00:00+00:00,0.5169163999999999,0.5170859678571428,1303.134733427689,-1.1264746356853799,0.03280372941212306,STOP
BTCUSDT,LONG,2023-04-18 10:00:00+00:00,2023-04-18 17:00:00+00:00,29927.57768,30025.08557357143,0.04266673111875347,1.602358914074932,0.32581284931920695,STOP
ETHUSDT,LONG,2023-04-19 13:00:00+00:00,2023-04-19 23:00:00+00:00,1979.8078299999997,1928.7029107414282,0.7479287563674359,-41.14612628289311,-2.5813070584012943,STOP
ETHUSDT,LONG,2023-04-28 16:00:00+00:00,2023-05-01 19:00:00+00:00,1888.6867999999997,1808.245672842857,0.4656464319918577,-39.178587261420965,-4.259103582295531,STOP
BTCUSDT,LONG,2023-05-04 19:00:00+00:00,2023-05-05 02:00:00+00:00,28828.029229999996,29441.082605412852,0.028370588147918804,15.73955585290206,2.126587879184183,TP1_HALF
BTCUSDT,LONG,2023-05-04 19:00:00+00:00,2023-05-05 12:00:00+00:00,28828.029229999996,28859.587595357145,0.028370588147918804,-0.7413022320179523,0.10947111613273108,STOP
BTCUSDT,LONG,2023-05-05 14:00:00+00:00,2023-05-06 00:00:00+00:00,29204.745569999995,29769.21120264428,0.030724995133714895,15.531229281289564,1.9327873659824801,TP1_HALF
BTCUSDT,LONG,2023-05-05 14:00:00+00:00,2023-05-06 08:00:00+00:00,29204.745569999995,29196.509621785714,0.030724995133714895,-2.0474277503757987,-0.028200718936388647,STOP
BTCUSDT,LONG,2023-05-06 09:00:00+00:00,2023-05-06 14:00:00+00:00,29359.450119999994,28807.61723773714,0.06992684792488606,-42.655373711307206,-1.8795749920634153,STOP
SOLUSDT,SHORT,2023-05-11 13:00:00+00:00,2023-05-13 00:00:00+00:00,20.34963,21.03278463,34.35896596789269,-24.89434365891962,-3.3570862467769524,STOP
SOLUSDT,SHORT,2023-05-14 00:00:00+00:00,2023-05-15 06:00:00+00:00,20.81916,21.429854159999998,38.50137121143062,-25.13920752830387,-2.933327569412003,STOP
SOLUSDT,SHORT,2023-05-15 17:00:00+00:00,2023-05-16 01:00:00+00:00,21.32865,20.858773649999996,23.053598270073653,9.859768692632096,2.2030290243405193,TP1_HALF
SOLUSDT,SHORT,2023-05-15 17:00:00+00:00,2023-05-17 01:00:00+00:00,21.32865,20.941634999999998,23.053598270073653,7.947606165341074,1.8145311587934643,STOP
SOLUSDT,SHORT,2023-05-18 00:00:00+00:00,2023-05-18 14:00:00+00:00,21.03894,20.52051144,21.03245184564891,10.02972656246573,2.4641382122863598,TP1_HALF
SOLUSDT,SHORT,2023-05-18 00:00:00+00:00,2023-05-22 09:00:00+00:00,21.03894,19.838747499999997,21.03245184564891,24.38323296785382,5.704624377463896,STOP
SOLUSDT,SHORT,2023-05-22 15:00:00+00:00,2023-05-23 03:00:00+00:00,19.71027,20.092485269999997,62.837110835187985,-26.51839342833791,-1.9391681088082313,STOP
SOLUSDT,SHORT,2023-05-23 18:00:00+00:00,2023-05-24 03:00:00+00:00,19.97001,19.462310009999992,21.521409767236417,10.077780406603956,2.5423121470645516,TP1_HALF
SOLUSDT,SHORT,2023-05-23 18:00:00+00:00,2023-05-24 15:00:00+00:00,19.97001,19.20633,21.521409767236417,15.592340144722472,3.8241342893668873,STOP
SOLUSDT,SHORT,2023-05-25 13:00:00+00:00,2023-05-27 21:00:00+00:00,19.420560000000002,19.93976556,45.572884461188345,-25.45545856658721,-2.673483977804958,STOP
XRPUSDT,LONG,2023-05-29 03:00:00+00:00,2023-05-29 19:00:00+00:00,0.48328279999999996,0.49174770291428566,1266.6009622562906,9.486679603419875,1.751542350417945,TP1_HALF
XRPUSDT,LONG,2023-05-29 03:00:00+00:00,2023-05-29 20:00:00+00:00,0.48328279999999996,0.4850573142857143,1266.6009622562906,1.0211009812776726,0.3671792759258885,STOP
XRPUSDT,LONG,2023-05-29 21:00:00+00:00,2023-05-30 03:00:00+00:00,0.4891887,0.4975941791571429,1275.6971265717618,9.464009524735058,1.7182488387697648,TP1_HALF
XRPUSDT,LONG,2023-05-29 21:00:00+00:00,2023-05-30 14:00:00+00:00,0.4891887,0.4965993321428571,1275.6971265717618,8.196155170709721,1.5148821186705907,STOP
XRPUSDT,LONG,2023-05-30 16:00:00+00:00,2023-05-30 17:00:00+00:00,0.5052047,0.5169764917285714,926.037196799423,9.954539208223526,2.3301033677183725,TP1_HALF
XRPUSDT,LONG,2023-05-30 16:00:00+00:00,2023-05-30 21:00:00+00:00,0.5052047,0.5129972035714285,926.037196799423,6.2732553267760895,1.5424447894939464,STOP
ETHUSDT,LONG,2023-05-30 01:00:00+00:00,2023-05-31 05:00:00+00:00,1895.7538599999998,1863.2608768542855,1.186711606723441,-43.020666654157786,-1.7139874448529047,STOP
ETHUSDT,LONG,2023-06-01 20:00:00+00:00,2023-06-02 18:00:00+00:00,1871.1392699999997,1901.8423096585711,0.5567844535331363,14.994237671083141,1.6408741001182392,TP1_HALF
XRPUSDT,LONG,2023-06-02 01:00:00+00:00,2023-06-03 07:00:00+00:00,0.5143137999999999,0.5318992254857142,626.2796154041207,10.358171618678993,3.4192015624924466,TP1_HALF
XRPUSDT,LONG,2023-06-02 01:00:00+00:00,2023-06-03 18:00:00+00:00,0.5143137999999999,0.5153662607142857,626.2796154041207,0.014267058957406542,0.20463396360077546,STOP
SOLUSDT,SHORT,2023-06-02 13:00:00+00:00,2023-06-04 06:00:00+00:00,21.11886,21.661213859999997,43.58184484149687,-25.501216316980994,-2.568101971413217,STOP
XRPUSDT,LONG,2023-06-03 19:00:00+00:00,2023-06-04 14:00:00+00:00,0.52052,0.5302106871428571,1113.2057392268182,9.618049113170946,1.8617319493693163,TP1_HALF
XRPUSDT,LONG,2023-06-03 19:00:00+00:00,2023-06-04 21:00:00+00:00,0.52052,0.5362417928571429,1113.2057392268182,16.325196746702506,3.020401301994724,STOP
ETHUSDT,LONG,2023-06-01 20:00:00+00:00,2023-06-05 00:00:00+00:00,1871.1392699999997,1880.1411910714287,0.5567844535331363,2.9234750629368476,0.48109305468369,STOP
ETHUSDT,LONG,2023-06-05 02:00:00+00:00,2023-06-05 04:00:00+00:00,1886.1342499999998,1864.167145392857,1.8120840764162243,-46.60210190392589,-1.1646628338965126,STOP
ETHUSDT,LONG,2023-06-05 17:00:00+00:00,2023-06-06 14:00:00+00:00,1815.0532399999997,1838.4975449742856,0.7166093516081923,14.18223952743967,1.2916593550878819,TP1_HALF
XRPUSDT,LONG,2023-06-05 18:00:00+00:00,2023-06-06 18:00:00+00:00,0.5019013999999999,0.5170267128857142,723.9410996832927,10.212191704997167,3.013602449746955,TP1_HALF
ETHUSDT,LONG,2023-06-05 17:00:00+00:00,2023-06-07 03:00:00+00:00,1815.0532399999997,1871.1323517857143,0.7166093516081923,37.5452608686872,3.0896675948587804,STOP
XRPUSDT,LONG,2023-06-05 18:00:00+00:00,2023-06-07 09:00:00+00:00,0.5019013999999999,0.5222343857142857,723.9410996832927,13.978470050909706,4.051191272685384,STOP
SOLUSDT,SHORT,2023-06-07 10:00:00+00:00,2023-06-07 17:00:00+00:00,19.69029,18.78870279,12.407580028583792,10.709084278361388,4.578841703194836,TP1_HALF
SOLUSDT,SHORT,2023-06-07 10:00:00+00:00,2023-06-09 10:00:00+00:00,19.69029,19.169507499999998,12.407580028583792,5.979494498860163,2.6448696286342277,STOP
XRPUSDT,LONG,2023-06-09 12:00:00+00:00,2023-06-10 04:00:00+00:00,0.5295289999999999,0.5149884959999999,1631.4104282852327,-25.425566593624023,-2.74593157315276,STOP
XRPUSDT,LONG,2023-06-12 09:00:00+00:00,2023-06-13 11:00:00+00:00,0.5164158999999999,0.5377989912428571,520.4261042082596,10.579677922602071,4.140672516639632,TP1_HALF
XRPUSDT,LONG,2023-06-12 09:00:00+00:00,2023-06-13 12:00:00+00:00,0.5164158999999999,0.5433346928571429,520.4261042082596,13.457720624158988,5.212618909902456,STOP
SOLUSDT,SHORT,2023-06-12 10:00:00+00:00,2023-06-14 20:00:00+00:00,15.47451,14.08286451,8.11579122873553,11.054422780458651,8.993147375910448,TP1_HALF
XRPUSDT,LONG,2023-06-14 18:00:00+00:00,2023-06-14 20:00:00+00:00,0.5061056,0.4820088229714286,968.7805556931849,-24.30175507992892,-4.761215254004592,STOP
SOLUSDT,SHORT,2023-06-12 10:00:00+00:00,2023-06-16 18:00:00+00:00,15.47451,15.481179999999997,8.11579122873553,-0.30536224487709107,-0.043103141876521534,STOP
SOLUSDT,SHORT,2023-06-18 08:00:00+00:00,2023-06-19 23:00:00+00:00,15.57441,16.109074409999998,44.050207631283136,-24.94774234030042,-3.432967348361826,STOP
SOLUSDT,SHORT,2023-06-20 02:00:00+00:00,2023-06-20 17:00:00+00:00,16.04394,16.452518939999997,58.093139603133615,-25.623454726129165,-2.546624706898659,STOP
SOLUSDT,SHORT,2023-06-21 13:00:00+00:00,2023-06-21 16:00:00+00:00,16.5834,17.1083484,44.730592898141865,-24.988305054637934,-3.165505264300439,STOP
SOLUSDT,SHORT,2023-06-21 17:00:00+00:00,2023-06-22 00:00:00+00:00,16.94304,17.513393039999997,40.976734474015174,-24.783117184128997,-3.36629695733468,STOP
XRPUSDT,LONG,2023-06-22 01:00:00+00:00,2023-06-22 02:00:00+00:00,0.5028022999999999,0.5161606226999998,814.1377496201632,10.045938600844519,2.656774382296967,TP1_HALF
XRPUSDT,LONG,2023-06-22 01:00:00+00:00,2023-06-22 04:00:00+00:00,0.5028022999999999,0.512811675,814.1377496201632,7.322160361515111,1.9907178228898426,STOP
XRPUSDT,LONG,2023-06-22 05:00:00+00:00,2023-06-22 11:00:00+00:00,0.5160154999999998,0.4998187523571427,1442.0951043964253,-24.822180085111103,-3.138810295980876,STOP
BTCUSDT,LONG,2023-06-23 15:00:00+00:00,2023-06-23 16:00:00+00:00,30312.32204,31031.74244903143,0.024063096329889226,15.835354471145124,2.373359612906212,TP1_HALF
BTCUSDT,LONG,2023-06-23 15:00:00+00:00,2023-06-23 19:00:00+00:00,30312.32204,30650.77532892857,0.024063096329889226,6.677273210099048,1.1165534876607097,STOP
BTCUSDT,LONG,2023-06-23 20:00:00+00:00,2023-06-26 01:00:00+00:00,30911.750869999996,29965.60241484428,0.0395217348143064,-39.7994069523503,-3.0608051259689573,STOP
SOLUSDT,SHORT,2023-06-23 19:00:00+00:00,2023-06-26 16:00:00+00:00,16.992990000000002,16.32680049,16.578731808319176,10.492177349362512,3.920378403094471,TP1_HALF
BTCUSDT,LONG,2023-06-26 07:00:00+00:00,2023-06-26 16:00:00+00:00,30514.45397,29963.37667138714,0.06918031945523398,-42.307579206295564,-1.8059549718787204,STOP
SOLUSDT,SHORT,2023-06-23 19:00:00+00:00,2023-06-27 07:00:00+00:00,16.992990000000002,16.5890725,16.578731808319176,6.139691897429084,2.376965442809076,STOP
BTCUSDT,LONG,2023-06-27 11:00:00+00:00,2023-06-28 07:00:00+00:00,30687.226569999995,30155.20653521571,0.0716292713413859,-42.46630658058064,-1.7336856218358565,STOP
SOLUSDT,SHORT,2023-06-27 16:00:00+00:00,2023-06-28 19:00:00+00:00,16.37361,15.76578861,18.014200215639498,10.370450653437508,3.7122014632081757,TP1_HALF
SOLUSDT,SHORT,2023-06-27 16:00:00+00:00,2023-06-29 06:00:00+00:00,16.37361,16.239794999999994,18.014200215639498,1.8230657944721615,0.8172602132334061,STOP
ETHUSDT,LONG,2023-06-30 03:00:00+00:00,2023-06-30 04:00:00+00:00,1863.4415799999997,1897.443665562857,0.4989350015684555,15.088393327741253,1.8246928654912509,TP1_HALF
ETHUSDT,LONG,2023-06-30 03:00:00+00:00,2023-06-30 13:00:00+00:00,1863.4415799999997,1875.621072857143,0.4989350015684555,4.211226057213932,0.6536020762799133,STOP
ETHUSDT,LONG,2023-06-30 13:00:00+00:00,2023-06-30 14:00:00+00:00,1908.56666,1871.3041969114286,1.0144922790639455,-41.6371309024564,-1.952379441049834,STOP
BTCUSDT,LONG,2023-06-30 17:00:00+00:00,2023-07-03 15:00:00+00:00,30430.930529999994,31113.08665625571,0.02504948177669558,15.546011716532036,2.2416538514430817,TP1_HALF
BTCUSDT,LONG,2023-06-30 17:00:00+00:00,2023-07-04 19:00:00+00:00,30430.930529999994,30636.032943214283,0.02504948177669558,3.6080133734871884,0.673993235310677,STOP
ETHUSDT,LONG,2023-07-06 06:00:00+00:00,2023-07-06 08:00:00+00:00,1923.7017799999999,1947.4720014342856,0.6962037710709377,13.853792016635484,1.2356500202586274,TP1_HALF
ETHUSDT,LONG,2023-07-06 06:00:00+00:00,2023-07-06 11:00:00+00:00,1923.7017799999999,1930.3480767857143,0.6962037710709377,1.9439728416814042,0.34549517263089413,STOP
BTCUSDT,LONG,2023-07-06 15:00:00+00:00,2023-07-07 00:00:00+00:00,30244.564349999997,29760.936836721427,0.07904915794441572,-42.973732024265686,-1.5990559747592115,STOP
BTCUSDT,LONG,2023-07-07 13:00:00+00:00,2023-07-10 19:00:00+00:00,30234.183979999998,30797.875989591426,0.03002714621114021,15.09344380177927,1.8644194596563635,TP1_HALF
BTCUSDT,LONG,2023-07-07 13:00:00+00:00,2023-07-10 21:00:00+00:00,30234.183979999998,30420.80802642857,0.03002714621114021,3.782491215212806,0.6172617278244585,STOP
ETHUSDT,LONG,2023-07-12 02:00:00+00:00,2023-07-13 15:00:00+00:00,1883.79191,1907.6716145185712,0.6936800220695144,13.934811456092232,1.2676402521853536,TP1_HALF
ETHUSDT,LONG,2023-07-12 02:00:00+00:00,2023-07-13 19:00:00+00:00,1883.79191,1984.8538735714287,0.6936800220695144,67.42106282809024,5.364815669657941,STOP
XRPUSDT,LONG,2023-07-16 15:00:00+00:00,2023-07-17 17:00:00+00:00,0.7694687,0.7133403598714285,407.21051889687095,-23.459865955270885,-7.294427977196671,STOP
ETHUSDT,LONG,2023-07-16 03:00:00+00:00,2023-07-17 18:00:00+00:00,1930.9289999999999,1883.817225642857,0.7983105081555487,-40.65517652503767,-2.439850163167201,STOP
XRPUSDT,LONG,2023-07-17 18:00:00+00:00,2023-07-18 12:00:00+00:00,0.7270262999999999,0.765281680842857,287.08575331629345,10.554154466813133,5.261897794186687,TP1_HALF
XRPUSDT,LONG,2023-07-17 18:00:00+00:00,2023-07-19 08:00:00+00:00,0.7270262999999999,0.7781995928571428,287.08575331629345,14.258994420206083,7.038712747687792,STOP
XRPUSDT,LONG,2023-07-20 22:00:00+00:00,2023-07-22 18:00:00+00:00,0.8017008999999998,0.7547561026714285,486.41205332780896,-23.591594708234098,-5.855649822592368,STOP
XRPUSDT,LONG,2023-07-23 09:00:00+00:00,2023-07-24 08:00:00+00:00,0.7431423999999999,0.7155761075999998,834.5641087247645,-24.22323235882783,-3.709422635554116,STOP
BTCUSDT,LONG,2023-07-24 08:00:00+00:00,2023-07-24 09:00:00+00:00,29857.827999999998,29557.262935928567,0.13195149756090774,-47.499920545428694,-1.0066541480225233,STOP
XRPUSDT,LONG,2023-07-26 19:00:00+00:00,2023-07-30 20:00:00+00:00,0.7149141999999998,0.6882431250857142,855.5390738638918,-24.0186026495116,-3.7306679478860127,STOP
XRPUSDT,LONG,2023-07-30 21:00:00+00:00,2023-07-31 13:00:00+00:00,0.7068060999999999,0.6939186296142856,1818.170398507664,-25.97837340679214,-1.8233388740864331,STOP
XRPUSDT,LONG,2023-07-31 20:00:00+00:00,2023-07-31 21:00:00+00:00,0.7159151999999999,0.6976240205142855,1256.4045633618314,-24.7570985022669,-2.554936602228075,STOP
XRPUSDT,LONG,2023-08-01 16:00:00+00:00,2023-08-03 06:00:00+00:00,0.6946939999999999,0.6692740559999999,890.5799293172869,-23.85321450567293,-3.659156981347189,STOP
SOLUSDT,LONG,2023-08-11 14:00:00+00:00,2023-08-12 22:00:00+00:00,24.654629999999997,25.142676441428566,21.41622011139479,9.385639938512968,1.979532612854329,TP1_HALF
SOLUSDT,LONG,2023-08-11 14:00:00+00:00,2023-08-13 01:00:00+00:00,24.654629999999997,24.70205892857143,21.41622011139479,-0.04128534013053353,0.19237331313197714,STOP
BTCUSDT,LONG,2023-08-10 13:00:00+00:00,2023-08-14 02:00:00+00:00,29590.530969999996,29162.930276172854,0.08828010957903704,-42.935398104092215,-1.4450592125591077,STOP
SOLUSDT,LONG,2023-08-14 01:00:00+00:00,2023-08-14 15:00:00+00:00,24.344319999999996,24.754540679999995,25.293771380269813,9.134132738307141,1.685077586886785,TP1_HALF
SOLUSDT,LONG,2023-08-14 01:00:00+00:00,2023-08-14 17:00:00+00:00,24.344319999999996,24.840135000000004,25.293771380269813,11.296970896675496,2.0366763171039803,STOP
SOLUSDT,LONG,2023-08-15 08:00:00+00:00,2023-08-15 19:00:00+00:00,24.914889999999996,24.325896895714283,38.872926642032446,-24.810019232354534,-2.3640204884938787,STOP
SOLUSDT,SHORT,2023-08-25 14:00:00+00:00,2023-08-29 14:00:00+00:00,20.61936,21.32637936,31.918972336680582,-23.906196287611074,-3.4289103056544867,STOP
ETHUSDT,SHORT,2023-09-01 17:00:00+00:00,2023-09-06 17:00:00+00:00,1624.16421,1653.8321042099997,1.2465878030169526,-41.06994528701168,-1.8266560750036298,STOP
SOLUSDT,SHORT,2023-08-31 20:00:00+00:00,2023-09-10 04:00:00+00:00,19.81017,18.981632669999996,12.8775987173227,10.170025989756189,4.182383745318708,TP1_HALF
ETHUSDT,SHORT,2023-09-10 05:00:00+00:00,2023-09-10 16:00:00+00:00,1623.65472,1609.9180297199998,1.1339344426259397,11.909846722532986,0.8460351890579365,TP1_HALF
ETHUSDT,SHORT,2023-09-10 05:00:00+00:00,2023-09-10 19:00:00+00:00,1623.65472,1616.960345,1.1339344426259397,3.916337346858068,0.4123028694179576,STOP
SOLUSDT,SHORT,2023-08-31 20:00:00+00:00,2023-09-12 03:00:00+00:00,19.81017,18.195677499999995,12.8775987173227,20.301362494110414,8.149816483149841,STOP
SOLUSDT,SHORT,2023-09-12 11:00:00+00:00,2023-09-14 00:00:00+00:00,18.401580000000003,19.27369158,25.60874242180789,-23.298497140859748,-4.7393298836295505,STOP
ETHUSDT,SHORT,2023-09-12 15:00:00+00:00,2023-09-14 00:00:00+00:00,1596.0223799999999,1634.9885923799998,0.9360376061420768,-39.49818793260421,-2.441457768280153,STOP
SOLUSDT,SHORT,2023-09-14 09:00:00+00:00,2023-09-18 10:00:00+00:00,18.71127,19.59656127,25.047071001552375,-23.133452266479647,-4.731326467952202,STOP
ETHUSDT,SHORT,2023-09-14 19:00:00+00:00,2023-09-18 12:00:00+00:00,1628.2101599999999,1664.0468301599994,1.0152010719465467,-39.72372878696034,-2.2009855386235566,STOP
ETHUSDT,SHORT,2023-09-18 18:00:00+00:00,2023-09-19 09:00:00+00:00,1636.9614,1657.6266563999995,1.811869382343643,-43.41210857626656,-1.262415619574142,STOP
ETHUSDT,SHORT,2023-09-19 13:00:00+00:00,2023-09-20 09:00:00+00:00,1642.50585,1621.5068083499998,0.7575224932386599,13.434683379414784,1.278475912277588,TP1_HALF
SOLUSDT,SHORT,2023-09-18 16:00:00+00:00,2023-09-20 18:00:00+00:00,19.930049999999998,20.456200049999996,42.56645468954008,-24.115441746057932,-2.6399835926151693,STOP
ETHUSDT,SHORT,2023-09-19 13:00:00+00:00,2023-09-20 21:00:00+00:00,1642.50585,1628.7560574999998,0.7575224932386599,7.937722619908355,0.8371228936566832,STOP
ETHUSDT,SHORT,2023-09-21 09:00:00+00:00,2023-09-21 10:00:00+00:00,1615.45293,1593.1848804299998,0.7179009843893995,13.682770464078295,1.3784400124861707,TP1_HALF
ETHUSDT,SHORT,2023-09-21 09:00:00+00:00,2023-09-21 17:00:00+00:00,1615.45293,1593.2212724999997,0.7179009843893995,13.656618435298506,1.3761872653262786,STOP
ETHUSDT,SHORT,2023-09-22 09:00:00+00:00,2023-09-25 00:00:00+00:00,1594.7936100000002,1570.9025861100001,0.6749135440522258,13.987804365527074,1.498063682986539,TP1_HALF
SOLUSDT,SHORT,2023-09-24 14:00:00+00:00,2023-09-25 00:00:00+00:00,19.51047,19.218955469999997,34.56459169679501,8.737413925111241,1.4941440672623707,TP1_HALF
SOLUSDT,SHORT,2023-09-24 14:00:00+00:00,2023-09-25 01:00:00+00:00,19.51047,19.400095,34.56459169679501,2.470139016617189,0.5657218918867724,STOP
ETHUSDT,SHORT,2023-09-22 09:00:00+00:00,2023-09-25 15:00:00+00:00,1594.7936100000002,1590.0588274999996,0.6749135440522258,1.0460687915153812,0.2968899844037254,STOP
BTCUSDT,SHORT,2023-09-25 21:00:00+00:00,2023-09-27 11:00:00+00:00,26261.27244,26541.260399939998,0.13599877030706836,-45.25909778795479,-1.0661629613709422,STOP
BTCUSDT,SHORT,2023-09-28 17:00:00+00:00,2023-10-01 22:00:00+00:00,27032.93001,27463.54361751,0.08505189167918634,-41.259530073388824,-1.5929224370081485,STOP
ETHUSDT,SHORT,2023-10-06 13:00:00+00:00,2023-10-06 15:00:00+00:00,1614.20418,1638.80527668,1.4860685022183353,-41.39310978716652,-1.524038717332532,STOP
ETHUSDT,SHORT,2023-10-08 00:00:00+00:00,2023-10-09 09:00:00+00:00,1631.93643,1613.9362539299998,0.8657845378723554,12.7740477387373,1.1029949291591068,TP1_HALF
ETHUSDT,SHORT,2023-10-08 00:00:00+00:00,2023-10-09 17:00:00+00:00,1631.93643,1567.1781124999998,0.8657845378723554,53.297006084349846,3.968188730243627,STOP
BTCUSDT,LONG,2023-10-09 18:00:00+00:00,2023-10-10 13:00:00+00:00,27617.349759999994,27315.331371668566,0.12460032297480605,-44.47621854130421,-1.093582081394573,STOP
BTCUSDT,LONG,2023-10-10 15:00:00+00:00,2023-10-11 02:00:00+00:00,27468.120679999996,27107.98662967714,0.10224290506048002,-42.401171274439854,-1.3110982528377946,STOP
BTCUSDT,LONG,2023-10-11 05:00:00+00:00,2023-10-11 15:00:00+00:00,27150.723599999994,26758.236435685707,0.09263597114689641,-41.35233849537045,-1.4455863869288765,STOP
ETHUSDT,SHORT,2023-10-15 22:00:00+00:00,2023-10-16 05:00:00+00:00,1558.77966,1576.46240466,2.0928770041296176,-43.569485688316625,-1.134396676692595,STOP
XRPUSDT,SHORT,2023-10-16 05:00:00+00:00,2023-10-16 06:00:00+00:00,0.4858137,0.49073966369999994,4725.491163473529,-27.892292226765715,-1.013961463005253,STOP
ETHUSDT,SHORT,2023-10-16 09:00:00+00:00,2023-10-16 13:00:00+00:00,1579.16925,1596.6128392499998,2.109080735704117,-43.48791887394142,-1.1046054278222472,STOP
ETHUSDT,SHORT,2023-10-16 14:00:00+00:00,2023-10-16 19:00:00+00:00,1577.76066,1595.7476706599998,2.0284423101572506,-42.922892025540534,-1.1400341709622674,STOP
XRPUSDT,SHORT,2023-10-18 20:00:00+00:00,2023-10-19 06:00:00+00:00,0.4887108,0.48016906079999994,1145.8922907453928,8.677681135688603,1.7478106070093147,TP1_HALF
XRPUSDT,SHORT,2023-10-18 20:00:00+00:00,2023-10-19 14:00:00+00:00,0.4887108,0.48640734999999996,1145.8922907453928,1.5221252264666114,0.4713319206369193,STOP
XRPUSDT,SHORT,2023-10-19 17:00:00+00:00,2023-10-19 20:00:00+00:00,0.4854141,0.4936322390999999,2679.698436106909,-24.645683437741265,-1.6930161484802086,STOP
ETHUSDT,SHORT,2023-10-18 10:00:00+00:00,2023-10-20 08:00:00+00:00,1568.0303999999999,1601.6071928999995,1.0345090260292835,-38.01451401926238,-2.1413355825244063,STOP
ETHUSDT,SHORT,2023-10-20 11:00:00+00:00,2023-10-21 17:00:00+00:00,1614.1842,1637.9476541999998,1.4855253609863324,-40.132338225422544,-1.4721649610992316,STOP
BTCUSDT,LONG,2023-10-21 18:00:00+00:00,2023-10-23 03:00:00+00:00,30176.82668,30736.28070367714,0.027709873563460313,13.81450575670358,1.853919332240217,TP1_HALF
BTCUSDT,LONG,2023-10-21 18:00:00+00:00,2023-10-23 09:00:00+00:00,30176.82668,30364.504029642856,0.027709873563460313,3.5229230100010813,0.6219253986942341,STOP
BTCUSDT,LONG,2023-10-23 09:00:00+00:00,2023-10-23 16:00:00+00:00,30717.466779999995,31222.864447148568,0.030540522844798784,13.543418898401855,1.645310372656228,TP1_HALF
BTCUSDT,LONG,2023-10-23 09:00:00+00:00,2023-10-23 18:00:00+00:00,30717.466779999995,30749.78764607143,0.030540522844798784,-0.8901459393881951,0.10521982917053307,STOP
SOLUSDT,LONG,2023-10-23 17:00:00+00:00,2023-10-23 22:00:00+00:00,29.599569999999996,31.330707929999996,5.821529418122705,9.723162980899152,5.848523914367676,TP1_HALF
BTCUSDT,LONG,2023-10-24 01:00:00+00:00,2023-10-24 02:00:00+00:00,33552.52901,34496.19114527571,0.016800755467782896,14.710966871748754,2.812491824370267,TP1_HALF
BTCUSDT,LONG,2023-10-24 01:00:00+00:00,2023-10-24 03:00:00+00:00,33552.52901,34267.50533571428,0.016800755467782896,10.872714600720599,2.130916347620748,STOP
SOLUSDT,LONG,2023-10-23 17:00:00+00:00,2023-10-24 05:00:00+00:00,29.599569999999996,31.016452500000003,5.821529418122705,7.895545197579947,4.786834741180379,STOP
SOLUSDT,LONG,2023-10-24 22:00:00+00:00,2023-10-25 10:00:00+00:00,30.450419999999998,32.37658243714285,5.2657440793993455,9.8118475332366,6.325569358789962,TP1_HALF
SOLUSDT,LONG,2023-10-24 22:00:00+00:00,2023-10-25 21:00:00+00:00,30.450419999999998,31.90948714285714,5.2657440793993455,7.354702857116732,4.791615822892248,STOP
XRPUSDT,LONG,2023-10-27 13:00:00+00:00,2023-10-27 17:00:00+00:00,0.553553,0.5365908719999999,1258.4224160814176,-22.71738358492095,-3.0642283575375906,STOP
SOLUSDT,LONG,2023-10-27 12:00:00+00:00,2023-10-30 09:00:00+00:00,32.612579999999994,34.48841420571427,5.409875389379748,9.785021286893969,5.751873067737279,TP1_HALF
XRPUSDT,LONG,2023-10-30 03:00:00+00:00,2023-10-30 11:00:00+00:00,0.5547542,0.5637256243714286,1080.820697200185,8.487625000424739,1.6171890850810389,TP1_HALF
XRPUSDT,LONG,2023-10-30 03:00:00+00:00,2023-10-30 15:00:00+00:00,0.5547542,0.5741895214285715,1080.820697200185,19.78591191664416,3.5034113177640602,STOP
XRPUSDT,LONG,2023-10-30 18:00:00+00:00,2023-10-31 07:00:00+00:00,0.5792786999999999,0.5675462998714285,1854.8379762609616,-23.88887587305034,-2.0253463710251163,STOP
XRPUSDT,LONG,2023-10-31 09:00:00+00:00,2023-10-31 10:00:00+00:00,0.5738732999999999,0.5867538159857142,766.5740255476854,8.984162389839332,2.2444877616216496,TP1_HALF
XRPUSDT,LONG,2023-10-31 09:00:00+00:00,2023-10-31 12:00:00+00:00,0.5738732999999999,0.6072243107142857,766.5740255476854,24.66061978932406,5.811563408558262,STOP
SOLUSDT,LONG,2023-10-27 12:00:00+00:00,2023-11-01 19:00:00+00:00,32.612579999999994,44.94465321428571,5.409875389379748,66.29540441475913,37.813853470917415,STOP
XRPUSDT,LONG,2023-11-03 13:00:00+00:00,2023-11-05 09:00:00+00:00,0.6075069,0.6309289109571429,434.40678777256,9.636695620565758,3.8554312645902256,TP1_HALF
XRPUSDT,LONG,2023-11-03 13:00:00+00:00,2023-11-05 13:00:00+00:00,0.6075069,0.6299158821428571,434.40678777256,9.197069094023963,3.6886794442757997,STOP
XRPUSDT,LONG,2023-11-06 10:00:00+00:00,2023-11-06 12:00:00+00:00,0.6925918999999999,0.7126214223857142,504.8762970554917,9.402972195110376,2.8919660171760952,TP1_HALF
XRPUSDT,LONG,2023-11-06 10:00:00+00:00,2023-11-06 16:00:00+00:00,0.6925918999999999,0.7109454857142857,504.8762970554917,8.557677635040815,2.6499856140803635,STOP
SOLUSDT,LONG,2023-11-02 18:00:00+00:00,2023-11-07 18:00:00+00:00,40.250209999999996,43.75177157571428,2.9472446012372266,10.072384063231386,8.699486476503559,TP1_HALF
BTCUSDT,LONG,2023-10-25 13:00:00+00:00,2023-11-08 23:00:00+00:00,34371.34701,35956.872359061425,0.010188575740959627,15.437700718355293,4.6129275893671995,TP1_HALF
BTCUSDT,LONG,2023-10-25 13:00:00+00:00,2023-11-09 16:00:00+00:00,34371.34701,36314.37106392857,0.010188575740959627,19.07646094755735,5.653034352605579,STOP
SOLUSDT,LONG,2023-11-02 18:00:00+00:00,2023-11-09 16:00:00+00:00,40.250209999999996,45.28930821428572,2.9472446012372266,14.59934912390826,12.519433350250164,STOP
XRPUSDT,LONG,2023-11-07 15:00:00+00:00,2023-11-09 16:00:00+00:00,0.6820814,0.6436585257428571,555.6074420001612,-22.08462584920446,-5.6331801830606825,STOP
SOLUSDT,LONG,2023-11-09 17:00:00+00:00,2023-11-10 03:00:00+00:00,45.345299999999995,47.7949572,4.220782503775486,9.946345482020757,5.402229558520966,TP1_HALF
SOLUSDT,LONG,2023-11-09 17:00:00+00:00,2023-11-10 14:00:00+00:00,45.345299999999995,49.383067499999996,4.220782503775486,16.642710582158074,8.904489550184923,STOP
SOLUSDT,LONG,2023-11-10 23:00:00+00:00,2023-11-11 14:00:00+00:00,56.67661999999999,60.671245165714275,2.6075732052071023,10.11028439806817,7.048100549599257,TP1_HALF
SOLUSDT,LONG,2023-11-10 23:00:00+00:00,2023-11-11 15:00:00+00:00,56.67661999999999,59.83474821428572,2.6075732052071023,7.93123858832242,5.572188698418712,STOP
XRPUSDT,LONG,2023-11-13 06:00:00+00:00,2023-11-13 20:00:00+00:00,0.6554548,0.6767844809142858,481.5342271272144,9.62945260144712,3.2541802904312744,TP1_HALF
SOLUSDT,LONG,2023-11-13 01:00:00+00:00,2023-11-13 21:00:00+00:00,57.587529999999994,51.639767112857136,3.5946621934192238,-21.77283362125536,-10.328213221061677,STOP
XRPUSDT,LONG,2023-11-13 06:00:00+00:00,2023-11-13 21:00:00+00:00,0.6554548,0.7000920642857142,481.5342271272144,20.841628347266074,6.810120894028726,STOP
BTCUSDT,LONG,2023-11-10 13:00:00+00:00,2023-11-14 00:00:00+00:00,37222.50532,36202.28715146571,0.034322131964070496,-37.53615802921627,-2.74086378593682,STOP
XRPUSDT,LONG,2023-11-14 00:00:00+00:00,2023-11-14 18:00:00+00:00,0.6708702,0.6411284298,725.8518995611887,-22.540437093644375,-4.433312166794712,STOP
ETHUSDT,LONG,2023-11-14 14:00:00+00:00,2023-11-14 18:00:00+00:00,2045.1430999999998,1993.517943685714,0.6809572364010057,-37.904679235614566,-2.5242808835374775,STOP
SOLUSDT,LONG,2023-11-14 01:00:00+00:00,2023-11-15 05:00:00+00:00,52.85279999999999,58.51458398571427,1.8462387705639545,10.24739432289311,10.71236336715231,TP1_HALF
ETHUSDT,LONG,2023-11-14 22:00:00+00:00,2023-11-15 19:00:00+00:00,1983.5715899999998,2044.4522341242855,0.2666089898156185,15.157419666596963,3.0692436023590064,TP1_HALF
SOLUSDT,LONG,2023-11-14 01:00:00+00:00,2023-11-16 13:00:00+00:00,52.85279999999999,62.41716321428572,1.8462387705639545,17.44528230680231,18.096228041439133,STOP
ETHUSDT,LONG,2023-11-14 22:00:00+00:00,2023-11-16 13:00:00+00:00,1983.5715899999998,2025.4453842857145,0.2666089898156185,10.095090028593424,2.111030148688231,STOP
XRPUSDT,LONG,2023-11-16 07:00:00+00:00,2023-11-16 13:00:00+00:00,0.6526519999999999,0.6186256122857142,629.646468461271,-22.225050317803532,-5.213557564258697,STOP
XRPUSDT,LONG,2023-11-16 20:00:00+00:00,2023-11-17 14:00:00+00:00,0.6170163999999999,0.5920808693142856,864.6469764376542,-22.60587351140284,-4.041307603122757,STOP
SOLUSDT,LONG,2023-11-18 15:00:00+00:00,2023-11-19 23:00:00+00:00,56.97691999999999,61.97416950857142,2.0745481010663074,10.12026472170162,8.770655747224376,TP1_HALF
BTCUSDT,LONG,2023-11-17 18:00:00+00:00,2023-11-20 16:00:00+00:00,36536.489989999995,37516.95226893857,0.016495966225482668,14.95208955634633,2.6835152451889277,TP1_HALF
SOLUSDT,LONG,2023-11-18 15:00:00+00:00,2023-11-20 18:00:00+00:00,56.97691999999999,56.983673571428575,2.0745481010663074,-0.22240612420741496,0.011853170421605164,STOP
XRPUSDT,LONG,2023-11-20 00:00:00+00:00,2023-11-20 21:00:00+00:00,0.6264257999999999,0.6097012027714285,1304.2317963754965,-23.424947628449228,-2.6698448928143548,STOP
BTCUSDT,LONG,2023-11-17 18:00:00+00:00,2023-11-21 14:00:00+00:00,36536.489989999995,36695.25123107142,0.016495966225482668,1.4108917408139106,0.4345278955774967,STOP
SOLUSDT,LONG,2023-11-21 17:00:00+00:00,2023-11-21 18:00:00+00:00,55.57552,52.45444162285714,6.843103822773975,-22.097123617158985,-5.615922940789142,STOP
SOLUSDT,LONG,2023-11-21 20:00:00+00:00,2023-11-21 22:00:00+00:00,54.86481,51.58174804714285,6.481130435450255,-21.967846771239458,-5.983912006360992,STOP
SOLUSDT,LONG,2023-11-22 01:00:00+00:00,2023-11-22 19:00:00+00:00,53.23318,56.76136182,2.913304107021082,9.958219036089007,6.627787068140578,TP1_HALF
BTCUSDT,LONG,2023-11-23 12:00:00+00:00,2023-11-24 15:00:00+00:00,37407.369999999995,38253.50391857143,0.018916940705932733,14.574992901217616,2.261944420501716,TP1_HALF
SOLUSDT,LONG,2023-11-22 01:00:00+00:00,2023-11-25 00:00:00+00:00,53.23318,55.988955000000004,2.913304107021082,7.710213331052931,5.1767995073749296,STOP
SOLUSDT,LONG,2023-11-25 01:00:00+00:00,2023-11-25 02:00:00+00:00,56.756699999999995,59.12430222857142,4.320323563608078,9.728164272845522,4.171493812310145,TP1_HALF
SOLUSDT,LONG,2023-11-25 01:00:00+00:00,2023-11-25 11:00:00+00:00,56.756699999999995,57.33582107142857,4.320323563608078,2.0090738038584806,1.020357193826582,STOP
BTCUSDT,LONG,2023-11-23 12:00:00+00:00,2023-11-26 12:00:00+00:00,37407.369999999995,37492.04471142857,0.018916940705932733,0.1849187083811652,0.22635836582090008,STOP
XRPUSDT,LONG,2023-11-24 08:00:00+00:00,2023-11-26 16:00:00+00:00,0.6245238999999999,0.6094923689571428,1450.15356081743,-23.58754135287187,-2.406878430570414,STOP
BTCUSDT,LONG,2023-11-26 13:00:00+00:00,2023-11-26 16:00:00+00:00,37665.14751999999,37182.238419265705,0.07538449138861619,-42.04618906658723,-1.2821112687209424,STOP
SOLUSDT,LONG,2023-11-26 13:00:00+00:00,2023-11-26 16:00:00+00:00,58.138079999999995,56.130821562857136,10.762704068630656,-22.83337091999918,-3.4525709090201473,STOP
SOLUSDT,LONG,2023-11-26 20:00:00+00:00,2023-11-27 10:00:00+00:00,57.2572,55.23583744285715,10.568098568129566,-22.550796253736483,-3.5303203040715436,STOP
BTCUSDT,LONG,2023-11-27 17:00:00+00:00,2023-11-28 15:00:00+00:00,37114.8778,37494.44546541428,0.03974351935005437,12.120117772153979,1.0226833224661114,TP1_HALF
SOLUSDT,LONG,2023-11-27 17:00:00+00:00,2023-11-28 16:00:00+00:00,54.86481,56.73658804714286,5.372178429979346,9.455983027225344,3.411618571435615,TP1_HALF
BTCUSDT,LONG,2023-11-27 17:00:00+00:00,2023-11-28 21:00:00+00:00,37114.8778,37921.94045678572,0.03974351935005437,29.093283078314396,2.1744990274108256,STOP
SOLUSDT,LONG,2023-11-27 17:00:00+00:00,2023-11-29 14:00:00+00:00,54.86481,59.79157714285714,5.372178429979346,25.851517604519906,8.979830865826655,STOP
ETHUSDT,LONG,2023-12-01 02:00:00+00:00,2023-12-02 18:00:00+00:00,2090.6085199999998,2123.528223265714,0.4773827660411727,13.70354274726542,1.574646948521674,TP1_HALF
SOLUSDT,LONG,2023-12-01 02:00:00+00:00,2023-12-02 19:00:00+00:00,60.300239999999995,62.840907617142854,4.016129859681243,9.709100240832003,4.213362363305451,TP1_HALF
ETHUSDT,LONG,2023-12-01 02:00:00+00:00,2023-12-03 12:00:00+00:00,2090.6085199999998,2149.4030882142856,0.4773827660411727,26.04340513275617,2.8123184064267504,STOP
SOLUSDT,LONG,2023-12-01 02:00:00+00:00,2023-12-03 12:00:00+00:00,60.300239999999995,62.86350214285714,4.016129859681243,9.799752047669111,4.250832406068605,STOP
BTCUSDT,LONG,2023-12-03 14:00:00+00:00,2023-12-03 22:00:00+00:00,39711.03135999999,40187.389813997135,0.0326152059878457,12.930625636474927,1.1995620302044596,TP1_HALF
BTCUSDT,LONG,2023-12-03 14:00:00+00:00,2023-12-04 11:00:00+00:00,39711.03135999999,41543.82851464285,0.0326152059878457,57.126912740289356,4.615335064022008,STOP
SOLUSDT,LONG,2023-12-04 04:00:00+00:00,2023-12-04 11:00:00+00:00,64.29423,62.18555362714286,10.307238801882635,-23.038288264381656,-3.2797287919260287,STOP
XRPUSDT,LONG,2023-12-04 08:00:00+00:00,2023-12-04 11:00:00+00:00,0.6337330999999999,0.6232520811857142,2139.87240343432,-25.11783082131119,-1.6538537776053963,STOP
ETHUSDT,LONG,2023-12-04 11:00:00+00:00,2023-12-04 14:00:00+00:00,2262.4401799999996,2218.2614837485708,0.8051993754380747,-39.180516810493614,-1.9527011870620559,STOP
SOLUSDT,LONG,2023-12-04 12:00:00+00:00,2023-12-05 02:00:00+00:00,62.17210999999999,59.6695236042857,8.643753492744104,-22.684908944877954,-4.025255690556895,STOP
ETHUSDT,LONG,2023-12-05 15:00:00+00:00,2023-12-05 17:00:00+00:00,2218.63642,2267.615106437143,0.32720196192273915,14.55801199350276,2.2076031023209763,TP1_HALF
SOLUSDT,LONG,2023-12-05 08:00:00+00:00,2023-12-05 18:00:00+00:00,59.749689999999994,62.32194852428571,3.977918931142881,9.74664479770841,4.30505752295236,TP1_HALF
ETHUSDT,LONG,2023-12-05 15:00:00+00:00,2023-12-05 20:00:00+00:00,2218.63642,2256.212957142857,0.32720196192273915,10.830937179895592,1.693677107439573,STOP
XRPUSDT,LONG,2023-12-04 12:00:00+00:00,2023-12-06 08:00:00+00:00,0.6205198999999999,0.6361045872428571,650.8506592951292,9.325429090913593,2.5115531738558516,TP1_HALF
SOLUSDT,LONG,2023-12-05 08:00:00+00:00,2023-12-06 10:00:00+00:00,59.749689999999994,63.98131178571428,3.977918931142881,16.340856516456846,7.082248938386604,STOP
XRPUSDT,LONG,2023-12-04 12:00:00+00:00,2023-12-06 11:00:00+00:00,0.6205198999999999,0.6246532928571428,650.8506592951292,1.8797996726895225,0.6661176953620451,STOP
XRPUSDT,LONG,2023-12-07 00:00:00+00:00,2023-12-07 09:00:00+00:00,0.64064,0.6223812814285714,1197.4278587452438,-23.375875150988428,-2.850074702083627,STOP
SOLUSDT,LONG,2023-12-07 12:00:00+00:00,2023-12-07 21:00:00+00:00,64.24418,67.43168082,3.2348780194636486,9.885220991779773,4.961540204887038,TP1_HALF
XRPUSDT,LONG,2023-12-08 09:00:00+00:00,2023-12-08 16:00:00+00:00,0.6435428999999999,0.6643600178142857,490.7277895737795,9.573713902465292,3.2347676921438806,TP1_HALF
XRPUSDT,LONG,2023-12-08 09:00:00+00:00,2023-12-09 08:00:00+00:00,0.6435428999999999,0.6778393392857142,490.7277895737795,16.181776855463152,5.329316706891518,STOP
SOLUSDT,LONG,2023-12-07 12:00:00+00:00,2023-12-09 16:00:00+00:00,64.24418,74.45047500000001,3.2348780194636486,32.56745906478518,15.88672312418029,STOP
BTCUSDT,LONG,2023-12-05 22:00:00+00:00,2023-12-11 02:00:00+00:00,43934.99109999999,42753.80485568571,0.02958372717244002,-37.508469280093124,-2.6884863630125655,STOP
SOLUSDT,LONG,2023-12-10 08:00:00+00:00,2023-12-11 02:00:00+00:00,72.54247,68.25807217285714,5.035392946589141,-22.2826126561101,-5.90605451832954,STOP
BTCUSDT,LONG,2023-12-11 06:00:00+00:00,2023-12-11 18:00:00+00:00,42095.46341,41200.55233016142,0.03950963021707565,-38.648600622035396,-2.125908607116045,STOP
SOLUSDT,LONG,2023-12-11 03:00:00+00:00,2023-12-12 17:00:00+00:00,70.32024999999999,66.42661403571427,5.508051153502359,-22.199554786591985,-5.5370052926229985,STOP
XRPUSDT,LONG,2023-12-11 09:00:00+00:00,2023-12-13 07:00:00+00:00,0.6229222999999999,0.5930251098428571,719.3696058614422,-22.381845508675354,-4.79950551732421,STOP
ETHUSDT,LONG,2023-12-11 19:00:00+00:00,2023-12-13 20:00:00+00:00,2193.58139,2253.439623252857,0.27025792906618457,14.975319466922286,2.728790165969497,TP1_HALF
SOLUSDT,LONG,2023-12-12 19:00:00+00:00,2023-12-14 11:00:00+00:00,68.29822999999999,72.91702569857142,2.2302785671413163,9.986251694390466,6.762687259349809,TP1_HALF
ETHUSDT,LONG,2023-12-11 19:00:00+00:00,2023-12-14 13:00:00+00:00,2193.58139,2255.837975357143,0.27025792906618457,15.622844966125271,2.838125161024596,STOP
SOLUSDT,LONG,2023-12-12 19:00:00+00:00,2023-12-14 13:00:00+00:00,68.29822999999999,69.10903607142858,2.2302785671413163,1.5018669227266375,1.187155320758082,STOP
SOLUSDT,LONG,2023-12-14 14:00:00+00:00,2023-12-14 23:00:00+00:00,72.32225,76.14281667857142,2.6916080164907616,9.88385813593945,5.282698863173407,TP1_HALF
SOLUSDT,LONG,2023-12-14 14:00:00+00:00,2023-12-15 13:00:00+00:00,72.32225,75.52761107142857,2.6916080164907616,8.229621684307652,4.432053858153706,STOP
XRPUSDT,LONG,2023-12-15 02:00:00+00:00,2023-12-15 13:00:00+00:00,0.6413407,0.6214222271571429,1088.3852885954661,-23.053345406355543,-3.1057553095970802,STOP
BTCUSDT,LONG,2023-12-14 14:00:00+00:00,2023-12-17 14:00:00+00:00,42612.69012,41527.575261308564,0.03216302120291045,-37.606777347163344,-2.5464594129957163,STOP
XRPUSDT,LONG,2023-12-15 17:00:00+00:00,2023-12-18 01:00:00+00:00,0.6217210999999999,0.6030745646142857,1161.9495462541297,-23.089484097394852,-2.999180080218322,STOP
ETHUSDT,LONG,2023-12-17 16:00:00+00:00,2023-12-18 01:00:00+00:00,2223.93171,2180.607134361428,0.8116661876309702,-38.74010839136453,-1.9481072842192582,STOP
SOLUSDT,LONG,2023-12-17 00:00:00+00:00,2023-12-18 02:00:00+00:00,73.79372,69.39996485142856,4.8481740235182125,-21.99591748023196,-5.95410442592057,STOP
BTCUSDT,LONG,2023-12-18 12:00:00+00:00,2023-12-18 20:00:00+00:00,41146.225119999996,41800.34329166571,0.023749983733903288,13.565316286551148,1.5897404190980513,TP1_HALF
SOLUSDT,LONG,2023-12-18 04:00:00+00:00,2023-12-18 21:00:00+00:00,70.00993999999999,73.72364255999999,2.727565538215248,9.737324355362876,5.304536127298509,TP1_HALF
BTCUSDT,LONG,2023-12-18 12:00:00+00:00,2023-12-19 14:00:00+00:00,41146.225119999996,42758.23860321428,0.023749983733903288,36.29256435654387,3.917767616623302,STOP
SOLUSDT,LONG,2023-12-18 04:00:00+00:00,2023-12-19 17:00:00+00:00,70.00993999999999,72.5099175,2.727565538215248,6.4301202234852015,3.5708893622820037,STOP
BTCUSDT,LONG,2023-12-20 05:00:00+00:00,2023-12-20 14:00:00+00:00,42855.78296999999,43796.80482452999,0.01691718164924383,14.453520080895098,2.19578733443917,TP1_HALF
BTCUSDT,LONG,2023-12-20 05:00:00+00:00,2023-12-20 20:00:00+00:00,42855.78296999999,43254.8393625,0.01691718164924383,5.294160440286272,0.9311611288944643,STOP
SOLUSDT,LONG,2023-12-20 16:00:00+00:00,2023-12-21 04:00:00+00:00,80.76068,84.74834682,2.561388098862814,9.790029483427011,4.937634031808558,TP1_HALF
SOLUSDT,LONG,2023-12-20 16:00:00+00:00,2023-12-21 18:00:00+00:00,80.76068,91.18622249999999,2.561388098862814,26.263437733988624,12.909181175789985,STOP
SOLUSDT,LONG,2023-12-24 01:00:00+00:00,2023-12-24 03:00:00+00:00,109.47936999999999,116.95444134428571,1.3807613692790783,10.00863868539194,6.8278355495521525,TP1_HALF
SOLUSDT,LONG,2023-12-24 01:00:00+00:00,2023-12-24 05:00:00+00:00,109.47936999999999,110.39734928571427,1.3807613692790783,0.9639130555191472,0.8384952212588281,STOP
BTCUSDT,LONG,2023-12-21 13:00:00+00:00,2023-12-24 22:00:00+00:00,44090.396349999995,43165.05951079285,0.037908698966546195,-38.38605648957448,-2.0987265160004487,STOP
SOLUSDT,LONG,2023-12-24 06:00:00+00:00,2023-12-25 15:00:00+00:00,113.37325999999999,121.1141674542857,1.3350880857285297,10.021731944296675,6.827807063399005,TP1_HALF
SOLUSDT,LONG,2023-12-24 06:00:00+00:00,2023-12-25 20:00:00+00:00,113.37325999999999,118.37935928571429,1.3350880857285297,6.374173351486526,4.415590841891914,STOP
BTCUSDT,LONG,2023-12-25 13:00:00+00:00,2023-12-26 05:00:00+00:00,43691.66801999999,43129.49428162284,0.06442327007915985,-41.810373766425904,-1.2866840838390736,STOP
XRPUSDT,LONG,2023-12-26 10:00:00+00:00,2023-12-26 17:00:00+00:00,0.6214208,0.6018219470571429,1096.7222140201945,-22.836054885583124,-3.1538778461965067,STOP
ETHUSDT,LONG,2023-12-26 11:00:00+00:00,2023-12-26 17:00:00+00:00,2241.6494099999995,2197.694872375714,0.7983324976861003,-38.63440861527096,-1.9608123120504084,STOP
BTCUSDT,LONG,2023-12-27 21:00:00+00:00,2023-12-28 13:00:00+00:00,43488.76531999999,42631.6638389657,0.04062758315255986,-38.32082658769282,-1.9708572426178295,STOP
SOLUSDT,LONG,2023-12-26 19:00:00+00:00,2023-12-28 14:00:00+00:00,107.67756999999997,98.05334707285712,2.1708979612052715,-21.339826759149805,-8.938001597865608,STOP
BTCUSDT,LONG,2023-12-29 15:00:00+00:00,2023-12-29 16:00:00+00:00,43064.89187,42198.506123130006,0.03985896153558313,-37.93174666046981,-2.011814518158672,STOP
XRPUSDT,LONG,2023-12-29 12:00:00+00:00,2023-12-29 22:00:00+00:00,0.6320313999999999,0.6118011293142857,1046.5453622028097,-22.473623127152564,-3.200833168370154,STOP
BTCUSDT,LONG,2023-12-29 23:00:00+00:00,2023-12-31 07:00:00+00:00,41802.781019999995,42642.43875326571,0.018478045190495042,13.954850952740879,2.008616921596662,TP1_HALF
